Unique ID;球员类型;名字;俱乐部;年龄;最佳位置;第二位置;其他可用位置;定价位置（只读）;原全部位置（参考）;评分_射门;评分_传球;评分_控球;评分_防守;评分_速度;评分_身体;评分_意识;评分_意志;修改说明
85140178;现役;Ousmane Dembélé;Paris Saint-Germain;27;中锋、左边锋、右边锋;;;中锋;前腰 (右左), 前锋 (中);72.5;76.2;87.7;45.0;84.8;59.5;64.8;69.5;多最佳位置复核：中锋、左边锋、右边锋
91193048;现役;Florian Wirtz;Liverpool;21;前腰、左边锋;中前卫、右边锋;;前腰;中场 (中), 前腰 (右左中);72.2;87.2;86.8;50.8;74.2;61.3;73.8;75.2;多最佳位置复核：前腰、左边锋
85139014;现役;Kylian Mbappé;Real Madrid;26;左边锋、中锋;右边锋;;左边锋;前腰 (右左), 前锋 (中);85.5;79.2;87.2;34.5;93.3;65.2;74.0;68.0;多最佳位置复核：左边锋、中锋
67228634;现役;Achraf Hakimi;Paris Saint-Germain;26;右后卫、右翼卫、右边前卫;;;右翼卫;后卫/翼卫/中场 (右);68.3;70.8;73.0;64.8;88.5;72.0;65.2;73.8;多最佳位置复核：右后卫、右翼卫、右边前卫
59130638;现役;Khvicha Kvaratskhelia;Paris Saint-Germain;23;前腰;;左边锋;前腰;前腰 (左中);74.0;80.2;89.2;44.5;75.0;59.0;62.7;63.8;
83174762;现役;Vitinha;Paris Saint-Germain;24;中前卫;;后腰;中前卫;后腰, 中场 (中);70.2;82.2;84.0;74.5;70.0;69.2;79.2;77.5;
29232937;现役;Jude Bellingham;Real Madrid;21;中前卫、前腰;左边前卫;;中前卫;中场 (左中), 前腰 (中);80.0;79.8;83.8;68.2;73.2;73.5;73.3;85.2;多最佳位置复核：中前卫、前腰
29221846;现役;Michael Olise;Bayern Munich;23;右边锋、右边前卫;中前卫;前腰;右边锋;中场/前腰 (右中);81.0;88.8;88.0;50.0;73.2;66.5;76.5;62.0;多最佳位置复核：右边锋、右边前卫
29179241;现役;Erling Haaland;Manchester City;24;中锋;;;中锋;前锋 (中);84.8;67.2;71.8;45.8;87.5;83.2;74.0;77.5;
28106491;现役;Declan Rice;Arsenal;26;中前卫;;后腰;中前卫;后腰, 中场 (中);67.5;75.8;71.0;80.8;67.0;77.8;81.2;84.5;
53095137;现役;Martin Ødegaard;Arsenal;26;前腰;;中前卫;前腰;中场/前腰 (中);76.2;90.8;87.2;55.2;67.5;62.2;80.2;74.0;
49039004;现役;William Saliba;Arsenal;23;中后卫;;;中后卫;后卫 (中);55.8;67.8;69.5;83.2;73.2;80.8;79.5;75.2;
2000256231;现役;Lamine Yamal;Barcelona;17;右边锋;;右边前卫;右边锋;中场/前腰 (右);70.2;88.2;93.8;39.5;77.2;61.5;72.8;66.5;
83261910;现役;Nuno Mendes;Paris Saint-Germain;22;左翼卫;;左后卫;左翼卫;后卫/翼卫 (左);57.8;69.0;72.0;65.0;87.0;67.2;66.0;64.2;
14183207;现役;Julián Álvarez;Atlético Madrid;24;中锋、前腰;左边锋、右边锋;;中锋;前腰 (右左中), 前锋 (中);79.2;74.2;76.0;49.5;75.0;64.8;71.3;73.2;多最佳位置复核：中锋、前腰
2000049413;现役;Gavi;Barcelona;20;后腰;;中前卫、前腰;后腰;后腰, 中场/前腰 (中);62.0;73.5;72.0;67.8;64.2;68.8;69.2;87.2;
37071197;现役;Ryan Gravenberch;Liverpool;22;前腰;;后腰、中前卫;前腰;后腰, 中场/前腰 (中);58.2;73.0;77.8;66.8;74.2;68.5;73.8;68.5;
28124573;现役;Levi Colwill;Chelsea;21;中后卫;左后卫;;中后卫;后卫 (左中);38.2;70.5;62.0;72.5;73.0;73.0;69.8;64.2;
28120042;现役;Cole Palmer;Chelsea;22;前腰、右边锋;左边锋;;前腰;前腰 (右左中);81.5;82.2;87.0;43.0;76.5;63.8;75.2;51.2;
67288555;现役;Xavi Simons;Tottenham Hotspur;21;前腰、左边锋、右边锋;;中前卫;前腰;中场 (中), 前腰 (右左中);64.8;75.5;80.5;48.0;73.2;61.2;63.5;67.7;多最佳位置复核：前腰、左边锋、右边锋
28126241;现役;Oscar Bobb;Fulham;21;左边锋;右边前卫;中前卫、前腰、右边锋;左边锋;中场 (右中), 前腰 (右左中);59.3;64.8;71.0;45.5;71.8;54.0;65.5;62.0;
2000053516;现役;Adam Wharton;Crystal Palace;20;中前卫;;后腰;中前卫;后腰, 中场 (中);51.2;77.5;70.0;61.5;62.8;62.5;71.2;66.2;
2000031901;现役;Kevin;Fulham;22;左边锋;右边锋;;左边锋;前腰 (右左);66.5;66.2;79.5;39.2;78.0;57.7;58.2;57.0;
28127254;现役;Elliot Anderson;Nottingham Forest;22;前腰;左边锋;后腰、中前卫;前腰;后腰, 中场 (中), 前腰 (左中);61.2;65.8;70.0;61.8;66.0;66.2;65.5;79.8;
67287665;现役;Álex Baena;Atlético Madrid;23;前腰;中前卫、右边锋;左边锋;前腰;中场 (中), 前腰 (右左中);63.5;84.2;75.2;48.2;65.5;58.5;66.8;61.3;
2000211997;现役;Álex Jiménez;Bournemouth;19;右边锋;右边前卫;左后卫、左翼卫、右后卫、右翼卫;右边锋;后卫/翼卫 (右左), 中场/前腰 (右);54.2;58.5;65.0;55.5;75.8;59.5;54.5;68.2;
43295814;现役;Dejan Kulusevski;Tottenham Hotspur;24;前腰、右边锋;中前卫;右边前卫;前腰;中场/前腰 (右中);67.8;74.5;79.8;37.0;70.2;75.5;64.2;68.2;多最佳位置复核：前腰、右边锋
28121372;现役;Ian Maatsen;Aston Villa;22;左翼卫;;左后卫;左翼卫;后卫/翼卫 (左);63.5;69.0;70.0;63.2;78.5;60.0;66.0;66.0;
71110357;现役;Yehor Yarmoliuk;Brentford;20;后腰;前腰;中前卫;后腰;后腰, 中场/前腰 (中);51.2;64.8;64.5;66.3;66.5;67.8;67.8;74.0;
67217524;现役;Rodri;Manchester City;28;后腰、中前卫;中后卫;;后腰;后卫 (中), 后腰;72.2;77.0;66.0;79.5;68.8;78.3;85.5;73.8;多最佳位置复核：后腰、中前卫
43424738;现役;Riccardo Calafiori;Arsenal;22;中后卫;;左后卫;中后卫;后卫 (左中);58.5;71.2;68.8;73.8;70.0;71.2;74.5;70.2;
92039023;现役;Joshua Kimmich;Bayern Munich;29;后腰;右翼卫;右后卫、中前卫;后腰;后卫/翼卫 (右), 后腰, 中场 (中);67.0;86.0;69.8;66.8;65.2;73.5;79.0;88.2;
2000166563;现役;Carlos Baleba;Brighton;21;后腰;;中前卫;后腰;后腰, 中场 (中);56.0;69.0;69.2;69.0;72.2;71.5;68.8;61.5;
86075795;现役;Willian Pacho;Paris Saint-Germain;23;中后卫;左后卫;;中后卫;后卫 (左中);43.5;65.8;59.8;78.8;71.7;80.5;73.5;75.5;
43298481;现役;Sandro Tonali;Newcastle;24;后腰;;中前卫;后腰;后腰, 中场 (中);59.2;75.5;72.5;73.8;67.0;70.0;75.0;83.0;
2000035036;现役;Alejandro Garnacho;Chelsea;20;左边锋;右边锋;;左边锋;前腰 (右左);64.2;56.8;74.5;32.5;83.0;61.5;49.0;60.2;
19302146;现役;Vinícius Júnior;Real Madrid;24;左边锋;中锋;;左边锋;前腰 (左), 前锋 (中);72.5;70.0;84.2;37.5;90.2;69.5;60.8;70.2;
49056243;现役;Eduardo Camavinga;Real Madrid;22;后腰、中前卫;左后卫;;左后卫;后卫 (左), 后腰, 中场 (中);59.3;71.0;70.5;73.5;82.2;78.0;67.5;76.8;多最佳位置复核：后腰、中前卫
28108494;现役;Phil Foden;Manchester City;24;前腰、左边锋、右边锋;;中前卫;前腰;中场 (中), 前腰 (右左中);71.5;82.5;84.0;50.8;79.5;58.8;72.5;65.8;多最佳位置复核：前腰、左边锋、右边锋
78074594;现役;Federico Valverde;Real Madrid;26;中前卫、右边前卫;后腰、右边锋;;中前卫;后腰, 中场 (右中), 前腰 (右);70.5;69.5;67.8;70.5;84.5;77.0;67.8;83.8;多最佳位置复核：中前卫、右边前卫
2000198043;现役;Tyler Dibling;Everton;18;右边锋;前腰;;右边锋;前腰 (右中);57.7;70.0;77.8;41.8;71.2;62.3;60.0;50.7;
2000011147;现役;Miloš Kerkez;Liverpool;21;左后卫;左边前卫;左翼卫;左后卫;后卫/翼卫/中场 (左);53.5;65.8;68.0;70.3;77.2;69.5;66.8;76.3;
49062667;现役;Hugo Ekitiké;Liverpool;22;左边锋;;中锋;左边锋;前腰 (左), 前锋 (中);69.8;74.0;78.5;41.5;78.5;66.7;64.2;64.0;
18106083;现役;Jérémy Doku;Manchester City;22;左边锋、右边锋;;中锋;左边锋;前腰 (右左), 前锋 (中);57.8;69.5;78.5;41.0;83.8;64.0;65.2;62.8;多最佳位置复核：左边锋、右边锋
93070286;现役;Alexander Isak;Liverpool;25;左边锋;;中锋;左边锋;前腰 (左), 前锋 (中);79.0;71.0;83.0;38.0;81.7;67.8;67.0;65.2;
2000047221;现役;Omari Hutchinson;Nottingham Forest;21;左边锋;中前卫、右边锋;前腰;左边锋;中场 (中), 前腰 (右左中);63.8;66.5;79.5;50.0;70.8;54.0;60.8;63.2;
28108035;现役;Reece James;Chelsea;25;右后卫、右翼卫;中后卫、后腰;;中后卫;后卫 (右中), 翼卫 (右), 后腰;61.5;65.5;66.0;72.8;71.2;79.8;72.5;81.5;多最佳位置复核：右后卫、右翼卫
12091814;现役;Dango Ouattara;Brentford;22;左边锋;中锋;右边锋;左边锋;前腰 (右左), 前锋 (中);62.5;64.2;68.5;48.2;74.0;58.2;59.5;59.7;
28115996;现役;Morgan Rogers;Aston Villa;22;左边锋;右边锋、中锋;前腰;左边锋;前腰 (右左中), 前锋 (中);67.8;67.2;79.2;48.2;76.2;67.0;59.2;62.7;
2000124287;现役;Jack Hinshelwood;Brighton;19;后腰;右后卫、右翼卫;中前卫;后腰;后卫/翼卫 (右), 后腰, 中场 (中);54.8;65.0;55.5;65.2;66.8;63.2;66.8;68.2;
28108033;现役;Marc Guéhi;Manchester City;24;中后卫;;;中后卫;后卫 (中);48.8;70.0;71.5;75.5;72.8;73.2;72.0;75.2;
2000164850;现役;Ben Gannon Doak;Bournemouth;19;左边锋;;右边锋;左边锋;前腰 (右左);54.0;65.8;75.5;37.0;72.0;53.0;55.5;68.5;
2000045005;现役;Noah Sadiki;Sunderland;20;后腰;;中前卫;后腰;后腰, 中场 (中);53.5;62.7;65.5;71.5;68.2;66.5;62.0;72.5;
95079228;现役;Alex Scott;Bournemouth;21;前腰;右边锋;后腰、中前卫;前腰;后腰, 中场 (中), 前腰 (右中);59.5;74.5;78.3;59.5;69.8;58.2;71.5;70.8;
83320124;现役;Mateus Fernandes;West Ham;20;前腰;;中前卫;前腰;中场/前腰 (中);57.0;73.0;73.0;62.3;61.5;62.2;69.5;72.0;
2000169739;现役;Lucas Bergvall;Tottenham Hotspur;18;前腰;后腰;中前卫;前腰;后腰, 中场/前腰 (中);55.2;70.5;75.2;49.8;71.2;66.8;60.0;70.2;
2000283274;现役;Myles Lewis-Skelly;Arsenal;18;左后卫;后腰、中前卫;;左后卫;后卫 (左), 后腰, 中场 (中);53.3;68.5;75.5;57.3;75.0;72.3;61.0;66.5;
49048380;现役;Georginio Rutter;Brighton;22;前腰;右边锋、中锋;;前腰;前腰 (右中), 前锋 (中);61.2;69.0;70.8;42.0;68.2;66.0;63.5;63.0;
2000123586;现役;Kobbie Mainoo;Manchester United;19;前腰;后腰;中前卫;前腰;后腰, 中场/前腰 (中);64.0;69.5;74.5;57.5;67.5;67.8;67.8;64.0;
43426047;现役;Destiny Udogie;Tottenham Hotspur;22;左翼卫;;左后卫;左翼卫;后卫/翼卫 (左);58.2;64.5;64.2;62.8;79.0;70.2;64.2;65.5;
24060473;现役;Joško Gvardiol;Manchester City;22;中后卫、左后卫;左翼卫;;中后卫;后卫 (左中), 翼卫 (左);58.7;74.2;67.8;71.2;72.2;75.8;72.5;79.0;多最佳位置复核：中后卫、左后卫
2000182819;现役;Leny Yoro;Manchester United;19;中后卫;;;中后卫;后卫 (中);44.0;62.3;64.0;66.5;75.8;66.8;66.3;66.2;
37076141;现役;Youri Baas;Ajax;21;中后卫;左翼卫;左后卫;中后卫;后卫 (左中), 翼卫 (左);44.8;65.2;54.8;68.8;63.8;65.2;65.0;69.2;
62127037;现役;Sergej Milinković-Savić;Al-Hilal;29;前腰;后腰;中前卫;前腰;后腰, 中场/前腰 (中);75.8;75.8;70.3;56.0;61.0;78.2;71.5;72.5;
2000023588;现役;Michael Kayode;Brentford;20;右后卫;;右翼卫;右后卫;后卫/翼卫 (右);48.3;63.2;65.5;64.2;76.8;70.0;62.2;67.5;
28124579;现役;Jamal Musiala;Bayern Munich;21;前腰、左边锋;中前卫、右边锋;;前腰;中场 (中), 前腰 (右左中);72.2;75.8;89.0;53.8;75.5;61.5;69.2;68.2;多最佳位置复核：前腰、左边锋
28126249;现役;James McAtee;Nottingham Forest;22;右边锋;右边前卫;中前卫、前腰;右边锋;中场/前腰 (右中);62.3;70.5;77.5;43.2;72.2;58.8;61.0;60.0;
2000276594;现役;Josh King;Fulham;18;前腰;后腰;中前卫;前腰;后腰, 中场/前腰 (中);60.5;68.2;68.2;58.0;66.8;56.2;66.8;68.5;
76049803;现役;Luis Díaz;Bayern Munich;28;左边锋;左边前卫、右边锋;;左边锋;中场 (左), 前腰 (右左);74.2;75.8;84.2;51.0;77.2;67.5;67.8;79.5;
85140175;现役;Yoane Wissa;Newcastle;28;中锋;左边前卫;左边锋;中锋;中场/前腰 (左), 前锋 (中);72.5;64.5;67.5;45.5;73.5;63.8;64.5;68.8;
16202373;现役;Dominik Szoboszlai;Liverpool;24;前腰、中前卫;后腰、右边前卫;;前腰;后腰, 中场 (右中), 前腰 (中);66.8;77.2;74.0;54.5;76.5;68.2;70.2;71.8;多最佳位置复核：前腰、中前卫
28121568;现役;Anthony Elanga;Newcastle;22;左边锋;左边前卫;右边前卫、右边锋;左边锋;中场/前腰 (右左);58.8;52.2;66.8;33.0;86.5;62.8;49.0;58.8;
91207274;现役;Amadou Onana;Aston Villa;23;后腰;;中前卫;后腰;后腰, 中场 (中);59.2;68.2;69.8;67.0;76.8;74.5;66.7;66.8;
37084591;现役;Micky van de Ven;Tottenham Hotspur;23;中后卫;左后卫、左翼卫;;中后卫;后卫 (左中), 翼卫 (左);44.8;63.8;63.8;73.5;85.5;73.5;69.0;75.0;
19306929;现役;Rodrygo;Real Madrid;24;左边锋;中锋;右边锋;左边锋;前腰 (右左), 前锋 (中);77.8;72.5;78.8;42.2;77.8;64.5;66.8;66.5;
14130029;现役;Cristian Romero;Tottenham Hotspur;26;中后卫;;;中后卫;后卫 (中);44.0;63.3;58.5;80.8;70.0;72.5;72.8;78.8;
19242094;现役;Gabriel;Arsenal;27;中后卫;;;中后卫;后卫 (中);45.8;64.0;57.3;80.5;71.0;83.2;69.2;81.3;
93142470;现役;Yasin Ayari;Brighton;21;中前卫;;后腰;中前卫;后腰, 中场 (中);66.2;67.5;66.0;63.2;69.0;59.5;67.0;76.7;
2000015300;现役;Jamie Gittens;Chelsea;20;左边锋;左边前卫、右边前卫、右边锋;;左边锋;中场/前腰 (右左);58.7;58.0;75.5;39.5;81.5;50.8;52.0;50.0;
2000195626;现役;Yankuba Minteh;Brighton;20;左边锋;左边前卫、右边前卫;右边锋;左边锋;中场/前腰 (右左);63.2;60.0;67.5;47.5;83.0;64.0;56.8;64.5;
61089387;现役;Aaron Hickey;Brentford;22;左后卫;右翼卫;左翼卫、右后卫;左后卫;后卫/翼卫 (右左);55.3;62.2;65.5;62.2;69.5;60.5;62.7;68.2;
19163495;现役;Marquinhos;Paris Saint-Germain;30;中后卫;后腰;;中后卫;后卫 (中), 后腰;50.5;65.5;59.8;80.2;68.8;77.5;76.2;78.8;
19409389;现役;Thiago;Brentford;23;中锋;;;中锋;前锋 (中);69.2;62.0;64.5;48.0;69.0;73.0;62.0;71.0;
28124569;现役;Tino Livramento;Newcastle;22;左后卫;右翼卫;右后卫;左后卫;后卫 (右左), 翼卫 (右);48.0;65.0;68.2;66.0;77.0;66.2;66.8;70.8;
49060933;现役;Maxime Estève;Burnley;22;中后卫;;;中后卫;后卫 (中);40.2;56.2;49.5;71.3;74.2;65.0;66.3;63.8;
13200568;现役;Mohammed Kudus;Tottenham Hotspur;24;左边锋;中锋;前腰、右边锋;左边锋;前腰 (右左中), 前锋 (中);59.8;65.2;77.8;40.2;72.8;68.8;55.8;62.5;
55070299;现役;Rúben Dias;Manchester City;27;中后卫;;;中后卫;后卫 (中);40.0;65.5;60.8;82.2;67.5;81.5;73.0;84.5;
57178516;现役;Radu Drăguşin;Tottenham Hotspur;22;中后卫;右后卫;;中后卫;后卫 (右中);39.0;60.5;60.2;72.0;70.0;75.0;59.5;62.5;
55041632;现役;Bernardo Silva;Manchester City;30;中前卫、前腰;右边前卫;右边锋;前腰;中场/前腰 (右中);75.5;83.8;85.0;58.8;65.2;64.8;75.8;81.2;
43617691;现役;Nicolò Savona;Nottingham Forest;21;右后卫;;右翼卫;右后卫;后卫/翼卫 (右);59.2;64.5;62.5;68.3;70.0;67.5;64.5;61.2;
29125191;现役;Dominic Solanke;Tottenham Hotspur;27;中锋;;;中锋;前锋 (中);69.2;60.0;63.2;47.0;70.5;73.0;64.2;66.8;
37055841;现役;Justin Kluivert;Bournemouth;25;左边锋;左边前卫、右边锋;前腰;左边锋;中场 (左), 前腰 (右左中);67.2;69.5;77.8;33.5;79.8;51.8;59.2;63.5;
2000182795;现役;Archie Gray;Tottenham Hotspur;18;中前卫;右后卫;后腰;中前卫;后卫 (右), 后腰, 中场 (中);55.2;67.8;67.2;62.3;67.8;64.5;69.2;67.8;
45111891;现役;Kaoru Mitoma;Brighton;27;左边锋、左边前卫;;;左边锋;中场/前腰 (左);67.8;70.0;82.5;45.8;80.8;59.5;63.8;62.2;多最佳位置复核：左边锋、左边前卫
48042326;现役;Aurélien Tchouaméni;Real Madrid;24;后腰、中前卫;中后卫;;中后卫;后卫 (中), 后腰, 中场 (中);58.8;70.2;65.8;78.0;77.8;81.2;73.2;76.8;多最佳位置复核：后腰、中前卫
52094225;现役;Trai Hume;Sunderland;22;右后卫;左翼卫、中前卫;右翼卫;右后卫;后卫 (右), 翼卫 (右左), 中场 (中);46.0;62.7;53.0;68.8;60.0;66.0;58.5;65.8;
29125265;现役;Antonee Robinson;Fulham;27;左后卫;;左翼卫;左后卫;后卫/翼卫 (左);47.2;63.5;65.5;68.0;82.5;70.5;63.0;68.8;
2000065061;现役;Oscar Gloukh;Ajax;20;前腰;中锋;中前卫;前腰;中场/前腰 (中), 前锋 (中);59.8;66.0;71.0;37.8;61.5;52.2;55.7;59.8;
67276230;现役;Nico Williams;Athletic Bilbao;22;左边锋、右边锋;右边前卫;左边前卫;左边锋;中场/前腰 (右左);66.8;74.5;76.5;54.8;74.5;66.3;71.0;74.2;多最佳位置复核：左边锋、右边锋
67295650;现役;Yeremy Pino;Crystal Palace;22;前腰;左边前卫、右边前卫;左边锋、右边锋;前腰;中场 (右左), 前腰 (右左中);59.0;73.0;76.5;47.0;70.0;54.8;62.8;55.5;
72044918;现役;Tyler Adams;Bournemouth;25;后腰;;中前卫;后腰;后腰, 中场 (中);45.2;66.8;59.5;76.3;69.2;72.8;69.5;76.3;
89063107;现役;Iliman N'Diaye;Everton;24;左边锋;左边前卫、右边前卫、右边锋、中锋;前腰;左边锋;中场 (右左), 前腰 (右左中), 前锋 (中);65.8;66.0;85.8;46.0;70.0;60.5;58.8;63.5;
2000273847;现役;Babis Kostoulas;Brighton;17;左边锋;右边锋;前腰、中锋;左边锋;前腰 (右左中), 前锋 (中);59.3;56.5;69.2;45.0;66.8;62.5;55.5;68.5;
2000123482;现役;Murillo;Nottingham Forest;22;中后卫;后腰;;中后卫;后卫 (中), 后腰;45.5;72.5;72.8;69.8;72.2;74.5;67.8;70.2;
43143488;现役;Federico Dimarco;Inter Milan;27;左翼卫;;左后卫;左翼卫;后卫/翼卫 (左);72.2;79.8;71.5;65.8;69.5;64.0;76.0;79.5;
45104608;现役;Takefusa Kubo;Real San Sebastián;23;前腰;右边前卫、中锋;右边锋;前腰;中场 (右), 前腰 (右中), 前锋 (中);66.2;77.5;80.2;41.0;68.2;57.8;69.5;65.5;
19297055;现役;Bruno Guimarães;Newcastle;27;中前卫;;后腰;中前卫;后腰, 中场 (中);65.8;85.8;82.8;72.8;62.5;75.5;80.5;79.2;
48042717;现役;Ibrahim Sangaré;Nottingham Forest;27;后腰;;中前卫;后腰;后腰, 中场 (中);51.2;65.8;63.5;71.2;67.0;82.0;66.2;74.5;
28116386;现役;Anthony Gordon;Newcastle;23;左边锋;左边前卫;右边锋;左边锋;中场 (左), 前腰 (右左);68.2;67.8;75.2;51.8;82.5;62.5;65.2;72.0;
29240378;现役;David Møller Wolfe;Wolves;22;左后卫;左边前卫;左翼卫;左后卫;后卫/翼卫/中场 (左);49.8;58.8;59.8;60.0;68.2;65.0;60.0;69.2;
67216396;现役;Fabián;Paris Saint-Germain;28;前腰;;后腰、中前卫;前腰;后腰, 中场/前腰 (中);73.2;77.8;77.5;69.2;62.0;72.2;73.0;67.8;
85085378;现役;Aymeric Laporte;Athletic Bilbao;30;中后卫;;;中后卫;后卫 (中);50.8;68.8;59.2;71.2;57.8;65.5;71.5;70.8;
83333463;现役;Rodrigo Gomes;Wolves;21;左边锋;左翼卫;右翼卫、右边前卫、右边锋;左边锋;翼卫 (右左), 中场 (右), 前腰 (右左);53.0;60.2;66.0;48.0;74.0;52.0;54.8;73.8;
28126247;现役;Liam Delap;Chelsea;21;右边锋;;中锋;右边锋;前腰 (右), 前锋 (中);64.5;56.0;67.5;42.2;79.8;70.5;54.8;69.2;
67268221;现役;Pedro Porro;Tottenham Hotspur;25;右边前卫;;右后卫、右翼卫;右边前卫;后卫/翼卫/中场 (右);62.8;70.8;75.5;59.2;76.8;67.0;60.2;68.0;
13158205;现役;Victor Osimhen;Galatasaray;26;中锋;;;中锋;前锋 (中);75.0;59.2;71.5;39.0;82.5;72.0;63.8;73.0;
2000104850;现役;Mathys Tel;Tottenham Hotspur;19;左边锋;右边锋;中锋;左边锋;前腰 (右左), 前锋 (中);62.3;59.5;68.8;40.5;73.5;63.2;53.5;65.0;
28108036;现役;Conor Gallagher;Tottenham Hotspur;24;左边前卫;后腰、前腰;中前卫;左边前卫;后腰, 中场 (左中), 前腰 (中);64.2;65.2;64.5;59.0;69.2;66.0;63.5;80.2;
48043084;现役;Boubacar Kamara;Aston Villa;25;后腰;;中前卫;后腰;后腰, 中场 (中);52.7;70.2;68.0;79.2;73.2;73.0;77.8;69.2;
18077264;现役;Youri Tielemans;Aston Villa;27;前腰;;后腰、中前卫;前腰;后腰, 中场/前腰 (中);67.5;85.5;73.2;62.2;60.5;58.5;74.2;63.2;
49056279;现役;Rayan Cherki;Manchester City;21;前腰;中前卫、中锋;左边锋、右边锋;前腰;中场 (中), 前腰 (右左中), 前锋 (中);57.8;80.5;85.0;27.7;69.5;58.3;60.8;58.8;
37076335;现役;Jan Paul van Hecke;Brighton;24;中后卫;;;中后卫;后卫 (中);42.2;68.2;65.0;80.8;63.8;71.8;74.5;75.8;
79027217;现役;Omar Alderete;Sunderland;28;中后卫;;;中后卫;后卫 (中);41.2;52.2;52.2;77.2;61.0;77.5;65.2;72.5;
28094949;现役;Harry Wilson;Fulham;27;前腰;左边锋;右边锋;前腰;前腰 (右左中);73.2;76.0;78.0;43.2;69.0;52.0;63.2;63.8;
29226000;现役;Jarrad Branthwaite;Everton;22;中后卫;左后卫、右后卫;;中后卫;后卫 (右左中);44.3;62.5;63.2;68.2;68.5;73.2;68.5;68.8;
28127166;现役;Conor Bradley;Liverpool;21;右翼卫;;右后卫;右翼卫;后卫/翼卫 (右);54.8;67.8;70.5;65.2;79.5;61.8;64.8;73.5;
37063649;现役;Sven Botman;Newcastle;25;中后卫;;;中后卫;后卫 (中);42.7;64.0;56.2;79.2;60.0;75.5;71.0;75.0;
14110660;现役;Lautaro Martínez;Inter Milan;27;中锋;;;中锋;前锋 (中);79.5;65.0;77.0;44.2;77.5;78.0;65.8;86.0;
84153276;现役;Dan Ndoye;Nottingham Forest;24;左边锋;右边前卫;右边锋;左边锋;中场 (右), 前腰 (右左);57.2;62.8;72.3;44.8;82.2;61.8;59.5;63.5;
2000254692;现役;Chris Rigg;Sunderland;17;中前卫;后腰、前腰、右边锋;;中前卫;后腰, 中场 (中), 前腰 (右中);55.7;71.5;67.2;61.3;54.8;63.2;63.5;67.5;
2000006108;现役;Loum Tchaouna;Burnley;21;左边锋;前腰、左边前卫、右边前卫;右边锋;左边锋;中场 (右左), 前腰 (右左中);65.5;63.5;72.0;36.2;74.0;58.7;52.5;50.5;
67276127;现役;Nico González;Manchester City;23;前腰;;后腰、中前卫;前腰;后腰, 中场/前腰 (中);59.8;76.2;74.5;63.3;66.5;71.5;73.5;65.0;
48037335;现役;Marcus Thuram;Inter Milan;27;左边锋;;中锋;左边锋;前腰 (左), 前锋 (中);73.0;69.8;84.0;38.0;82.5;75.8;64.2;65.5;
29125343;现役;Scott McTominay;Napoli;28;后腰;左边锋;中前卫、前腰;后腰;后腰, 中场 (中), 前腰 (左中);76.3;68.0;68.8;67.2;69.8;89.0;73.5;81.8;
2000168014;现役;Abdukodir Khusanov;Manchester City;20;中后卫;右后卫;;中后卫;后卫 (右中);47.8;61.0;53.8;71.8;82.0;74.0;64.0;70.0;
27128917;现役;Mikkel Damsgaard;Brentford;24;前腰;中前卫、左边锋、右边锋;;前腰;中场 (中), 前腰 (右左中);60.8;77.2;74.2;51.3;65.5;51.3;66.5;66.0;
92026209;现役;Hakan Çalhanoğlu;Inter Milan;30;中前卫;;后腰;中前卫;后腰, 中场 (中);73.2;87.2;71.0;62.0;61.5;56.8;77.5;66.3;
37071145;现役;Mats Wieffer;Brighton;25;中后卫;右后卫;后腰、中前卫;中后卫;后卫 (右中), 后腰, 中场 (中);50.0;65.2;59.8;68.8;65.5;67.5;67.5;75.0;
2000181764;现役;Kees Smit;AZ;19;前腰;;后腰、中前卫;前腰;后腰, 中场/前腰 (中);61.0;69.0;73.0;49.2;62.8;60.5;64.5;59.5;
91208050;现役;Kevin Schade;Brentford;23;左边锋;前腰、中锋;右边锋;左边锋;前腰 (右左中), 前锋 (中);61.0;60.8;66.3;37.5;77.0;62.2;54.5;59.3;
28122195;现役;Fábio Carvalho;Brentford;22;左边锋;右边锋、中锋;前腰;左边锋;前腰 (右左中), 前锋 (中);61.0;67.2;73.5;43.5;71.2;50.5;60.5;57.5;
14080605;现役;Marcos Senesi;Bournemouth;27;中后卫;;;中后卫;后卫 (中);46.0;71.5;61.2;73.0;64.5;69.2;68.5;67.5;
49056280;现役;Malo Gusto;Chelsea;21;右后卫;;右翼卫;右后卫;后卫/翼卫 (右);47.0;61.2;59.3;59.5;80.2;64.8;59.0;69.5;
49050736;现役;Adrien Truffert;Bournemouth;23;左后卫;左翼卫、左边前卫;;左后卫;后卫/翼卫/中场 (左);61.3;69.2;68.8;71.2;73.2;63.2;68.3;65.8;
28115788;现役;Curtis Jones;Liverpool;23;前腰;左边锋;后腰、中前卫;前腰;后腰, 中场 (中), 前腰 (左中);60.8;75.8;78.8;54.8;68.2;61.5;68.0;66.0;
29125842;现役;Jarrod Bowen;West Ham;28;右边锋、中锋;右边前卫、左边锋;左边前卫;左边锋;中场/前腰 (右左), 前锋 (中);72.5;66.8;69.8;40.2;72.8;53.8;62.7;69.0;多最佳位置复核：右边锋、中锋
2000101285;现役;Nico O'Reilly;Manchester City;19;前腰;;左后卫、中前卫;前腰;后卫 (左), 中场/前腰 (中);55.2;68.0;73.0;60.8;74.5;66.0;68.3;64.0;
2000025485;现役;Habib Diarra;Sunderland;21;后腰;前腰;中前卫;后腰;后腰, 中场/前腰 (中);57.0;64.8;67.5;61.0;70.5;68.2;61.3;70.5;
28060397;现役;John Stones;Manchester City;30;中后卫;右后卫、后腰;;中后卫;后卫 (右中), 后腰;54.0;73.5;70.5;75.0;72.2;74.5;75.5;75.8;
19184436;现役;Joelinton;Newcastle;28;中前卫;前腰;左边锋;中前卫;中场 (中), 前腰 (左中);60.5;67.2;72.2;64.2;68.2;84.0;70.8;84.8;
14238164;现役;Carlos Alcaraz;Everton;22;前腰;中前卫;;前腰;中场/前腰 (中);65.0;71.8;69.0;62.3;65.0;62.7;69.2;66.0;
28115831;现役;James Garner;Everton;23;后腰;;中前卫;后腰;后腰, 中场 (中);63.8;72.8;63.3;68.0;65.2;70.0;67.5;73.5;
2000011972;现役;Savinho;Manchester City;20;左边锋;;右边锋;左边锋;前腰 (右左);56.5;75.0;85.8;31.2;80.8;51.0;60.5;54.8;
19371031;现役;João Gomes;Wolves;23;后腰;;中前卫;后腰;后腰, 中场 (中);61.3;65.2;68.8;73.5;65.5;67.0;67.0;75.5;
91187791;现役;Nick Woltemade;Newcastle;22;前腰;;中锋;前腰;前腰 (中), 前锋 (中);68.8;71.8;80.0;47.7;64.2;73.5;64.0;70.8;
12080051;现役;Pape Matar Sarr;Tottenham Hotspur;22;后腰;前腰;中前卫;后腰;后腰, 中场/前腰 (中);56.5;62.2;67.0;68.0;68.8;72.2;69.5;71.8;
28093567;现役;James Maddison;Tottenham Hotspur;28;前腰、中前卫;左边前卫、左边锋、右边锋;;前腰;中场 (左中), 前腰 (右左中);69.0;76.0;80.5;51.8;66.5;61.5;64.8;65.5;多最佳位置复核：前腰、中前卫
37062185;现役;Cody Gakpo;Liverpool;25;左边锋、中锋;前腰、右边锋;;左边锋;前腰 (右左中), 前锋 (中);68.2;68.7;75.0;47.5;72.8;66.2;63.8;64.8;多最佳位置复核：左边锋、中锋
86066853;现役;Piero Hincapié;Arsenal;23;中后卫;左翼卫;左后卫;中后卫;后卫 (左中), 翼卫 (左);46.8;65.8;62.0;76.8;74.5;75.8;67.5;82.0;
49056369;现役;Hannibal;Burnley;21;前腰;;中前卫;前腰;中场/前腰 (中);54.8;63.8;72.0;42.0;69.2;65.5;55.8;62.2;
2000036372;现役;Diego Gómez;Brighton;21;中前卫;后腰、左边锋;;中前卫;后腰, 中场 (中), 前腰 (左);63.8;65.8;62.5;61.2;64.5;66.0;63.0;66.3;
2000257209;现役;Givairo Read;Feyenoord;18;右翼卫;左后卫、右边前卫;右后卫;右翼卫;后卫 (右左), 翼卫/中场 (右);44.2;67.0;63.8;58.7;73.0;59.8;62.0;69.0;
63013145;现役;Milan Škriniar;Fenerbahçe;29;中后卫;;;中后卫;后卫 (中);49.8;58.5;48.0;82.0;57.8;74.8;73.0;79.2;
28117372;现役;Nathan Collins;Brentford;23;中后卫;;;中后卫;后卫 (中);42.8;63.2;57.2;73.8;66.8;74.2;67.2;76.2;
28113414;现役;Keane Lewis-Potter;Brentford;23;左边锋;左后卫、左翼卫;右边锋;左边锋;后卫/翼卫 (左), 前腰 (右左);62.5;65.8;66.5;54.5;70.0;60.5;64.5;69.8;
19375640;现役;André;Wolves;23;后腰;;中前卫;后腰;后腰, 中场 (中);58.5;68.0;65.8;70.2;65.5;63.8;70.5;67.0;
14094572;现役;Rodrigo Bentancur;Tottenham Hotspur;27;后腰;;中前卫;后腰;后腰, 中场 (中);53.0;66.8;69.8;70.3;64.8;70.5;64.2;66.5;
29175220;现役;Morgan Gibbs-White;Nottingham Forest;24;前腰;右边锋;中前卫;前腰;中场 (中), 前腰 (右中);62.5;73.8;74.5;47.0;70.5;62.8;67.8;66.5;
67220143;现役;Mikel Oyarzábal;Real San Sebastián;27;前腰;右边锋;左边锋、中锋;前腰;前腰 (右左中), 前锋 (中);72.8;76.2;75.0;60.5;61.5;66.5;71.8;75.5;
2000262615;现役;El Hadji Malick Diouf;West Ham;20;左后卫;中后卫;左翼卫;左后卫;后卫 (左中), 翼卫 (左);51.8;63.5;65.0;64.0;75.2;69.2;58.2;64.5;
19342183;现役;Evanilson;Bournemouth;25;中锋;;;中锋;前锋 (中);70.0;70.0;70.8;44.5;67.8;70.8;62.0;63.5;
43139595;现役;Nicolò Barella;Inter Milan;27;中前卫、后腰;;;中前卫;中场 (中);65.8;77.0;73.8;67.2;73.3;71.0;66.2;85.0;多最佳位置复核：中前卫、后腰
29141827;现役;Ezri Konsa;Aston Villa;27;中后卫;;;中后卫;后卫 (中);38.2;69.0;67.8;74.5;72.2;71.8;72.2;71.2;
25042141;现役;Patrik Schick;Bayer 04 Leverkusen;28;中锋;;;中锋;前锋 (中);77.5;62.0;70.3;42.2;65.5;71.5;65.2;64.5;
2000127926;现役;Thierno Barry;Everton;22;中锋;左边锋、右边锋;;中锋;前腰 (右左), 前锋 (中);64.2;61.2;60.8;42.8;75.0;74.5;58.2;63.0;
27164470;现役;Patrick Dorgu;Manchester United;20;左边锋;左边前卫、右边锋;左后卫、左翼卫;左边锋;后卫/翼卫/中场 (左), 前腰 (右左);55.2;55.5;64.5;54.5;79.0;64.5;54.5;64.5;
2000108691;现役;Lewis Hall;Newcastle;20;左后卫;;左翼卫;左后卫;后卫/翼卫 (左);58.3;66.0;66.5;66.5;69.5;63.5;66.8;69.5;
28109599;现役;Emile Smith Rowe;Fulham;24;前腰;右边锋;中前卫、左边锋;前腰;中场 (中), 前腰 (右左中);70.8;73.2;74.0;43.8;72.5;52.5;66.5;62.3;
29110623;现役;Ollie Watkins;Aston Villa;29;中锋;左边锋、右边锋;;中锋;前腰 (右左), 前锋 (中);70.8;63.0;65.8;44.3;73.8;75.5;60.3;78.0;
49034219;现役;Jean-Philippe Mateta;Crystal Palace;27;中锋;;;中锋;前锋 (中);65.8;56.5;68.2;48.8;71.8;74.0;59.2;66.5;
29129073;现役;Rico Henry;Brentford;27;左后卫;;左翼卫;左后卫;后卫/翼卫 (左);55.5;67.2;68.2;67.0;74.0;63.8;70.5;71.5;
37039829;现役;Kenny Tete;Fulham;29;右后卫;;右翼卫;右后卫;后卫/翼卫 (右);48.5;60.7;56.0;74.5;71.2;69.5;63.7;67.5;
78090138;现役;Darwin Núñez;Al-Hilal;25;中锋;左边锋;;中锋;前腰 (左), 前锋 (中);69.8;62.8;67.2;47.0;76.8;68.0;60.5;66.2;
49048348;现役;Dilane Bakwa;Nottingham Forest;22;左边锋;;右边锋;左边锋;前腰 (右左);56.0;64.8;77.5;36.5;75.2;56.2;58.2;60.8;
2000259904;现役;Giovanni Leoni;Liverpool;18;中后卫;;;中后卫;后卫 (中);38.8;50.0;47.7;65.0;63.8;68.8;56.5;63.0;
29127852;现役;Lewis Cook;Bournemouth;27;后腰;右后卫;中前卫;后腰;后卫 (右), 后腰, 中场 (中);54.8;71.0;68.5;67.2;64.2;70.0;71.5;75.2;
48042766;现役;Ismaïla Sarr;Crystal Palace;26;左边锋;左边前卫;前腰、右边前卫、右边锋、中锋;左边锋;中场 (右左), 前腰 (右左中), 前锋 (中);66.8;59.8;67.5;39.5;78.0;68.5;56.5;57.2;
48030711;现役;André-Franck Zambo Anguissa;Napoli;29;后腰;;中前卫;后腰;后腰, 中场 (中);68.0;73.0;76.2;67.8;71.5;81.0;72.2;75.0;
48031641;现役;Olivier Boscagli;Brighton;27;中后卫;左后卫、后腰;;中后卫;后卫 (左中), 后腰;54.8;68.5;59.5;65.3;66.0;68.5;65.8;74.5;
62124117;现役;Saša Lukić;Fulham;28;后腰;前腰;中前卫;后腰;后腰, 中场/前腰 (中);61.8;65.5;64.2;64.5;66.0;66.5;67.2;65.2;
45104245;现役;Ao Tanaka;Leeds;26;中前卫;;后腰;中前卫;后腰, 中场 (中);62.0;73.2;68.8;61.0;65.8;61.5;67.5;71.5;
37084510;现役;Ryan Flamingo;PSV;22;中后卫;;后腰;中后卫;后卫 (中), 后腰;48.5;58.0;56.2;68.8;62.5;75.5;58.5;68.2;
29147447;现役;Matty Cash;Aston Villa;27;右翼卫;;右后卫;右翼卫;后卫/翼卫 (右);65.5;65.0;66.8;63.8;70.5;66.8;65.0;71.2;
67211695;现役;Théo Hernández;Al-Hilal;27;左翼卫、左后卫;;;左翼卫;后卫/翼卫 (左);67.5;64.8;64.5;64.2;77.2;70.8;66.0;68.2;多最佳位置复核：左翼卫、左后卫
67197125;现役;Marco Asensio;Fenerbahçe;28;前腰;左边锋;中前卫、右边锋;前腰;中场 (中), 前腰 (右左中);78.8;82.2;80.0;42.2;64.5;62.5;73.8;67.2;
2000103798;现役;Chemsdine Talbi;Sunderland;19;左边锋;;右边锋;左边锋;前腰 (右左);61.0;67.0;68.5;49.0;71.5;54.5;59.0;57.0;
52101552;现役;Jake O'Brien;Everton;23;中后卫;;右后卫;中后卫;后卫 (右中);42.5;51.2;49.8;70.2;72.0;71.8;56.8;69.2;
49041006;现役;Evann Guessand;Crystal Palace;23;左边锋;;前腰、右边前卫、右边锋、中锋;左边锋;中场 (右), 前腰 (右左中), 前锋 (中);64.8;61.8;67.2;43.8;71.8;69.5;59.8;65.8;
29165656;现役;Ryan Sessegnon;Fulham;24;左边锋;左边前卫;左后卫、左翼卫;左边锋;后卫/翼卫/中场/前腰 (左);62.5;63.0;62.8;59.2;79.0;58.0;63.8;57.8;
62215974;现役;Jaka Bijol;Leeds;25;中后卫;;;中后卫;后卫 (中);48.5;54.0;48.2;72.2;61.8;77.2;64.5;72.2;
2000288469;现役;Veljko Milosavljević;Bournemouth;17;中后卫;;;中后卫;后卫 (中);45.2;55.8;50.0;69.8;52.8;65.5;60.2;62.2;
91205962;现役;Omar Marmoush;Manchester City;25;左边锋;前腰、右边锋;中锋;左边锋;前腰 (右左中), 前锋 (中);74.5;69.8;76.5;45.0;78.5;64.8;69.0;68.8;
2000218544;现役;Rayan;Bournemouth;18;中锋;;右边锋;中锋;前腰 (右), 前锋 (中);66.8;56.0;65.8;40.8;73.5;68.5;55.5;61.2;
28112986;现役;Callum Hudson-Odoi;Nottingham Forest;24;前腰;左边前卫、右边前卫;左边锋、右边锋;前腰;中场 (右左), 前腰 (右左中);56.0;74.0;75.2;39.2;75.2;52.3;60.7;50.5;
55070307;现役;Rúben Neves;Al-Hilal;27;中前卫;;后腰;中前卫;后腰, 中场 (中);64.0;82.0;68.8;64.2;58.7;64.2;74.2;71.5;
29193659;现役;Jacob Ramsey;Newcastle;23;左边锋;;中前卫、前腰;左边锋;中场 (中), 前腰 (左中);67.2;65.8;72.3;55.5;71.8;67.5;65.5;67.5;
29189400;现役;Brennan Johnson;Crystal Palace;23;中锋;左边前卫;前腰、右边前卫、左边锋、右边锋;中锋;中场 (右左), 前腰 (右左中), 前锋 (中);73.5;52.8;55.8;38.8;74.8;58.8;56.0;53.5;
29194724;现役;Antoine Semenyo;Manchester City;25;左边锋;;右边锋、中锋;左边锋;前腰 (右左), 前锋 (中);72.0;65.8;78.2;38.2;76.2;66.8;61.0;60.0;
29090530;现役;Solly March;Brighton;30;左边锋;左翼卫、右翼卫、左边前卫、右边前卫;右边锋;左边锋;翼卫/中场/前腰 (右左);63.0;66.5;70.3;56.8;70.0;59.2;65.8;67.0;
49038271;现役;Maxence Lacroix;Crystal Palace;24;中后卫;;;中后卫;后卫 (中);41.2;59.2;59.5;71.2;77.0;71.8;65.5;72.3;
53143395;现役;Jørgen Strand Larsen;Crystal Palace;24;中锋;;;中锋;前锋 (中);69.0;63.5;66.8;46.0;67.8;73.0;63.0;65.0;
37065567;现役;Crysencio Summerville;West Ham;23;左边锋;左边前卫;右边锋;左边锋;中场 (左), 前腰 (右左);58.3;57.0;72.8;29.2;82.5;46.2;51.8;50.8;
27069975;现役;Joachim Andersen;Fulham;28;中后卫;;;中后卫;后卫 (中);49.5;72.0;59.8;70.2;59.5;71.2;71.5;69.5;
62191195;现役;Nikola Milenković;Nottingham Forest;27;中后卫;;;中后卫;后卫 (中);45.5;61.5;53.5;73.0;66.8;75.8;65.0;72.5;
28111079;现役;Calvin Bassey;Fulham;25;中后卫;;左后卫;中后卫;后卫 (左中);46.5;51.5;56.8;70.8;72.8;83.3;60.8;63.8;
29162667;现役;Marcus Tavernier;Bournemouth;25;左边锋;中前卫、左边前卫;前腰、右边锋;左边锋;中场 (左中), 前腰 (右左中);58.0;61.8;71.2;49.3;72.2;57.7;56.8;63.8;
11022221;现役;Vedat Muriqi;Mallorca;30;中锋;;;中锋;前锋 (中);70.2;61.0;56.2;55.0;58.0;85.2;69.5;87.0;
24016925;现役;Mateo Kovačić;Manchester City;30;中前卫;;后腰;中前卫;后腰, 中场 (中);55.0;72.8;77.0;67.0;70.8;65.0;71.8;74.5;
2000181790;现役;Eli Junior Kroupi;Bournemouth;18;中锋;前腰;;中锋;前腰 (中), 前锋 (中);70.0;65.5;72.2;40.8;72.2;53.5;62.8;57.7;
28084930;现役;Alex Iwobi;Fulham;28;前腰;右边锋;中前卫、左边锋;前腰;中场 (中), 前腰 (右左中);67.0;71.2;69.2;56.0;68.2;66.0;70.5;65.2;
2000006186;现役;Lesley Ugochukwu;Burnley;20;后腰;;中前卫;后腰;后腰, 中场 (中);53.2;63.5;61.2;65.8;61.5;69.8;63.0;59.8;
2000007415;现役;Andrey Santos;Chelsea;20;后腰;;中前卫;后腰;后腰, 中场 (中);58.0;66.5;67.8;67.8;66.0;66.0;64.8;66.0;
28100477;现役;Joe Rodon;Leeds;27;中后卫;;;中后卫;后卫 (中);28.8;53.7;59.0;67.0;73.0;69.5;60.7;71.8;
93023425;现役;Victor Lindelöf;Aston Villa;30;中后卫;;;中后卫;后卫 (中);38.8;66.5;62.8;70.5;66.5;69.0;66.2;59.2;
2000227373;现役;Stefanos Tzimas;Brighton;19;中锋;;;中锋;前锋 (中);65.8;52.7;67.5;40.2;70.8;62.2;55.2;66.8;
2000102845;现役;Mika Godts;Ajax;19;左边锋;前腰;右边锋;左边锋;前腰 (右左中);55.0;66.2;74.0;38.8;71.2;51.8;56.2;61.2;
49037698;现役;Amine Adli;Bournemouth;24;左边锋;左边前卫、右边前卫;前腰、右边锋;左边锋;中场 (右左), 前腰 (右左中);60.5;63.0;72.0;42.8;75.8;56.0;56.8;62.5;
28127066;现役;Jaden Philogene;Ipswich;22;左边锋;;左边前卫、右边前卫、右边锋;左边锋;中场/前腰 (右左);68.8;61.5;72.8;46.5;74.8;50.5;54.5;52.5;
43500350;现役;Wilfried Gnonto;Leeds;21;左边锋;;前腰、右边锋、中锋;左边锋;前腰 (右左中), 前锋 (中);59.8;56.8;72.2;34.8;73.0;64.5;52.0;62.8;
85104424;现役;Kingsley Coman;Al-Nassr;28;左边锋、右边锋;左边前卫、右边前卫;;左边锋;中场/前腰 (右左);57.8;70.5;82.0;44.0;76.8;56.5;59.5;61.0;多最佳位置复核：左边锋、右边锋
29186052;现役;Matt O'Riley;Brighton;24;前腰;;中前卫;前腰;中场/前腰 (中);67.2;74.5;69.2;54.0;60.5;64.8;69.5;58.8;
19273276;现役;Éder Militão;Real Madrid;27;中后卫;;;中后卫;后卫 (中);53.8;64.0;60.8;76.2;72.8;78.2;67.5;74.2;
28113828;现役;Jeremie Frimpong;Liverpool;24;右边锋;;右后卫、右翼卫、右边前卫;右边锋;后卫/翼卫/中场/前腰 (右);58.5;61.2;73.0;51.0;85.8;58.2;55.2;63.5;
29142052;现役;Max Kilman;West Ham;27;中后卫;;;中后卫;后卫 (中);42.0;66.5;65.2;67.2;67.2;60.5;63.8;57.2;
28111507;现役;Tyrick Mitchell;Crystal Palace;25;左后卫;;左翼卫;左后卫;后卫/翼卫 (左);48.0;60.7;60.2;73.5;75.5;68.8;65.2;67.8;
29179717;现役;Pedro Neto;Chelsea;24;左边锋;前腰;右边锋;左边锋;前腰 (右左中);61.8;64.5;78.7;32.0;78.0;50.2;51.8;62.5;
28121369;现役;Armando Broja;Burnley;23;左边锋;右边锋;中锋;左边锋;前腰 (右左), 前锋 (中);62.0;49.0;68.0;37.5;72.5;65.2;51.5;58.2;
71080414;现役;Viktor Tsygankov;Girona;27;前腰;左边前卫、左边锋;右边前卫、右边锋;前腰;中场 (右左), 前腰 (右左中);61.5;72.0;74.5;41.2;71.3;57.2;60.0;59.2;
91144914;现役;Kevin Danso;Tottenham Hotspur;26;中后卫;;;中后卫;后卫 (中);52.5;54.5;49.5;68.8;73.0;74.5;60.2;68.2;
37055844;现役;Donyell Malen;Roma;26;左边锋;;右边锋、中锋;左边锋;前腰 (右左), 前锋 (中);70.0;61.5;71.2;36.8;78.5;60.8;56.8;55.5;
12095038;现役;Malick Yalcouyé;Swansea;19;中前卫;前腰;后腰;中前卫;后腰, 中场/前腰 (中);52.5;60.2;60.5;56.5;68.8;60.0;60.7;69.2;
28090452;现役;Ola Aina;Nottingham Forest;28;左翼卫;左边前卫、右边前卫;左后卫、右后卫、右翼卫;左翼卫;后卫/翼卫/中场 (右左);41.0;55.7;60.5;51.0;83.2;60.2;54.8;58.8;
28120046;现役;Taylor Harwood-Bellis;Southampton;22;中后卫;;;中后卫;后卫 (中);39.5;55.2;50.0;69.8;62.2;65.5;61.2;66.8;
55041623;现役;João Cancelo;Barcelona;30;左翼卫;;左后卫、右后卫、右翼卫;左翼卫;后卫/翼卫 (右左);64.8;78.7;79.8;57.8;67.8;61.0;66.5;60.0;
67201783;现役;Emiliano Buendía;Aston Villa;28;前腰;左边前卫、右边前卫、左边锋;右边锋;前腰;中场 (右左), 前腰 (右左中);64.5;75.5;77.0;52.5;66.0;59.2;64.0;72.2;
14108651;现役;Giovani Lo Celso;Real Betis;28;前腰;;中前卫、左边前卫;前腰;中场 (左中), 前腰 (中);65.8;80.5;80.0;55.0;63.8;57.2;68.3;57.0;
13194021;现役;Cheick Doucouré;Crystal Palace;25;后腰;;中前卫;后腰;后腰, 中场 (中);55.2;71.2;64.0;71.5;63.3;59.0;68.5;68.8;
37074900;现役;Sepp van den Berg;Brentford;23;中后卫;右后卫;;中后卫;后卫 (右中);42.8;63.5;56.8;71.8;69.0;70.0;66.8;75.2;
14110846;现役;Exequiel Palacios;Bayer 04 Leverkusen;26;中前卫;;后腰;中前卫;后腰, 中场 (中);57.8;80.5;71.5;72.2;62.5;63.2;76.5;78.8;
43252460;现役;Alessandro Bastoni;Inter Milan;25;中后卫;;;中后卫;后卫 (中);54.5;76.5;67.0;75.5;74.0;78.5;72.5;77.8;
37065620;现役;Brian Brobbey;Sunderland;22;中锋;;;中锋;前锋 (中);63.8;59.0;65.5;34.0;70.0;76.5;58.8;69.2;
67217522;现役;Pau Torres;Aston Villa;28;中后卫;;;中后卫;后卫 (中);40.0;71.5;61.2;74.0;63.8;73.8;68.5;68.2;
2000351894;现役;Mateus Mané;Wolves;17;左边锋;;前腰、右边锋、中锋;左边锋;前腰 (右左中), 前锋 (中);57.3;57.5;64.0;42.8;64.0;50.5;50.2;42.5;
2000082598;现役;Stefan Bajčetić;Liverpool;20;中后卫;;后腰、中前卫;中后卫;后卫 (中), 后腰, 中场 (中);42.2;62.3;66.0;67.0;66.8;59.3;64.2;66.0;
2000051578;现役;Facundo Buonanotte;Leeds;20;前腰;中前卫、右边前卫、左边锋;右边锋;前腰;中场 (右中), 前腰 (右左中);65.5;68.0;72.0;51.0;65.0;59.0;57.5;64.5;
28104124;现役;Trent Alexander-Arnold;Real Madrid;26;右后卫、中前卫;右翼卫、后腰;;中前卫;后卫/翼卫 (右), 后腰, 中场 (中);57.8;86.5;72.5;56.8;69.5;65.5;67.7;67.5;多最佳位置复核：右后卫、中前卫
2000102722;现役;Wilson Odobert;Tottenham Hotspur;20;左边锋;;左边前卫、右边前卫、右边锋;左边锋;中场/前腰 (右左);60.7;67.5;76.5;38.5;74.0;54.3;59.0;59.2;
75042244;现役;Taty Castellanos;West Ham;26;中锋;;;中锋;前锋 (中);69.0;66.3;69.2;41.2;67.8;69.8;63.2;76.8;
2000138516;现役;Paul Wanner;PSV;19;前腰;右边前卫;中前卫、右边锋;前腰;中场/前腰 (右中);54.8;67.5;76.5;43.8;66.0;56.0;58.0;50.2;
14077011;现役;Nicolás Domínguez;Nottingham Forest;26;后腰;;中前卫;后腰;后腰, 中场 (中);53.2;76.5;65.0;67.8;60.7;66.5;68.5;76.0;
29233143;现役;Harvey Elliott;Aston Villa;21;前腰;中前卫;右边锋;前腰;中场 (中), 前腰 (右中);60.8;75.2;76.0;54.0;64.8;58.0;68.8;74.5;
27088231;现役;Mathias Jensen;Brentford;29;中前卫;;后腰;中前卫;后腰, 中场 (中);58.3;72.2;67.0;60.0;60.5;60.8;70.0;68.5;
37071126;现役;Tijjani Reijnders;Manchester City;26;前腰;后腰;中前卫;前腰;后腰, 中场/前腰 (中);72.5;75.0;72.8;53.2;71.0;66.5;69.8;67.5;
91194540;现役;Anton Stach;Leeds;26;中后卫;;后腰、中前卫;中后卫;后卫 (中), 后腰, 中场 (中);55.0;61.5;60.0;72.0;63.8;77.8;67.5;77.8;
14157184;现役;Alexis Mac Allister;Liverpool;26;前腰;;后腰、中前卫;前腰;后腰, 中场/前腰 (中);68.2;78.0;72.5;66.8;62.5;63.5;77.8;75.0;
61043070;现役;John McGinn;Aston Villa;30;左边锋;前腰、左边前卫、右边前卫;中前卫、右边锋;左边锋;中场/前腰 (右左中);66.0;65.0;68.0;60.8;70.0;72.5;62.5;78.8;
96047750;现役;Jan Bednarek;Porto;28;中后卫;;;中后卫;后卫 (中);38.0;58.0;53.5;73.5;65.0;76.0;67.5;75.2;
76050675;现役;Daniel Muñoz;Crystal Palace;28;右后卫;;右翼卫、右边前卫;右后卫;后卫/翼卫/中场 (右);57.5;60.0;65.8;65.5;72.2;73.7;62.3;75.2;
2000098727;现役;Rico Lewis;Manchester City;20;右后卫;右翼卫、后腰、中前卫;;右后卫;后卫/翼卫 (右), 后腰, 中场 (中);48.0;63.5;66.5;66.3;73.8;65.2;66.2;76.0;
292380027;现役;Tim Iroegbunam;Everton;21;后腰;;中前卫;后腰;后腰, 中场 (中);55.2;63.5;67.0;67.8;66.8;69.2;65.2;62.7;
16199713;现役;Igor;Brighton;26;中后卫;左后卫、左翼卫;;中后卫;后卫 (左中), 翼卫 (左);43.2;62.8;60.5;70.8;67.8;74.0;64.8;65.5;
83176849;现役;Merih Demiral;Al-Ahli;26;中后卫;;;中后卫;后卫 (中);39.0;47.2;41.5;78.2;59.5;69.2;58.3;80.2;
45092714;现役;Daichi Kamada;Crystal Palace;28;前腰;左边锋、右边锋;后腰、中前卫;前腰;后腰, 中场 (中), 前腰 (右左中);62.5;65.5;67.8;57.2;63.8;59.5;61.0;59.2;
16182894;现役;Dayot Upamecano;Bayern Munich;26;中后卫;;;中后卫;后卫 (中);46.0;73.2;63.2;81.5;74.8;75.8;75.5;77.2;
85136376;现役;Nicolas Pépé;Villarreal;29;左边锋;;右边锋;左边锋;前腰 (右左);75.8;70.2;81.2;38.0;76.2;54.8;61.0;45.8;
43161651;现役;Federico Chiesa;Liverpool;27;左边锋、右边锋;前腰、中锋;;左边锋;前腰 (右左中), 前锋 (中);67.2;68.2;74.8;41.5;73.0;58.8;62.0;72.2;多最佳位置复核：左边锋、右边锋
72051563;现役;Chris Richards;Crystal Palace;24;中后卫;左后卫、右后卫;;中后卫;后卫 (右左中);41.0;56.2;55.8;70.0;71.2;72.0;62.0;73.2;
98041215;现役;Rubén Vargas;Sevilla;26;左边锋;左边前卫、右边前卫、右边锋;前腰;左边锋;中场 (右左), 前腰 (右左中);57.7;65.5;70.5;47.0;75.8;54.8;61.0;63.2;
2000288697;现役;Harrison Armstrong;Everton;18;后腰;前腰;中前卫;后腰;后腰, 中场/前腰 (中);45.7;62.5;63.7;56.2;67.2;70.0;61.2;65.5;
78067241;现役;Nahitan Nández;Al-Qadsiah;29;后腰;右边前卫;右翼卫、中前卫;后腰;翼卫 (右), 后腰, 中场 (右中);58.0;61.2;60.8;68.2;64.2;69.0;65.0;86.7;
28106342;现役;Kiernan Dewsbury-Hall;Everton;26;前腰;;中前卫;前腰;中场/前腰 (中);67.8;72.2;69.2;58.2;63.5;69.5;67.5;70.8;
20041862;现役;Alphonso Davies;Bayern Munich;24;左后卫、左翼卫;左边前卫、左边锋;;左边锋;后卫/翼卫/中场/前腰 (左);52.0;60.5;70.5;57.8;90.5;67.2;59.5;72.7;多最佳位置复核：左后卫、左翼卫
18074558;现役;Timothy Castagne;Fulham;29;左翼卫;;左后卫、右后卫、右翼卫;左翼卫;后卫/翼卫 (右左);51.7;61.7;61.5;58.5;70.0;62.7;59.0;65.5;
2000058232;现役;Chadi Riad;Crystal Palace;21;中后卫;;;中后卫;后卫 (中);38.7;58.7;59.2;65.8;66.8;68.5;60.0;67.8;
83169822;现役;João Félix;Al-Nassr;25;前腰;中锋;左边锋;前腰;前腰 (左中), 前锋 (中);75.5;79.2;86.0;36.5;69.0;55.8;63.5;43.0;
37060600;现役;Ferdi Kadıoğlu;Brighton;25;左翼卫;;左后卫、右后卫、右翼卫;左翼卫;后卫/翼卫 (右左);53.0;67.5;67.3;52.8;72.2;57.5;62.2;67.5;
2000054475;现役;Antoni Milambo;Brentford;19;前腰;;中前卫;前腰;中场/前腰 (中);57.3;67.5;69.2;44.0;66.5;62.0;61.2;64.5;
2000250907;现役;Ibrahim Osman;Birmingham;20;左边锋;左边前卫、右边前卫、中锋;右边锋;左边锋;中场/前腰 (右左), 前锋 (中);56.5;58.8;76.8;29.8;79.2;52.3;48.5;57.5;
91143519;现役;Vitaly Janelt;Brentford;26;后腰;;中前卫;后腰;后腰, 中场 (中);62.2;67.2;63.8;67.2;61.5;72.5;66.2;77.0;
83188780;现役;Matheus Nunes;Manchester City;26;右边锋;右翼卫、前腰;右后卫、中前卫;右边锋;后卫/翼卫 (右), 中场 (中), 前腰 (右中);64.2;69.0;71.0;58.2;72.2;72.0;67.8;74.5;
28067800;现役;Jack Grealish;Everton;29;前腰、左边锋;右边前卫、右边锋;左边前卫;前腰;中场 (右左), 前腰 (右左中);55.2;70.0;77.0;47.2;66.0;64.8;64.5;67.7;多最佳位置复核：前腰、左边锋
37059452;现役;Pascal Struijk;Leeds;25;中后卫;左后卫;;中后卫;后卫 (左中);48.0;66.7;57.5;70.0;62.3;69.8;63.7;66.0;
2000128974;现役;Eliezer Mayenda;Sunderland;19;右边锋;;中锋;右边锋;前腰 (右), 前锋 (中);65.8;65.5;67.5;39.8;73.7;65.2;60.7;61.0;
48034615;现役;Nordi Mukiele;Sunderland;27;中后卫;;右后卫、右翼卫;中后卫;后卫 (右中), 翼卫 (右);47.8;63.0;62.0;70.5;71.2;73.8;63.2;73.5;
98031331;现役;Manuel Akanji;Inter Milan;29;中后卫;右后卫;;中后卫;后卫 (右中);49.3;64.0;59.0;72.0;73.2;80.0;68.8;68.8;
2000187623;现役;Jaydee Canvot;Crystal Palace;18;中后卫;右后卫、后腰;;中后卫;后卫 (右中), 后腰;46.3;57.5;57.5;64.2;65.5;69.0;56.8;63.0;
13174979;现役;Yves Bissouma;Tottenham Hotspur;28;后腰;中前卫;;后腰;后腰, 中场 (中);57.5;63.0;74.0;71.5;74.5;71.0;59.8;67.0;
18105831;现役;Ismael Saibari;PSV;23;前腰;中锋;中前卫、左边锋、右边锋;前腰;中场 (中), 前腰 (右左中), 前锋 (中);62.3;69.8;73.7;36.0;70.0;60.7;60.5;65.0;
67174729;现役;Adama Traoré;West Ham;28;左边锋;左边前卫;右边前卫、右边锋;左边锋;中场/前腰 (右左);51.0;49.2;71.5;40.5;88.0;66.8;44.5;51.0;
28097985;现役;Tammy Abraham;Aston Villa;27;中锋;;;中锋;前锋 (中);63.8;64.5;67.5;44.0;67.2;71.0;59.5;73.5;
61042900;现役;Ryan Christie;Bournemouth;29;前腰;后腰、右边锋;中前卫;前腰;后腰, 中场 (中), 前腰 (右中);59.8;69.8;69.5;56.0;68.0;65.2;64.0;68.8;
37025551;现役;Nathan Aké;Manchester City;29;中后卫;左后卫、后腰;;中后卫;后卫 (左中), 后腰;44.2;67.8;63.8;76.0;71.8;71.0;69.2;74.2;
83169817;现役;Florentino Luís;Burnley;25;后腰;;中前卫;后腰;后腰, 中场 (中);45.0;58.0;51.5;78.8;64.2;68.2;69.8;71.5;
19377081;现役;Igor Jesus;Nottingham Forest;23;中锋;;;中锋;前锋 (中);70.5;62.3;65.8;42.2;66.8;69.5;61.0;68.3;
2000019509;现役;Léo Scienza;Southampton;26;左边锋;前腰、左边前卫、右边锋;;左边锋;中场 (左), 前腰 (右左中);62.8;68.0;78.8;31.2;74.0;49.8;57.2;48.5;
2000330773;现役;Yang Min-Hyeok;Coventry;18;左边锋;;右边锋;左边锋;前腰 (右左);58.3;62.0;73.2;42.8;63.8;56.5;54.0;49.5;
28115792;现役;Neco Williams;Nottingham Forest;23;左翼卫;;左后卫、右后卫、右翼卫;左翼卫;后卫/翼卫 (右左);57.2;63.5;66.5;60.0;69.5;63.5;56.2;66.2;
29123128;现役;Dominic Calvert-Lewin;Leeds;27;中锋;;;中锋;前锋 (中);59.8;58.8;65.0;37.5;76.2;70.5;56.8;68.0;
2000087400;现役;Dário Essugo;Chelsea;19;后腰;中前卫;;后腰;后腰, 中场 (中);51.0;60.7;62.5;65.2;66.5;68.8;58.0;71.0;
91138280;现役;Leroy Sané;Galatasaray;29;左边锋、右边锋;前腰、左边前卫、右边前卫;;左边锋;中场 (右左), 前腰 (右左中);68.2;73.5;78.5;41.2;80.2;57.8;64.0;54.8;多最佳位置复核：左边锋、右边锋
62182055;现役;Dušan Vlahović;Juventus;24;中锋;;;中锋;前锋 (中);77.2;61.8;66.5;44.0;72.2;75.0;64.8;69.8;
98034601;现役;Denis Zakaria;Monaco;28;后腰;;中前卫;后腰;后腰, 中场 (中);58.5;65.5;68.5;72.3;69.5;78.5;66.8;76.2;
18110473;现役;Maxim De Cuyper;Brighton;24;左边前卫;;左后卫、左翼卫;左边前卫;后卫/翼卫/中场 (左);60.0;69.0;63.3;61.0;69.5;60.0;62.5;67.0;
67229630;现役;Youssef En-Nesyri;Al-Ittihad;27;中锋;;;中锋;前锋 (中);71.2;57.8;55.2;44.5;67.2;68.3;63.5;69.8;
2000031536;现役;Soungoutou Magassa;West Ham;21;中后卫;;后腰;中后卫;后卫 (中), 后腰;49.8;60.7;55.5;67.0;62.0;67.8;61.2;63.2;
48037822;现役;Ibrahima Konaté;Liverpool;25;中后卫;;;中后卫;后卫 (中);36.3;61.5;65.5;76.0;72.2;77.5;64.5;71.8;
2000036812;现役;Callum Doyle;Wrexham;21;中后卫;;左后卫;中后卫;后卫 (左中);51.5;71.3;61.5;68.8;50.2;66.8;68.5;65.0;
29080394;现役;Adam Webster;Brighton;30;中后卫;;;中后卫;后卫 (中);40.8;63.8;59.8;72.0;62.7;65.8;66.0;68.8;
83111483;现役;Rafael Leão;AC Milan;25;左边锋;;中锋;左边锋;前腰 (左), 前锋 (中);67.2;66.0;83.8;27.5;85.2;68.5;51.2;47.8;
13160655;现役;Reinildo;Sunderland;30;中后卫;左翼卫;左后卫;中后卫;后卫 (左中), 翼卫 (左);50.0;59.2;58.8;77.5;71.0;66.5;67.8;78.8;
28100123;现役;Aaron Wan-Bissaka;West Ham;27;右后卫;;;右后卫;后卫 (右);42.5;49.8;64.0;72.8;78.2;69.8;56.2;63.0;
85111795;现役;Serhou Guirassy;Borussia Dortmund;28;中锋;;;中锋;前锋 (中);78.2;69.8;70.3;48.0;65.0;73.5;69.8;71.8;
48044499;现役;Jean-Clair Todibo;West Ham;25;中后卫;;;中后卫;后卫 (中);44.8;62.5;62.0;73.2;71.2;74.0;65.8;67.8;
53110135;现役;Kristoffer Ajer;Brentford;26;中后卫;右后卫;;中后卫;后卫 (右中);53.2;64.0;60.7;69.2;64.5;72.0;64.8;77.8;
2000301027;现役;Ayden Heaven;Manchester United;18;中后卫;;;中后卫;后卫 (中);35.5;58.8;58.0;67.2;73.5;69.8;61.5;62.2;
2000192797;现役;Leo Sauer;Feyenoord;19;左边锋;前腰、左边前卫、右边前卫;右边锋;左边锋;中场 (右左), 前腰 (右左中);56.0;60.0;71.0;34.0;73.0;59.8;52.2;42.5;
2000261214;现役;Trey Nyoni;Liverpool;17;前腰;后腰;中前卫;前腰;后腰, 中场/前腰 (中);51.8;69.8;69.0;42.2;66.0;48.0;62.5;56.0;
91204520;现役;Merlin Röhl;Everton;22;前腰;;后腰、中前卫;前腰;后腰, 中场/前腰 (中);50.0;64.0;72.8;55.5;71.0;61.8;57.5;68.8;
28095352;现役;David Brooks;Bournemouth;27;前腰;;右边前卫、右边锋;前腰;中场 (右), 前腰 (右中);62.3;76.0;76.2;45.2;71.7;45.2;67.2;55.8;
29175064;现役;Ethan Ampadu;Leeds;24;中后卫;中前卫;后腰;中后卫;后卫 (中), 后腰, 中场 (中);41.2;62.0;54.8;72.5;64.0;68.0;68.5;73.5;
28106878;现役;Marcus Edwards;Burnley;26;左边锋;前腰;右边锋;左边锋;前腰 (右左中);67.5;72.8;84.0;37.5;71.8;50.5;58.8;36.5;
93065006;现役;Gabriel Gudmundsson;Leeds;25;左边锋;;左后卫、左翼卫、左边前卫;左边锋;后卫/翼卫/中场/前腰 (左);55.5;59.3;72.5;54.0;76.2;61.2;54.8;58.2;
91206164;现役;Malick Thiaw;Newcastle;23;中后卫;;;中后卫;后卫 (中);43.5;61.2;55.7;72.2;65.5;73.8;66.8;69.2;
13136664;现役;Franck Kessié;Al-Ahli;28;后腰;;中前卫;后腰;后腰, 中场 (中);67.2;64.5;59.5;70.8;62.0;74.2;68.0;82.8;
37071180;现役;Quilindschy Hartman;Burnley;23;左后卫;;左翼卫;左后卫;后卫/翼卫 (左);50.8;60.0;58.8;64.5;74.5;59.8;59.8;76.5;
43409366;现役;Lorenzo Lucca;Nottingham Forest;24;中锋;;;中锋;前锋 (中);70.8;57.0;59.8;41.5;65.5;77.5;60.7;65.0;
2000127879;现役;Rayane Bounida;Ajax;18;左边锋;;前腰、右边锋;左边锋;前腰 (右左中);53.2;63.0;79.2;27.5;67.8;48.2;48.5;51.8;
28103591;现役;Trevoh Chalobah;Chelsea;25;中后卫;右后卫;;中后卫;后卫 (右中);46.5;63.5;60.7;72.8;74.8;69.8;70.0;68.8;
2000184611;现役;Josh Acheampong;Chelsea;18;中后卫;右翼卫;右后卫;中后卫;后卫 (右中), 翼卫 (右);51.5;53.5;56.8;64.0;72.8;62.7;59.3;59.8;
25055083;现役;Ladislav Krejčí;Wolves;25;中后卫;后腰;;中后卫;后卫 (中), 后腰;58.8;60.2;60.2;69.0;65.5;73.2;63.2;76.8;
29179807;现役;Jayden Bogle;Leeds;24;右翼卫;;右后卫;右翼卫;后卫/翼卫 (右);50.5;71.0;70.2;58.2;72.8;63.7;61.2;65.5;
28122837;现役;Troy Parrott;AZ;22;中锋;;;中锋;前锋 (中);67.5;61.3;62.3;41.0;63.2;63.5;62.5;70.0;
61043456;现役;Andrew Robertson;Liverpool;30;左后卫;;左翼卫;左后卫;后卫/翼卫 (左);38.8;68.0;67.2;71.0;76.5;71.7;66.8;81.0;
19265858;现役;Richarlison;Tottenham Hotspur;27;左边锋;右边锋;中锋;左边锋;前腰 (右左), 前锋 (中);57.7;54.2;59.8;51.5;75.0;65.8;54.0;69.5;
27161400;现役;Victor Kristiansen;Leicester;22;中后卫;;左后卫、左翼卫;中后卫;后卫 (左中), 翼卫 (左);48.8;60.7;60.8;59.0;62.7;65.0;59.0;72.8;
2000045039;现役;Jordan James;Leicester;20;前腰;;后腰、中前卫;前腰;后腰, 中场/前腰 (中);64.5;66.0;60.0;59.3;62.8;60.8;65.2;69.2;
49047581;现役;Rayan Aït-Nouri;Manchester City;23;左翼卫;;左后卫;左翼卫;后卫/翼卫 (左);56.5;67.8;78.5;67.2;72.2;61.3;68.0;62.7;
28116496;现役;Oliver Skipp;Leicester;24;后腰;;中前卫;后腰;后腰, 中场 (中);50.5;60.8;56.2;65.2;63.7;67.0;63.7;73.5;
28126246;现役;Samuel Edozie;Southampton;21;左边锋;左边前卫;;左边锋;中场/前腰 (左);51.0;59.2;69.0;44.8;74.0;61.8;50.5;57.5;
29178504;现役;Djed Spence;Tottenham Hotspur;24;左后卫;;右后卫、右翼卫;左后卫;后卫 (右左), 翼卫 (右);55.2;52.2;54.0;68.0;78.5;65.5;64.0;55.0;
2000142236;现役;Romain Esse;Coventry;19;左边锋;前腰;左边前卫、右边前卫、右边锋;左边锋;中场 (右左), 前腰 (右左中);47.7;53.5;68.5;43.2;66.8;52.8;47.3;48.5;
51054011;现役;Edson Álvarez;Fenerbahçe;27;中后卫;中前卫;后腰;中后卫;后卫 (中), 后腰, 中场 (中);49.3;60.2;57.0;73.3;59.2;70.2;63.5;75.8;
28066083;现役;Serge Gnabry;Bayern Munich;29;中锋;左边前卫、右边前卫;前腰、左边锋、右边锋;中锋;中场 (右左), 前腰 (右左中), 前锋 (中);75.2;69.8;72.8;49.0;69.5;56.5;66.3;61.5;
2000275657;现役;Jay Robinson;Southampton;17;左边锋;;;左边锋;前腰 (左);51.8;63.5;69.8;47.3;64.5;56.5;54.2;55.0;
2000023537;现役;Ben Nelson;Leicester;20;中后卫;;;中后卫;后卫 (中);36.0;58.7;62.3;67.2;60.0;64.0;64.2;62.0;
48036558;现役;Jean-Ricner Bellegarde;Wolves;26;左边锋;右边锋;中前卫、前腰;左边锋;中场 (中), 前腰 (右左中);56.3;64.0;71.8;46.2;70.0;62.3;57.0;61.0;
53101282;现役;Sander Berge;Fulham;26;中前卫;前腰;后腰;中前卫;后腰, 中场/前腰 (中);57.0;71.8;66.8;65.8;63.8;65.2;70.0;64.2;
2000284118;现役;Yunus Emre Konak;Oxford United;19;后腰;中前卫;;后腰;后腰, 中场 (中);48.5;57.3;57.2;69.5;58.8;67.5;61.0;70.5;
2000040214;现役;Jhon Solís;Birmingham;20;后腰;;中前卫;后腰;后腰, 中场 (中);51.8;64.0;58.0;61.0;65.5;69.8;62.7;61.8;
66014588;现役;Hwang Hee-Chan;Wolves;28;中锋;左边前卫、右边前卫、右边锋;左边锋;中锋;中场/前腰 (右左), 前锋 (中);64.8;57.0;64.0;43.8;71.3;61.0;57.7;68.0;
67248170;现役;Jorge Cuenca;Fulham;25;中后卫;;;中后卫;后卫 (中);43.8;62.0;55.0;71.3;72.0;67.2;65.8;66.2;
49038967;现役;Bafodé Diakité;Bournemouth;24;中后卫;右后卫;;中后卫;后卫 (右中);58.7;60.0;58.5;69.0;65.5;70.8;63.0;66.8;
55070285;现役;João Palhinha;Tottenham Hotspur;29;后腰;中前卫;;后腰;后腰, 中场 (中);53.0;58.2;57.0;82.7;62.0;80.8;68.3;88.0;
2000300033;现役;Romelle Donovan;Brentford;18;右边锋;中前卫;前腰;右边锋;中场 (中), 前腰 (右中);60.2;56.5;61.8;41.2;69.5;60.0;53.0;59.8;
2000187717;现役;Tommy Watson;Millwall;18;左边锋;中锋;右边锋;左边锋;前腰 (右左), 前锋 (中);64.8;56.0;66.5;38.8;68.0;55.0;53.7;55.0;
85140301;现役;Christopher Nkunku;AC Milan;27;左边锋、前腰、中锋;右边锋;;左边锋;前腰 (右左中), 前锋 (中);72.8;69.5;78.0;38.5;77.0;56.5;63.7;61.5;多最佳位置复核：左边锋、前腰、中锋
43091113;现役;Bryan Cristante;Roma;29;后腰;;中前卫;后腰;后腰, 中场 (中);68.2;70.0;60.0;73.0;55.2;79.5;69.5;74.2;
37053977;现役;Azor Matusiwa;Ipswich;26;后腰;右后卫、右翼卫、右边前卫;中前卫;后腰;后卫/翼卫 (右), 后腰, 中场 (右中);47.5;65.8;61.7;66.8;60.5;64.8;64.5;73.8;
13196616;现役;Edmond Tapsoba;Bayer 04 Leverkusen;25;中后卫;;;中后卫;后卫 (中);46.8;70.2;62.5;73.8;67.2;72.8;72.8;67.0;
28110488;现役;Dwight McNeil;Everton;25;左边锋;右边前卫、右边锋、中锋;左边前卫;左边锋;中场/前腰 (右左), 前锋 (中);64.2;69.0;68.8;56.5;64.2;61.3;62.5;65.8;
16184707;现役;Christoph Baumgartner;RB Leipzig;25;左边锋;右边锋;中前卫、前腰;左边锋;中场 (中), 前腰 (右左中);72.5;67.2;70.0;60.0;68.8;68.0;67.5;79.8;
89063073;现役;Kim Min-Jae;Bayern Munich;28;中后卫;;;中后卫;后卫 (中);41.8;63.5;56.0;78.2;68.5;76.8;67.5;76.8;
45095577;现役;Ritsu Doan;Eintracht Frankfurt;26;左边锋;前腰、右边前卫;右边锋;左边锋;中场 (右), 前腰 (右左中);65.0;69.2;76.0;54.0;72.8;61.2;64.0;69.2;
37060896;现役;Joey Veerman;PSV;26;前腰;后腰;中前卫;前腰;后腰, 中场/前腰 (中);66.2;76.8;66.5;49.0;62.0;66.5;67.5;73.0;
67215284;现役;Marc Cucurella;Chelsea;26;左翼卫、左后卫;中后卫、左边前卫;;左翼卫;后卫 (左中), 翼卫/中场 (左);59.8;68.5;64.0;63.0;75.0;65.2;66.0;81.8;多最佳位置复核：左翼卫、左后卫
2000013430;现役;Pablo Felipe;West Ham;21;中锋;;;中锋;前锋 (中);66.8;55.2;61.0;58.3;63.2;73.2;63.2;78.2;
2000379552;现役;Shumaira Mheuka;Chelsea;17;中锋;;;中锋;前锋 (中);56.5;45.0;51.8;41.0;65.2;61.0;56.8;55.5;
92074020;现役;Christian Pulisic;AC Milan;26;前腰、左边锋、右边锋;;中锋;前腰;前腰 (右左中), 前锋 (中);77.2;74.8;77.8;38.8;71.8;59.0;67.0;64.8;多最佳位置复核：前腰、左边锋、右边锋
53063430;现役;Alexander Sørloth;Atlético Madrid;29;中锋;;;中锋;前锋 (中);72.5;61.8;63.3;40.5;70.5;78.0;62.8;68.0;
76038475;现役;Jefferson Lerma;Crystal Palace;30;中后卫;;后腰、中前卫;中后卫;后卫 (中), 后腰, 中场 (中);48.5;58.0;58.5;68.3;63.8;71.8;62.3;70.8;
28110835;现役;Dan Ballard;Sunderland;25;中后卫;;;中后卫;后卫 (中);40.8;53.5;51.0;70.3;65.0;73.5;60.2;75.8;
76023027;现役;Davinson Sánchez;Galatasaray;28;中后卫;;;中后卫;后卫 (中);42.2;62.8;60.0;73.3;70.0;75.5;66.2;70.0;
85086031;现役;Adrien Rabiot;AC Milan;29;后腰;左边前卫;中前卫;后腰;后腰, 中场 (左中);69.2;72.0;69.5;72.0;73.8;82.2;66.7;68.0;
24016529;现役;Marcelo Brozović;Al-Nassr;32;后腰;;中前卫;后腰;后腰, 中场 (中);61.5;76.2;65.0;67.8;52.5;66.2;73.0;82.0;
14129337;现役;Nahuel Molina;Atlético Madrid;26;右边前卫;右翼卫;右后卫;右边前卫;后卫/翼卫/中场 (右);61.8;68.5;67.0;63.5;74.5;62.3;64.5;69.8;
2000070396;现役;Caspar Jander;Southampton;21;后腰;;中前卫;后腰;后腰, 中场 (中);51.5;65.8;65.5;62.0;64.2;64.8;62.2;75.8;
2000102796;现役;Joshua Quarshie;Southampton;20;中后卫;;;中后卫;后卫 (中);34.2;48.2;43.2;59.0;75.5;70.0;50.0;67.3;
71099066;现役;Artem Dovbyk;Roma;27;中锋;;;中锋;前锋 (中);67.8;56.5;59.8;44.5;71.2;75.5;61.0;69.0;
19352610;现役;Rodrigo Muniz;Fulham;23;中锋;;;中锋;前锋 (中);71.3;55.8;63.5;42.7;69.5;65.0;62.0;61.3;
71075952;现役;Mykola Matviienko;Shakhtar;28;中后卫;;左后卫;中后卫;后卫 (左中);44.8;65.8;57.3;64.0;65.0;67.2;57.5;72.5;
29126231;现役;Kyle Walker-Peters;West Ham;27;右翼卫;;左后卫、右后卫;右翼卫;后卫 (右左), 翼卫 (右);53.8;62.0;68.2;62.2;70.5;63.0;60.8;65.2;
2000280807;现役;Harry Amass;Norwich;17;左翼卫;;左后卫;左翼卫;后卫/翼卫 (左);46.0;63.8;71.2;56.8;68.2;58.5;60.0;49.8;
23168001;现役;Salem Al-Dawsari;Al-Hilal;33;左边锋;左边前卫;;左边锋;中场/前腰 (左);69.0;71.3;81.8;37.5;66.8;59.8;65.0;58.8;
51042313;现役;Hirving Lozano;San Diego FC;29;左边锋;中锋;右边锋;左边锋;前腰 (右左), 前锋 (中);69.0;69.2;74.5;39.5;68.0;44.8;61.8;53.5;
29115800;现役;Joe Gomez;Liverpool;27;中后卫;左后卫、右后卫;;中后卫;后卫 (右左中);28.0;59.8;62.5;73.8;76.8;73.0;63.2;68.5;
2000191846;现役;Jayden Danns;Liverpool;19;左边锋;前腰;中锋;左边锋;前腰 (左中), 前锋 (中);65.0;63.0;68.0;45.0;65.2;56.5;59.8;65.5;
28113416;现役;Jacob Greaves;Ipswich;24;中后卫;;左后卫;中后卫;后卫 (左中);47.5;64.5;57.3;67.2;64.8;71.0;59.5;64.8;
28124570;现役;Bashir Humphreys;Burnley;21;中后卫;左后卫;;中后卫;后卫 (左中);39.8;54.5;55.5;64.2;65.0;66.0;60.8;64.0;
18115949;现役;Jackson Tchatchoua;Wolves;23;右翼卫;;右后卫、右边前卫;右翼卫;后卫/翼卫/中场 (右);46.0;55.5;62.5;53.8;79.8;63.2;57.0;55.8;
45030953;现役;Wataru Endo;Liverpool;31;中后卫;中前卫;后腰;中后卫;后卫 (中), 后腰, 中场 (中);47.3;64.5;59.5;77.0;64.8;73.5;72.0;82.0;
2000087605;现役;Will Alves;Huddersfield;19;左边锋;中前卫、右边锋;前腰;左边锋;中场 (中), 前腰 (右左中);47.0;59.8;72.2;31.8;63.0;45.0;46.2;45.2;
2000189761;现役;Jacob Wright;Norwich;19;中前卫;;后腰;中前卫;后腰, 中场 (中);49.0;71.5;58.2;57.0;52.5;57.7;60.5;65.2;
67197145;现役;Lucas Hernández;Paris Saint-Germain;28;中后卫;;左后卫;中后卫;后卫 (左中);46.8;66.5;63.5;78.2;65.0;72.8;69.8;77.8;
13136629;现役;Taiwo Awoniyi;Nottingham Forest;27;中锋;;;中锋;前锋 (中);68.0;57.2;72.0;31.2;75.8;69.5;49.5;58.7;
2000158356;现役;Jair;Nottingham Forest;19;中后卫;;;中后卫;后卫 (中);39.8;58.2;51.5;67.8;62.2;62.0;61.0;61.8;
67258842;现役;Carlos Vicente;Birmingham;25;右边锋;;右边前卫;右边锋;中场/前腰 (右);59.8;59.2;63.8;47.2;74.5;63.5;59.7;69.5;
66034886;现役;Hwang In-Beom;Feyenoord;28;前腰;后腰;中前卫;前腰;后腰, 中场/前腰 (中);58.5;75.8;72.5;52.0;62.0;54.5;70.2;73.3;
49040114;现役;Enzo Le Fée;Sunderland;24;前腰;中前卫;左边锋;前腰;中场 (中), 前腰 (左中);56.8;74.5;74.5;52.5;68.2;53.0;65.2;64.2;
28100360;现役;Sean Longstaff;Leeds;27;后腰;;中前卫;后腰;后腰, 中场 (中);63.2;61.0;61.0;68.2;60.8;71.2;65.5;79.8;
2000183396;现役;Ollie Scarles;West Ham;19;左后卫;中后卫、后腰、左边前卫、左边锋;左翼卫;左后卫;后卫 (左中), 翼卫 (左), 后腰, 中场/前腰 (左);53.0;59.0;56.5;59.8;65.5;59.5;57.7;61.0;
43424702;现役;Edoardo Bove;Watford;22;后腰;前腰;中前卫;后腰;后腰, 中场/前腰 (中);58.3;65.5;64.8;66.5;59.0;56.2;64.5;73.2;
2000350903;现役;Sean Steur;Ajax;17;前腰;;中前卫;前腰;中场/前腰 (中);49.5;61.8;65.0;37.0;61.2;52.8;55.2;64.0;
2000006517;现役;Ruairi McConville;Norwich;19;中后卫;;;中后卫;后卫 (中);34.2;53.2;48.0;66.0;62.3;65.0;59.0;64.0;
2000027898;现役;Shea Charles;Southampton;21;中后卫;中前卫;后腰;中后卫;后卫 (中), 后腰, 中场 (中);53.8;65.2;59.0;66.0;60.5;66.8;66.7;68.8;
2000050618;现役;Charlie Hughes;Hull;21;中后卫;;;中后卫;后卫 (中);46.0;63.5;54.2;63.8;57.8;67.0;62.0;71.8;
91119700;现役;Jonathan Tah;Bayern Munich;28;中后卫;;;中后卫;后卫 (中);45.5;64.5;55.5;74.2;68.5;80.2;73.8;77.5;
78085068;现役;Ronald Araujo;Barcelona;25;中后卫;;;中后卫;后卫 (中);54.5;53.7;54.0;75.5;74.5;77.2;57.5;80.0;
2000123638;现役;Jamie Donley;Oxford United;20;前腰;;;前腰;前腰 (中);63.0;72.8;65.8;39.5;49.8;57.8;55.0;64.0;
95076451;现役;Stav Lemkin;FC Twente;21;中后卫;;;中后卫;后卫 (中);37.8;48.8;41.0;64.3;63.3;60.5;59.5;64.0;
13211267;现役;Abdul Fatawu;Leicester;20;右边锋;右边前卫;;右边锋;中场/前腰 (右);61.0;61.0;71.3;41.0;76.5;54.5;55.2;56.2;
71104595;现役;Vitaliy Mykolenko;Everton;25;左后卫;;左翼卫;左后卫;后卫/翼卫 (左);52.3;60.0;53.5;67.8;74.0;67.2;61.0;69.5;
16147659;现役;Konrad Laimer;Bayern Munich;27;右后卫、右翼卫;;后腰、中前卫;右后卫;后卫/翼卫 (右), 后腰, 中场 (中);53.5;62.3;59.5;70.0;73.2;70.8;62.0;87.5;多最佳位置复核：右后卫、右翼卫
2000254107;现役;Kaye Furo;Brentford;17;中锋;;;中锋;前锋 (中);55.7;56.8;64.2;45.0;64.5;55.0;54.8;54.3;
37066573;现役;Sem Steijn;Feyenoord;23;前腰;;中前卫;前腰;中场/前腰 (中);71.5;68.2;69.2;45.8;64.2;57.3;66.5;77.2;
16045721;现役;Marcel Sabitzer;Borussia Dortmund;30;后腰;前腰;中前卫;后腰;后腰, 中场/前腰 (中);68.3;66.5;62.2;61.2;64.2;67.0;63.5;79.0;
2000228120;现役;Marc Guiu;Chelsea;19;中锋;;;中锋;前锋 (中);62.5;53.2;58.2;38.8;65.8;69.8;51.5;59.0;
2000280572;现役;Joachim Kayi Sanda;Southampton;18;中后卫;;;中后卫;后卫 (中);37.0;52.0;42.3;62.2;65.8;63.2;54.2;59.5;
92023410;现役;Antonio Rüdiger;Real Madrid;31;中后卫;;;中后卫;后卫 (中);43.5;59.8;51.2;77.2;70.2;78.2;69.0;80.5;
43167354;现役;Manuel Locatelli;Juventus;27;后腰;;中前卫;后腰;后腰, 中场 (中);60.3;73.2;64.0;76.0;58.0;71.2;71.0;77.0;
28106687;现役;Eddie Nketiah;Crystal Palace;25;左边锋;前腰;中锋;左边锋;前腰 (左中), 前锋 (中);64.5;59.7;67.8;43.2;74.5;62.2;58.8;63.0;
63036085;现役;Dávid Strelec;Middlesbrough;23;前腰;右边锋;中锋;前腰;前腰 (右中), 前锋 (中);66.3;67.8;67.8;38.8;65.2;59.2;65.2;64.0;
292380030;现役;Tom Fellows;Southampton;21;左边锋;;右边前卫、右边锋;左边锋;中场 (右), 前腰 (右左);50.5;58.2;72.0;42.3;69.8;55.2;50.5;61.2;
98040226;现役;Noah Okafor;Leeds;24;左边锋;右边锋;中锋;左边锋;前腰 (右左), 前锋 (中);66.5;60.5;67.8;38.8;72.0;61.0;57.8;58.8;
27112672;现役;Jacob Bruun Larsen;Burnley;26;左边锋;左边前卫、右边前卫;右边锋;左边锋;中场/前腰 (右左);58.7;56.5;64.8;43.8;72.5;57.5;53.8;59.8;
63023511;现役;Ondrej Duda;Al-Ettifaq;30;前腰;;后腰、中前卫;前腰;后腰, 中场/前腰 (中);60.8;68.5;70.8;59.5;59.2;59.8;65.2;63.7;
72048035;现役;Weston McKennie;Juventus;26;后腰;右翼卫、前腰、右边锋;中前卫、右边前卫;后腰;翼卫 (右), 后腰, 中场/前腰 (右中);61.0;63.0;61.5;67.3;65.2;81.5;63.2;77.5;
18083491;现役;Leon Bailey;Aston Villa;27;左边锋;前腰;左边前卫、右边前卫、右边锋;左边锋;中场 (右左), 前腰 (右左中);67.5;64.0;70.5;39.5;78.5;55.0;57.5;58.2;
14043255;现役;Guido Rodríguez;Valencia;30;后腰;;中前卫;后腰;后腰, 中场 (中);53.0;63.0;62.2;75.8;56.5;66.8;69.5;73.0;
29228687;现役;Jay Stansfield;Birmingham;22;中锋;前腰、左边锋;;中锋;前腰 (左中), 前锋 (中);68.2;61.5;60.2;43.5;69.5;58.8;57.5;66.0;
2000137635;现役;Ashley Phillips;Stoke;19;中后卫;;;中后卫;后卫 (中);35.0;53.5;44.0;62.3;67.0;64.2;58.5;60.0;
2000293527;现役;Tyler Bindon;Sheffield United;19;中后卫;右后卫;;中后卫;后卫 (右中);43.0;52.0;49.0;64.2;63.2;68.3;56.8;61.5;
2000189871;现役;Lewis Miley;Newcastle;18;后腰;右后卫、前腰;中前卫;后腰;后卫 (右), 后腰, 中场/前腰 (中);60.8;67.0;64.5;64.8;65.2;65.2;66.5;69.8;
28127065;现役;Aaron Ramsey;Leicester;21;前腰;;中前卫;前腰;中场/前腰 (中);59.5;68.5;69.5;48.5;69.0;52.5;64.0;50.5;
28117365;现役;Luke Thomas;Leicester;23;中后卫;左翼卫;左后卫;中后卫;后卫 (左中), 翼卫 (左);55.8;59.5;58.8;64.0;60.8;60.8;62.0;62.2;
49039033;现役;Wilson Isidor;Sunderland;24;中锋;左边锋、右边锋;;中锋;前腰 (右左), 前锋 (中);68.8;60.5;61.0;43.5;72.0;55.0;58.7;50.8;
43372285;现役;Caleb Okoli;Leicester;23;中后卫;;;中后卫;后卫 (中);37.0;47.7;47.0;68.5;61.5;75.2;56.8;66.5;
78060464;现役;José Giménez;Atlético Madrid;30;中后卫;;;中后卫;后卫 (中);46.2;56.7;55.2;78.0;57.2;66.2;68.2;79.5;
16096614;现役;Florian Grillitsch;BRG;29;后腰;中后卫、中前卫;;后腰;后卫 (中), 后腰, 中场 (中);50.2;71.5;68.5;65.5;61.5;66.0;71.0;64.5;
27058392;现役;Pierre-Emile Højbjerg;Olympique de Marseille;29;后腰;;中前卫;后腰;后腰, 中场 (中);62.5;70.8;64.8;65.2;64.2;74.5;66.5;79.8;
37057744;现役;Jerdy Schouten;PSV;28;后腰;中前卫;中后卫;后腰;后卫 (中), 后腰, 中场 (中);54.5;73.2;68.5;68.5;57.0;61.0;68.2;71.8;
24021244;现役;Mario Pašalić;Bergamo;29;前腰;;中前卫;前腰;中场/前腰 (中);70.0;72.0;67.5;54.0;65.0;64.8;66.0;63.5;
20046423;现役;Brenden Aaronson;Leeds;24;左边锋;右边锋;中前卫、前腰;左边锋;中场 (中), 前腰 (右左中);58.8;60.2;68.0;54.8;74.2;59.2;54.0;68.3;
2000264337;现役;Pedro Lima;Wolves;18;右翼卫;;右后卫;右翼卫;后卫/翼卫 (右);48.5;57.7;65.2;53.0;67.8;49.5;55.0;51.5;
2000142045;现役;Julio Soler;Bournemouth;19;左翼卫;;左后卫;左翼卫;后卫/翼卫 (左);54.0;54.5;62.5;56.5;74.0;58.5;58.2;66.8;
2000256293;现役;Gustavo Nunes;Swansea;19;左边锋;右边锋;前腰;左边锋;前腰 (右左中);58.0;61.5;70.2;43.0;69.0;49.5;58.0;62.0;
91119265;现役;Julian Brandt;Borussia Dortmund;28;前腰;左边锋、右边锋;中前卫;前腰;中场 (中), 前腰 (右左中);65.0;80.5;78.8;45.5;67.0;58.0;67.8;52.0;
2000241724;现役;Andrés García;Aston Villa;21;右翼卫;;右后卫;右翼卫;后卫/翼卫 (右);55.3;61.0;65.5;54.5;71.8;58.5;56.2;59.2;
29076100;现役;James Ward-Prowse;Burnley;30;后腰;;中前卫、前腰;后腰;后腰, 中场/前腰 (中);60.8;65.8;60.7;59.0;52.3;66.8;62.8;80.0;
2000020024;现役;Freddie Potts;West Ham;21;后腰;;中前卫;后腰;后腰, 中场 (中);48.0;62.0;50.8;67.2;62.5;67.2;63.0;65.5;
37079089;现役;Kian Fitz-Jim;Ajax;21;前腰;;后腰、中前卫;前腰;后腰, 中场/前腰 (中);45.5;69.2;69.5;51.0;70.0;52.0;62.0;66.5;
96086697;现役;Jakub Moder;Feyenoord;25;前腰;;后腰、中前卫;前腰;后腰, 中场/前腰 (中);64.0;67.0;61.8;60.0;65.0;64.0;64.2;65.2;
2000182990;现役;Oscar Schwartau;Norwich;18;左边锋;;中前卫、前腰;左边锋;中场 (中), 前腰 (左中);58.0;59.5;65.0;33.8;63.2;62.2;53.0;59.0;
2000193842;现役;Sindre Walle Egeli;Ipswich;18;右边锋;右边前卫、中锋;;右边锋;中场/前腰 (右), 前锋 (中);63.2;66.5;69.0;36.2;68.0;51.5;59.0;46.5;
29108066;现役;Oli McBurnie;Hull;28;中锋;;;中锋;前锋 (中);66.3;62.0;61.2;41.5;64.0;67.0;58.5;65.0;
2000108031;现役;Will Lankshear;Oxford United;19;中锋;;;中锋;前锋 (中);61.5;55.7;59.2;41.0;68.5;65.0;59.8;62.8;
28122215;现役;Kasey McAteer;Ipswich;23;左边锋;左边前卫、右边前卫;右边锋;左边锋;中场/前腰 (右左);62.5;61.2;57.7;47.5;71.2;55.2;59.5;53.5;
91104807;现役;Leon Goretzka;Bayern Munich;29;后腰、中前卫;前腰;;后腰;后腰, 中场/前腰 (中);69.5;70.5;65.0;67.0;66.0;78.2;68.2;78.8;多最佳位置复核：后腰、中前卫
29219088;现役;Cameron Archer;Southampton;23;中锋;;;中锋;前锋 (中);65.0;50.8;62.3;35.0;76.5;60.2;56.8;60.2;
70087488;现役;Enes Ünal;Bournemouth;27;中锋;;;中锋;前锋 (中);67.5;57.7;69.5;38.2;62.0;66.5;56.2;63.2;
37057616;现役;Guus Til;PSV;27;中锋;;中前卫、前腰;中锋;中场/前腰 (中), 前锋 (中);71.0;65.5;61.8;44.0;62.2;68.5;70.0;71.0;
45111868;现役;Ayase Ueda;Feyenoord;26;中锋;;;中锋;前锋 (中);73.0;57.8;61.0;37.0;67.0;68.7;63.3;73.2;
29175587;现役;Leif Davis;Ipswich;25;左后卫;;左翼卫;左后卫;后卫/翼卫 (左);42.5;65.0;63.5;60.5;75.0;64.8;60.5;60.2;
28100269;现役;Axel Tuanzebe;Burnley;27;中后卫;;右后卫;中后卫;后卫 (右中);34.5;55.2;59.8;68.0;73.0;64.5;59.2;64.0;
2000031653;现役;August Priske;Birmingham;20;中锋;;;中锋;前锋 (中);64.0;51.5;56.5;41.5;66.8;70.0;56.3;65.0;
48043873;现役;Randal Kolo Muani;Tottenham Hotspur;26;左边锋;右边锋;中锋;左边锋;前腰 (右左), 前锋 (中);65.5;63.5;69.2;37.3;80.2;69.2;60.2;61.5;
29186418;现役;Jack Clarke;Ipswich;24;左边锋;右边锋;;左边锋;前腰 (右左);67.8;63.8;74.5;30.0;72.5;46.0;54.5;51.0;
12038706;现役;Ramy Bensebaini;Borussia Dortmund;29;中后卫;左翼卫;左后卫;中后卫;后卫 (左中), 翼卫 (左);57.8;67.2;67.0;68.8;66.8;71.0;66.2;72.8;
28106528;现役;Dara O'Shea;Ipswich;25;中后卫;右后卫;;中后卫;后卫 (右中);45.8;50.0;47.8;68.5;70.8;68.0;54.2;70.5;
43316850;现役;Giacomo Raspadori;Bergamo;24;左边锋;前腰、右边锋;中锋;左边锋;前腰 (右左中), 前锋 (中);68.8;67.0;72.5;36.2;70.0;57.5;62.3;65.2;
24039948;现役;Nikola Vlašić;Torino;27;前腰;中前卫、左边锋、右边锋、中锋;;前腰;中场 (中), 前腰 (右左中), 前锋 (中);68.8;71.8;74.0;50.5;66.8;64.0;66.5;65.8;
37064597;现役;Peer Koopmeiners;AZ;24;中后卫;;后腰、中前卫;中后卫;后卫 (中), 后腰, 中场 (中);50.0;62.0;51.3;66.3;62.5;71.2;64.2;75.0;
85093001;现役;Thomas Lemar;Girona;29;前腰;中前卫、右边锋;左边锋;前腰;中场 (中), 前腰 (右左中);64.0;77.2;76.0;40.2;70.0;52.3;61.8;63.8;
2000256110;现役;Shea Lacey;Manchester United;17;右边锋;前腰;;右边锋;前腰 (右中);62.5;61.3;72.5;27.5;67.2;50.2;50.5;56.0;
37076262;现役;Luciano Valente;Feyenoord;21;前腰;左边锋、右边锋;中前卫、左边前卫、右边前卫;前腰;中场/前腰 (右左中);54.2;65.8;72.8;47.0;63.2;63.5;58.5;67.0;
84154064;现役;Zeki Amdouni;Burnley;24;左边锋;;前腰、中锋;左边锋;前腰 (左中), 前锋 (中);64.0;63.5;69.8;34.8;63.3;61.8;59.7;43.2;
91195878;现役;Luca Netz;Nottingham Forest;21;左翼卫;;左后卫;左翼卫;后卫/翼卫 (左);51.8;61.2;63.2;52.8;69.5;61.5;56.8;56.2;
85100467;现役;Sadio Mané;Al-Nassr;32;左边锋、右边锋、中锋;左边前卫;;左边锋;中场 (左), 前腰 (右左), 前锋 (中);67.2;69.2;82.0;43.8;66.8;61.0;63.0;60.7;多最佳位置复核：左边锋、右边锋、中锋
28128173;现役;William Osula;Newcastle;21;左边锋;右边锋;中锋;左边锋;前腰 (右左), 前锋 (中);56.0;48.8;63.0;39.2;75.8;65.2;50.8;60.2;
18108540;现役;Jonathan David;Juventus;25;中锋;前腰、左边锋、右边锋;;左边锋;前腰 (右左中), 前锋 (中);66.8;68.5;70.0;40.0;76.2;66.8;60.0;65.0;多最佳位置复核：中锋
29156436;现役;Flynn Downes;Southampton;26;后腰;中前卫;;后腰;后腰, 中场 (中);47.0;64.5;64.8;68.5;62.0;65.5;67.8;71.8;
2000219431;现役;Ayoub Oufkir;AZ;19;左边锋;右边前卫、中锋;右边锋;左边锋;中场 (右), 前腰 (右左), 前锋 (中);54.5;59.2;66.8;32.8;71.8;49.0;49.8;58.2;
2000141707;现役;Yarek Gąsiorowski;PSV;20;中后卫;;左后卫;中后卫;后卫 (左中);47.2;57.0;57.0;65.0;64.5;64.5;59.5;65.5;
37049949;现役;Jerry St. Juste;Feyenoord;28;右后卫;;中后卫;右后卫;后卫 (右中);48.0;62.8;64.2;69.8;77.0;61.5;61.8;67.0;
2000406116;现役;Jocelin Ta Bi;Sunderland;19;左边锋;前腰、中锋;右边锋;左边锋;前腰 (右左中), 前锋 (中);44.5;52.7;66.5;41.2;69.8;47.5;44.2;54.0;
2000014086;现役;Wouter Goes;AZ;20;中后卫;;;中后卫;后卫 (中);40.2;60.0;56.0;69.5;58.7;65.8;65.5;74.0;
91172542;现役;Jordan Beyer;Burnley;24;中后卫;右后卫、右翼卫;;中后卫;后卫 (右中), 翼卫 (右);43.2;60.2;59.3;70.5;62.8;65.5;65.8;65.0;
29137250;现役;George Hirst;Ipswich;25;中锋;;;中锋;前锋 (中);62.0;58.0;56.5;54.0;68.5;68.8;57.7;66.0;
19302456;现役;Douglas Luiz;Aston Villa;26;中前卫;;后腰;中前卫;后腰, 中场 (中);68.5;70.0;69.2;66.3;60.5;65.2;69.0;64.5;
76065062;现役;Yerson Mosquera;Wolves;23;中后卫;;;中后卫;后卫 (中);46.5;55.2;53.5;66.0;69.0;65.0;60.5;56.2;
45095490;现役;Takehiro Tomiyasu;Ajax;26;中后卫、右后卫;左后卫、左翼卫、右翼卫;;中后卫;后卫 (右左中), 翼卫 (右左);50.8;61.0;64.0;70.5;65.5;67.8;67.2;70.5;多最佳位置复核：中后卫、右后卫
67217491;现役;Andrei Raţiu;Vallecano;26;右翼卫;;右后卫;右翼卫;后卫/翼卫 (右);46.8;58.0;66.2;61.2;83.5;69.8;60.0;66.8;
2000304487;现役;Christantus Uche;Crystal Palace;21;中锋;;中前卫、前腰;中锋;中场/前腰 (中), 前锋 (中);56.0;57.0;59.5;52.8;74.0;71.5;58.5;68.8;
37052843;现役;Denzel Dumfries;Inter Milan;28;右翼卫、右后卫;右边前卫;;右翼卫;后卫/翼卫/中场 (右);70.2;59.0;62.5;60.5;84.2;83.5;60.2;69.8;多最佳位置复核：右翼卫、右后卫
2000191507;现役;Adam Aznou;Everton;18;左翼卫;;左后卫;左翼卫;后卫/翼卫 (左);47.0;62.2;75.5;50.2;71.8;54.0;53.0;62.0;
2000253999;现役;Maher Carrizo;Ajax;18;中锋;;右边锋;中锋;前腰 (右), 前锋 (中);64.8;55.8;64.2;40.2;67.8;61.8;55.2;58.5;
18101818;现役;Mike Trésor;Burnley;25;前腰;左边锋;;前腰;前腰 (左中);62.8;66.3;68.3;47.5;67.2;59.5;63.5;62.5;
29136230;现役;Ryan Yates;Nottingham Forest;27;后腰;;中前卫;后腰;后腰, 中场 (中);54.8;64.5;57.0;66.2;63.0;71.8;63.0;75.5;
2000184286;现役;Mohamed Belloumi;Hull;22;右边锋;;右边前卫;右边锋;中场/前腰 (右);67.8;63.5;73.0;38.8;74.2;47.8;54.5;59.8;
20048604;现役;Ricardo Pepi;PSV;22;中锋;;;中锋;前锋 (中);68.2;59.2;67.2;36.2;67.8;64.5;63.0;61.0;
48032338;现役;Ismaël Bennacer;Dinamo Zagreb;27;中前卫;;后腰;中前卫;后腰, 中场 (中);59.2;74.0;72.5;70.5;66.8;57.3;70.5;74.2;
2000261216;现役;Bade Aluko;Leicester;18;中后卫;左翼卫、右翼卫;左后卫、右后卫;中后卫;后卫 (右左中), 翼卫 (右左);32.8;47.8;46.0;51.2;62.0;57.7;42.8;59.8;
2000385886;现役;Diego León;Manchester United;17;左翼卫;;左后卫;左翼卫;后卫/翼卫 (左);41.5;44.5;55.8;50.2;73.0;53.8;41.8;49.0;
25041687;现役;Tomáš Souček;West Ham;29;后腰;;中前卫;后腰;后腰, 中场 (中);68.2;48.5;47.2;73.8;57.5;84.0;67.0;81.2;
83262111;现役;Jeremy Sarmiento;Middlesbrough;22;左边锋;前腰;右边锋;左边锋;前腰 (右左中);59.0;58.5;70.8;38.7;73.5;58.2;52.7;57.2;
18091019;现役;Akram Afif;Al-Sadd;28;左边锋;中锋;;左边锋;前腰 (左), 前锋 (中);66.5;66.2;78.0;32.2;74.5;55.7;55.5;56.8;
2000177913;现役;Shaqueel van Persie;Feyenoord;18;左边锋;右边锋;中锋;左边锋;前腰 (右左), 前锋 (中);51.0;66.8;65.8;26.0;60.2;50.5;48.5;54.3;
45092658;现役;Ko Itakura;Ajax;27;中后卫;后腰;;中后卫;后卫 (中), 后腰;45.8;62.5;57.0;70.8;65.0;70.2;66.5;75.5;
28049754;现役;Ben Davies;Tottenham Hotspur;31;中后卫;左翼卫;左后卫;中后卫;后卫 (左中), 翼卫 (左);50.5;65.8;61.5;69.2;64.8;71.8;65.2;74.2;
2000112986;现役;Max Alleyne;Manchester City;19;中后卫;;;中后卫;后卫 (中);48.2;64.2;65.0;65.2;66.8;62.0;63.8;63.5;
51052239;现役;Orbelín Pineda;AEK;28;前腰;左边锋;中前卫;前腰;中场 (中), 前腰 (左中);57.0;70.8;73.0;54.2;73.2;55.7;61.0;63.2;
29140167;现役;James Justin;Leeds;26;中后卫;左翼卫、右翼卫;左后卫、右后卫;中后卫;后卫 (右左中), 翼卫 (右左);40.8;58.7;59.3;67.2;67.2;59.8;60.7;67.5;
28100207;现役;Harvey Barnes;Newcastle;27;左边锋;前腰、右边锋;左边前卫;左边锋;中场 (左), 前腰 (右左中);65.0;62.5;72.2;36.8;74.0;60.5;56.2;56.0;
2000147523;现役;Omari Kellyman;Cardiff;19;左边锋;右边锋;前腰;左边锋;前腰 (右左中);61.0;59.2;67.8;42.5;66.2;50.5;56.8;54.0;
29114887;现役;Demarai Gray;Birmingham;28;左边锋;右边锋;;左边锋;前腰 (右左);59.2;60.5;72.2;35.5;71.8;58.7;50.8;56.5;
48038017;现役;Imrân Louza;Watford;25;前腰;;后腰、中前卫;前腰;后腰, 中场/前腰 (中);58.0;70.8;68.3;61.8;58.8;53.5;67.5;63.5;
2000254793;现役;Sverre Nypan;Manchester City;18;前腰;;中前卫;前腰;中场/前腰 (中);50.5;64.2;66.5;43.5;61.8;51.5;56.0;58.5;
98029385;现役;Breel Embolo;Rennes;27;右边锋;前腰;中锋;右边锋;前腰 (右中), 前锋 (中);61.0;64.7;67.0;44.3;69.5;77.0;57.0;71.0;
37085322;现役;Lamare Bogarde;Aston Villa;21;中后卫;;右后卫、后腰、中前卫;中后卫;后卫 (右中), 后腰, 中场 (中);48.8;61.0;59.5;64.0;62.2;60.8;59.0;64.8;
13199286;现役;Nayef Aguerd;Olympique de Marseille;28;中后卫;;;中后卫;后卫 (中);54.2;64.0;54.5;73.8;66.8;68.5;67.8;63.5;
29079830;现役;Jacob Murphy;Newcastle;29;左边锋;右边前卫;右边锋;左边锋;中场 (右), 前腰 (右左);58.0;62.5;69.5;52.0;74.8;54.5;59.3;66.2;
37065767;现役;Sergiño Dest;PSV;24;左翼卫;;左后卫、右后卫、右翼卫;左翼卫;后卫/翼卫 (右左);48.5;62.8;71.5;57.5;75.8;49.8;57.3;60.7;
2000093091;现役;Nestory Irankunda;Watford;18;左边锋;左边前卫;右边前卫、右边锋;左边锋;中场/前腰 (右左);46.0;42.5;62.7;22.2;83.8;52.8;36.8;47.0;
37050681;现役;Gustavo Hamer;Sheffield United;27;前腰;左边前卫、左边锋;后腰、中前卫;前腰;后腰, 中场/前腰 (左中);62.7;67.0;64.5;57.5;62.2;57.2;61.8;65.8;
37086853;现役;Mexx Meerdink;AZ;21;中锋;;;中锋;前锋 (中);68.2;62.5;69.0;37.8;65.0;63.8;55.8;63.7;
28099981;现役;Stephy Mavididi;Leicester;26;左边锋;左边前卫;;左边锋;中场/前腰 (左);59.0;57.2;67.5;37.2;77.5;62.5;52.8;58.0;
2000126653;现役;Enoch Mastoras;AZ;18;中后卫;右翼卫;右后卫、后腰、中前卫;中后卫;后卫 (右中), 翼卫 (右), 后腰, 中场 (中);43.5;58.5;60.2;64.8;57.7;57.8;62.0;63.0;
83228401;现役;Toti;Wolves;26;中后卫;左后卫;;中后卫;后卫 (左中);38.8;53.2;53.5;65.5;68.5;70.0;59.0;63.5;
28091349;现役;Adam Armstrong;Wolves;27;右边锋;;中锋;右边锋;前腰 (右), 前锋 (中);62.5;54.8;62.2;34.5;77.5;51.2;53.8;60.0;
63012964;现役;Stanislav Lobotka;Napoli;30;后腰、中前卫;;;后腰;后腰, 中场 (中);49.2;78.0;73.5;74.8;67.5;66.0;76.7;74.2;多最佳位置复核：后腰、中前卫
67279610;现役;Miguel Rodríguez;FC Utrecht;21;左边锋;中锋;右边锋;左边锋;前腰 (右左), 前锋 (中);63.7;59.5;71.5;37.3;67.2;56.5;54.8;61.5;
67086656;现役;Antoine Griezmann;Atlético Madrid;33;前腰、中锋;左边锋、右边锋;;前腰;前腰 (右左中), 前锋 (中);72.8;84.5;77.2;48.0;56.0;56.2;73.0;73.8;多最佳位置复核：前腰、中锋
29106999;现役;Sam Szmodics;Derby;29;中锋;;前腰、左边锋;中锋;前腰 (左中), 前锋 (中);68.5;60.5;60.2;46.8;67.2;63.2;61.5;73.8;
75045691;现役;Marcelino Núñez;Ipswich;24;前腰;后腰;中前卫;前腰;后腰, 中场/前腰 (中);63.5;75.5;75.0;47.2;58.0;58.5;67.8;68.5;
2000186151;现役;Alex Tóth;Bournemouth;19;中前卫;;后腰、前腰;中前卫;后腰, 中场/前腰 (中);52.3;71.3;60.2;57.5;52.5;55.2;61.8;61.2;
18087987;现役;Sebastiaan Bornauw;Leeds;25;中后卫;;;中后卫;后卫 (中);42.8;56.0;48.5;68.5;65.2;72.2;60.2;75.3;
2000216339;现役;Othmane Maamma;Watford;19;右边锋;;;右边锋;前腰 (右);52.0;63.0;69.2;32.0;69.8;55.8;53.2;62.5;
28087373;现役;Connor Roberts;Burnley;29;右后卫;;右翼卫;右后卫;后卫/翼卫 (右);53.2;55.5;51.5;60.0;65.8;64.5;57.3;71.2;
67191910;现役;Éric Bailly;Oviedo;30;中后卫;;;中后卫;后卫 (中);36.0;50.7;57.0;76.2;68.8;74.8;56.5;63.5;
29218024;现役;Hayden Hackney;Middlesbrough;22;中前卫;;后腰;中前卫;后腰, 中场 (中);61.2;71.8;66.2;62.8;58.0;60.8;69.2;68.3;
2000052726;现役;Matěj Jurásek;Norwich;21;左边锋;左边前卫;右边前卫、右边锋;左边锋;中场/前腰 (右左);57.0;65.5;69.5;39.8;64.0;52.0;55.8;52.5;
27102380;现役;Kasper Dolberg;Ajax;27;中锋;;;中锋;前锋 (中);71.3;69.2;68.0;39.2;67.8;65.8;62.2;57.0;
2000045698;现役;Oussama Targhalline;Feyenoord;22;中前卫;;后腰;中前卫;后腰, 中场 (中);52.5;73.8;67.0;56.0;64.2;64.5;66.3;60.5;
14044150;现役;Paulo Dybala;Roma;31;前腰、中锋;右边锋;;前腰;前腰 (右中), 前锋 (中);74.2;83.5;88.0;28.0;63.7;50.5;65.0;59.8;多最佳位置复核：前腰、中锋
18091791;现役;Wilfred Ndidi;Beşiktaş;28;后腰;中前卫;;后腰;后腰, 中场 (中);50.5;60.8;61.0;69.5;58.2;64.2;63.5;70.0;
2000158343;现役;Sondre Ørjasæter;FC Twente;21;左边锋;左边前卫、右边前卫、右边锋;;左边锋;中场/前腰 (右左);50.8;65.5;77.5;37.8;73.5;53.5;54.8;54.2;
37075765;现役;Milan van Ewijk;Coventry;24;右翼卫;右边前卫、右边锋;右后卫;右翼卫;后卫/翼卫/中场/前腰 (右);42.2;52.5;60.0;55.0;83.2;57.5;50.0;63.8;
28087685;现役;Josh Cullen;Burnley;28;后腰;;中前卫;后腰;后腰, 中场 (中);46.2;66.5;60.8;69.8;59.7;65.0;67.5;73.3;
61078701;现役;Ross Stewart;Southampton;28;中锋;;;中锋;前锋 (中);64.0;56.0;56.0;47.5;61.0;68.8;58.5;67.8;
14043349;现役;Ángel Correa;Tigres;29;右边锋;前腰;中锋;右边锋;前腰 (右中), 前锋 (中);68.8;65.8;74.8;41.5;69.5;60.2;66.2;73.2;
85120944;现役;Benjamin Pavard;Olympique de Marseille;28;中后卫;右后卫;;中后卫;后卫 (右中);57.8;65.2;59.8;74.8;66.0;70.2;71.5;73.8;
28116006;现役;Finn Azaz;Southampton;24;前腰;中前卫、左边锋;;前腰;中场 (中), 前腰 (左中);65.8;72.2;70.5;43.5;57.0;50.8;64.8;49.5;
47102376;现役;Toluwalase Arokodare;Wolves;24;中锋;;;中锋;前锋 (中);63.0;55.0;55.5;50.0;55.5;75.2;59.5;62.5;
19407328;现役;Patati;AZ;21;左边锋;中前卫;前腰、右边锋;左边锋;中场 (中), 前腰 (右左中);60.5;64.8;69.8;51.5;68.5;53.5;58.8;65.0;
19250980;现役;Mauro Júnior;PSV;25;左边锋;右后卫、右翼卫、后腰;左后卫、左翼卫、左边前卫;左边锋;后卫/翼卫 (右左), 后腰, 中场/前腰 (左);57.7;66.5;72.5;50.8;61.5;51.8;62.7;63.8;
2000045246;现役;Ruben van Bommel;PSV;20;中锋;;左边前卫、左边锋;中锋;中场/前腰 (左), 前锋 (中);64.8;57.2;61.8;33.5;77.5;66.2;51.5;58.8;
37061602;现役;Orkun Kökçü;Beşiktaş;24;前腰;后腰;中前卫;前腰;后腰, 中场/前腰 (中);65.2;81.5;73.0;41.2;62.8;61.8;65.5;65.3;
18083611;现役;Dodi Lukébakio;Benfica;27;左边锋;右边前卫、中锋;右边锋;左边锋;中场 (右), 前腰 (右左), 前锋 (中);67.8;63.0;79.0;32.0;76.2;59.2;56.5;52.0;
62082823;现役;Andrija Živković;PAOK;28;前腰;左边前卫、右边前卫、左边锋;右边锋;前腰;中场 (右左), 前腰 (右左中);65.0;78.2;75.8;39.5;58.8;50.0;63.8;66.2;
28128115;现役;Jesurun Rak-Sakyi;Stoke;22;左边锋;左边前卫;前腰、右边前卫、右边锋;左边锋;中场 (右左), 前腰 (右左中);60.5;59.0;69.5;46.0;68.5;50.5;56.5;53.2;
43093171;现役;Piotr Zieliński;Inter Milan;30;前腰;;中前卫;前腰;中场/前腰 (中);66.5;77.5;72.2;46.2;65.5;58.2;64.8;55.5;
28109697;现役;Liam Millar;Hull;25;左边锋;;左边前卫;左边锋;中场/前腰 (左);55.8;63.0;72.5;38.8;70.0;52.8;51.8;54.2;
45111131;现役;Tsuyoshi Watanabe;Feyenoord;27;中后卫;;;中后卫;后卫 (中);52.0;54.8;50.7;70.0;65.5;69.0;65.5;72.5;
19363237;现役;Welington;Southampton;23;左翼卫;;左后卫;左翼卫;后卫/翼卫 (左);52.7;59.0;64.0;54.8;74.5;58.5;60.0;62.2;
28088513;现役;Harry Winks;Leicester;28;中前卫;;后腰;中前卫;后腰, 中场 (中);55.8;70.2;64.0;57.5;56.0;58.5;63.5;59.2;
83228369;现役;Alexandre Penetra;AZ;23;中后卫;;;中后卫;后卫 (中);46.8;58.3;49.5;72.0;61.0;66.0;64.2;75.0;
2000283330;现役;Mateo Chávez;AZ;20;左后卫;左翼卫;;左后卫;后卫/翼卫 (左);49.8;60.7;64.8;64.2;70.0;62.2;58.2;68.5;
29243820;现役;Ronnie Edwards;QPR;21;中后卫;;;中后卫;后卫 (中);49.0;69.5;63.5;65.3;57.5;64.2;67.5;70.5;
2000176255;现役;Kodai Sano;N.E.C.;21;左边锋;;中前卫、前腰、左边前卫;左边锋;中场/前腰 (左中);58.0;66.8;72.2;52.3;71.3;53.5;62.5;58.5;
2000027031;现役;Isaac Price;West Brom;21;前腰;;中前卫;前腰;中场/前腰 (中);69.8;62.5;58.8;57.5;60.5;55.8;64.2;63.5;
29226253;现役;Tommy Conway;Middlesbrough;22;中锋;前腰、左边锋、右边锋;;中锋;前腰 (右左中), 前锋 (中);62.5;60.2;61.2;43.8;66.0;62.0;62.0;66.8;
51055821;现役;Jorge Sánchez;PAOK;27;左后卫;左翼卫、右翼卫;右后卫;左后卫;后卫/翼卫 (右左);41.5;56.8;57.3;64.5;76.8;60.0;55.0;67.5;
85045409;现役;Raphaël Guerreiro;Bayern Munich;31;前腰;后腰;左后卫、左翼卫、中前卫;前腰;后卫/翼卫 (左), 后腰, 中场/前腰 (中);67.8;79.2;79.2;49.2;65.2;53.2;64.8;56.5;
29086005;现役;Will Hughes;Crystal Palace;29;后腰;;中前卫;后腰;后腰, 中场 (中);56.0;68.8;62.5;70.2;53.0;65.5;69.8;74.8;
37064720;现役;Lutsharel Geertruida;Sunderland;24;中后卫;左后卫、后腰;右后卫、右翼卫;中后卫;后卫 (右左中), 翼卫 (右), 后腰;51.5;65.8;62.5;65.2;65.5;70.0;64.0;72.2;
2000077634;现役;Justin Devenny;Crystal Palace;21;后腰;左翼卫、左边前卫;中前卫、前腰;后腰;翼卫 (左), 后腰, 中场 (左中), 前腰 (中);53.8;57.0;53.5;57.2;60.5;60.2;55.8;66.5;
37055848;现役;Zian Flemming;Burnley;26;中锋;左边锋、右边锋;前腰;中锋;前腰 (右左中), 前锋 (中);67.0;62.8;62.2;46.5;54.5;57.7;59.0;61.8;
78076996;现役;Santiago Bueno;Wolves;26;中后卫;;;中后卫;后卫 (中);42.3;54.5;48.5;69.8;62.8;64.5;62.0;63.0;
85051083;现役;Kalidou Koulibaly;Al-Hilal;33;中后卫;;;中后卫;后卫 (中);45.2;56.8;49.8;80.5;59.0;76.5;65.0;73.7;
20034959;现役;Haji Wright;Coventry;26;中锋;右边锋;左边锋;中锋;前腰 (右左), 前锋 (中);65.8;52.2;61.8;32.2;71.2;65.8;52.8;48.0;
2000035859;现役;Nilson Angulo;Sunderland;21;左边锋;右边锋、中锋;;左边锋;前腰 (右左), 前锋 (中);54.7;56.2;62.0;47.2;71.8;64.5;46.8;54.8;
2000065731;现役;Seiya Maikuma;AZ;27;右后卫;;右翼卫;右后卫;后卫/翼卫 (右);50.8;66.5;65.2;64.5;66.0;63.3;68.0;67.5;
62193533;现役;Tomi Horvat;Bristol City;25;前腰;右边前卫、左边锋;中前卫;前腰;中场 (右中), 前腰 (左中);61.2;68.0;66.8;48.0;64.5;55.5;60.7;63.7;
91175809;现役;Kai Wagner;Birmingham;27;左后卫;左翼卫、左边前卫;;左后卫;后卫/翼卫/中场 (左);45.7;62.8;58.2;61.5;64.5;58.5;56.2;61.5;
61083649;现役;Nathan Patterson;Everton;23;右后卫;;右翼卫;右后卫;后卫/翼卫 (右);50.8;53.7;51.0;57.5;75.0;65.0;51.2;61.2;
2000117722;现役;Papa Amadou Diallo;Norwich;20;左边锋;左边前卫;右边锋;左边锋;中场 (左), 前腰 (右左);55.5;55.0;64.2;41.8;77.0;52.5;52.5;54.8;
28047558;现役;Michael Keane;Everton;32;中后卫;;;中后卫;后卫 (中);46.0;60.5;52.8;74.8;55.5;70.0;62.3;72.5;
28106684;现役;Joe Willock;Newcastle;25;中前卫;前腰;;中前卫;中场 (中);63.8;65.2;68.0;50.5;76.8;61.2;63.2;64.2;仅CM修正：前插和无球跑动突出，补充前腰
28112512;现役;Jaidon Anthony;Burnley;25;左边锋;左边前卫;;左边锋;中场/前腰 (左);55.7;61.5;66.2;39.8;74.0;53.5;57.0;59.5;
2000161759;现役;Bae Jun-Ho;Stoke;21;前腰;左边前卫、右边前卫;左边锋、右边锋;前腰;中场 (右左), 前腰 (右左中);47.0;62.0;68.5;44.0;64.2;63.2;58.0;64.0;
61070563;现役;Kieran Tierney;Celtic;27;左后卫;;左翼卫;左后卫;后卫/翼卫 (左);51.5;62.5;62.8;67.5;68.0;56.8;61.8;77.0;
37055855;现役;Ramiz Zerrouki;FC Twente;26;后腰;;中前卫;后腰;后腰, 中场 (中);54.0;67.8;61.3;66.8;56.2;66.8;66.0;74.8;
19226741;现役;Lucas Paquetá;Flamengo;27;前腰;后腰;中前卫、左边锋;前腰;后腰, 中场 (中), 前腰 (左中);62.8;68.8;78.7;56.0;65.5;65.8;60.0;58.8;
83190945;现役;Ali Al Musrati;Hellas Verona;28;后腰;;中前卫;后腰;后腰, 中场 (中);57.2;72.8;58.5;65.8;51.5;66.7;69.8;62.7;
2000382120;现役;Chido Obi;Manchester United;17;中锋;;;中锋;前锋 (中);60.5;47.5;59.5;31.8;64.0;58.2;47.2;46.2;
28106874;现役;Japhet Tanganga;Sheffield United;25;中后卫;右后卫;;中后卫;后卫 (右中);42.5;54.2;55.5;66.0;64.5;68.0;60.5;68.0;
2000015270;现役;Mohamed Touré;Norwich;20;左边锋;前腰、右边锋;中锋;左边锋;前腰 (右左中), 前锋 (中);56.8;51.5;59.8;26.5;76.5;60.8;45.5;51.5;
79024232;现役;Miguel Almirón;Atlanta United;30;左边锋;左边前卫、右边前卫;前腰、右边锋;左边锋;中场 (右左), 前腰 (右左中);58.0;57.8;62.8;58.0;81.8;58.3;60.2;71.0;
28106360;现役;Lukas Nmecha;Leeds;26;左边锋;右边锋;中锋;左边锋;前腰 (右左), 前锋 (中);65.8;58.0;67.5;36.5;68.0;58.2;57.2;57.3;
45064891;现役;Takumi Minamino;Monaco;30;左边锋;右边锋;前腰;左边锋;前腰 (右左中);61.5;68.2;72.5;46.0;70.5;58.8;60.0;67.2;
28127371;现役;Hugo Bueno;Wolves;22;左翼卫;;左后卫、左边前卫;左翼卫;后卫/翼卫/中场 (左);52.5;62.0;63.2;55.7;68.2;62.0;60.0;66.8;
57142187;现役;Dennis Man;PSV;26;右边锋;;;右边锋;前腰 (右);64.5;68.2;70.8;31.8;71.8;61.8;54.5;62.5;
2000014557;现役;Dave Kwakman;FC Volendam;20;前腰;;后腰、中前卫;前腰;后腰, 中场/前腰 (中);45.8;65.3;69.0;52.0;61.5;59.5;61.5;55.2;
2000144613;现役;Başar Önal;N.E.C.;20;前腰;;左边锋、右边锋;前腰;前腰 (右左中);59.2;65.8;64.5;38.8;61.5;56.5;57.2;53.5;
37024470;现役;Memphis Depay;Corinthians;30;左边锋;前腰;中锋;左边锋;前腰 (左中), 前锋 (中);67.5;72.8;78.2;29.0;71.8;63.8;57.7;63.5;
13139098;现役;Moses Simon;Paris FC;29;左边锋;左边前卫;;左边锋;中场/前腰 (左);58.2;67.2;71.2;39.8;75.8;53.2;58.5;57.5;
27118876;现役;Victor Torp;Coventry;25;前腰;中锋;后腰、中前卫;前腰;后腰, 中场/前腰 (中), 前锋 (中);65.8;66.2;66.0;42.7;65.5;56.2;58.0;56.5;
29216806;现役;Nathan Wood;Southampton;22;中后卫;;;中后卫;后卫 (中);38.2;51.5;46.2;69.2;64.5;68.8;60.0;66.5;
19335371;现役;Lucas Pires;Burnley;23;右边锋;右边前卫;左后卫、左翼卫;右边锋;后卫/翼卫 (左), 中场/前腰 (右);55.2;60.7;65.5;53.0;70.0;59.0;58.5;53.5;
14181375;现役;Nicolás González;Atlético Madrid;26;左边锋;左边前卫、中锋;右边前卫、右边锋;左边锋;中场/前腰 (右左), 前锋 (中);72.8;70.8;74.0;38.0;75.8;65.0;61.0;68.8;
67139735;现役;Dani Carvajal;Real Madrid;33;右后卫;;右翼卫;右后卫;后卫/翼卫 (右);64.0;65.5;64.2;72.8;67.8;68.8;71.2;82.5;
14048343;现役;Rodrigo De Paul;Inter Miami;30;前腰;右边前卫;中前卫;前腰;中场 (右中), 前腰 (中);70.8;78.0;76.8;57.5;71.8;65.8;68.8;71.3;
80028885;现役;Amir Murillo;Beşiktaş;28;中后卫;;右后卫、右翼卫;中后卫;后卫 (右中), 翼卫 (右);56.2;64.5;60.5;65.5;71.8;67.0;61.8;61.8;
28100205;现役;Hamza Choudhury;Leicester;27;后腰;左后卫;右后卫;后腰;后卫 (右左), 后腰;41.0;58.8;57.7;64.0;63.2;65.2;57.3;69.7;
67245193;现役;Tarek Salman;Al-Sadd;27;中后卫;;;中后卫;后卫 (中);43.8;57.5;55.5;67.0;62.8;61.8;60.2;69.8;
51045753;现役;Roberto Alvarado;Chivas;26;左边锋;左边前卫、右边锋;;左边锋;中场 (左), 前腰 (右左);66.0;67.8;71.2;44.2;69.0;54.5;63.0;58.8;
2000298714;现役;Callum Olusesi;Tottenham Hotspur;17;前腰;;后腰、中前卫;前腰;后腰, 中场/前腰 (中);55.0;60.2;54.5;49.0;62.0;56.5;54.8;41.8;
29061164;现役;Dan Burn;Newcastle;32;中后卫;左后卫;;中后卫;后卫 (左中);44.0;58.5;50.5;77.0;56.0;74.0;64.8;80.2;
28109888;现役;Angel Gomes;Wolves;24;前腰;后腰;中前卫;前腰;后腰, 中场/前腰 (中);65.2;73.2;71.5;55.0;65.0;44.2;67.8;59.8;
29139576;现役;Todd Cantwell;Blackburn;26;前腰;;中前卫;前腰;中场/前腰 (中);58.2;74.2;75.2;47.7;60.2;52.5;66.0;57.5;
2000198728;现役;Kadan Young;Reading;19;左边锋;右边前卫;右边锋;左边锋;中场 (右), 前腰 (右左);46.5;56.8;60.8;42.0;70.2;48.5;45.0;54.0;
29217706;现役;James Hill;Bournemouth;23;中后卫;;右后卫;中后卫;后卫 (右中);47.5;59.8;56.5;64.8;66.8;67.0;62.5;65.5;
2000095662;现役;Thijmen Blokzijl;FC Groningen;19;中后卫;;后腰;中后卫;后卫 (中), 后腰;45.5;54.2;50.7;64.0;56.5;61.2;58.2;57.3;
85078058;现役;Riyad Mahrez;Al-Ahli;33;右边锋、右边前卫;;;右边锋;中场/前腰 (右);73.0;85.5;88.5;36.0;58.2;55.7;68.5;52.0;多最佳位置复核：右边锋、右边前卫
2000179623;现役;Dies Janse;FC Groningen;19;中后卫;左后卫;;中后卫;后卫 (左中);43.8;56.0;46.5;58.2;57.2;61.0;55.5;64.0;
28116307;现役;Harry Clarke;Charlton;23;中后卫;右翼卫;右后卫;中后卫;后卫 (右中), 翼卫 (右);48.2;53.5;53.2;61.8;72.0;62.7;53.5;70.0;
73201859;现役;Anis Hadj Moussa;Feyenoord;22;左边锋;右边前卫;右边锋;左边锋;中场 (右), 前腰 (右左);52.5;64.8;78.0;34.5;73.5;55.5;52.8;53.0;
2000268723;现役;Christ Makosso;Oxford United;20;中后卫;;;中后卫;后卫 (中);36.3;44.2;48.0;61.5;69.5;70.5;53.2;58.5;
59123271;现役;Giorgi Chakvetadze;Watford;25;前腰;中前卫;左边锋;前腰;中场 (中), 前腰 (左中);53.3;69.0;73.5;39.8;66.8;53.5;58.2;57.7;
28111063;现役;Ben Johnson;Ipswich;24;左后卫;右边前卫;右后卫、右翼卫;左后卫;后卫 (右左), 翼卫/中场 (右);52.3;54.2;58.8;64.5;65.0;60.8;58.8;67.8;
27129125;现役;Frank Onyeka;Coventry;27;后腰;;中前卫;后腰;后腰, 中场 (中);51.5;56.8;60.8;66.0;72.8;73.2;62.7;77.8;
29139721;现役;Gabriel Osho;Cardiff;26;中后卫;右后卫;;中后卫;后卫 (右中);40.5;50.0;49.8;64.2;69.5;67.8;54.3;66.5;
55062009;现役;Ricardo Pereira;Leicester;31;右翼卫;;右后卫;右翼卫;后卫/翼卫 (右);59.8;65.2;67.8;63.8;61.7;55.0;63.5;67.2;
2000130424;现役;Matěj Šín;AZ;20;前腰;;中前卫;前腰;中场/前腰 (中);60.2;65.5;67.0;53.8;62.0;55.5;65.8;67.8;
93064994;现役;Anel Ahmedhodžić;Feyenoord;25;中后卫;;;中后卫;后卫 (中);40.2;63.3;56.3;67.8;66.8;67.5;65.8;68.2;
16183022;现役;Almoez Ali;Al-Duhail;28;左边锋;;右边锋、中锋;左边锋;前腰 (右左), 前锋 (中);66.0;61.0;68.0;40.8;66.8;58.2;54.5;61.5;
29177374;现役;Alfie Doughty;Millwall;25;左边锋;右翼卫、后腰、中前卫;左后卫、左翼卫、左边前卫、右边锋;左边锋;后卫 (左), 翼卫 (右左), 后腰, 中场 (左中), 前腰 (右左);47.3;54.0;62.5;49.8;65.0;55.2;52.2;54.8;
2000202178;现役;Malcolm Jeng;Feyenoord;19;中后卫;左后卫;;中后卫;后卫 (左中);42.7;59.5;58.0;60.5;61.0;66.8;59.3;61.5;
2000105658;现役;Cam Bragg;Southampton;19;中前卫;;后腰;中前卫;后腰, 中场 (中);51.0;63.5;63.0;55.8;56.5;57.2;62.0;58.5;
28066821;现役;Joe Rothwell;Sheffield United;30;中前卫;后腰;;中前卫;后腰, 中场 (中);57.5;64.8;70.8;51.2;70.0;64.5;55.7;67.5;
5108293;现役;Chris Wood;Nottingham Forest;33;中锋;;;中锋;前锋 (中);64.0;62.0;60.2;50.8;57.0;74.8;63.2;74.8;
38039385;现役;Roland Sallai;Galatasaray;27;右边锋;右边前卫;右后卫、右翼卫;右边锋;后卫/翼卫/中场/前腰 (右);61.0;62.2;62.7;55.8;61.5;62.5;62.5;65.5;
36116501;现役;Konstantinos Mavropanos;West Ham;27;中后卫;右后卫;;中后卫;后卫 (右中);47.3;59.2;59.2;65.8;68.0;72.0;58.0;72.5;
2000022026;现役;Max Johnston;Derby;21;右后卫;中前卫、右边前卫;右翼卫;右后卫;后卫/翼卫 (右), 中场 (右中);49.5;57.8;54.5;55.5;65.5;59.8;59.0;63.5;
27097478;现役;Joakim Mæhle;VfL Wolfsburg;27;左翼卫;;左后卫、右后卫、右翼卫;左翼卫;后卫/翼卫 (右左);56.3;59.5;62.0;57.8;70.5;64.0;58.0;69.2;
29113879;现役;Kalvin Phillips;Sheffield United;29;后腰;中前卫;;后腰;后腰, 中场 (中);52.2;67.2;59.5;66.2;63.0;68.2;61.5;73.2;
28100155;现役;Nathan Broadhead;Wrexham;26;前腰;;左边锋;前腰;前腰 (左中);65.8;70.8;66.5;34.0;67.5;52.7;62.7;48.0;
2000138501;现役;Anton Gaaei;Ajax;22;右翼卫;右边前卫;右后卫;右翼卫;后卫/翼卫/中场 (右);51.5;66.7;59.5;55.5;69.5;59.0;58.2;57.3;
28127121;现役;Lewis Dobbin;Preston;22;右边锋;前腰、中锋;;右边锋;前腰 (右中), 前锋 (中);55.0;58.0;65.2;38.3;73.8;52.0;48.7;52.5;
25052345;现役;Lukáš Provod;Slavia;28;左边锋;前腰;;左边锋;前腰 (左中);63.0;66.5;63.5;60.0;71.7;70.5;63.3;65.0;
2000268036;现役;Wassim Bouziane;AZ;18;左边锋;前腰、左边前卫;;左边锋;中场 (左), 前腰 (左中);59.5;63.0;69.2;29.0;65.2;54.5;53.5;53.2;
16010162;现役;David Alaba;Real Madrid;32;中后卫、左后卫;左翼卫;;中后卫;后卫 (左中), 翼卫 (左);63.0;73.0;67.2;69.0;64.5;64.0;69.5;72.0;多最佳位置复核：中后卫、左后卫
28100152;现役;Tom Davies;Sheffield United;26;后腰;;中前卫;后腰;后腰, 中场 (中);47.0;61.5;66.2;65.2;65.2;67.0;63.2;70.2;
55061470;现役;Nélson Semedo;Fenerbahçe;31;右翼卫;;右后卫;右翼卫;后卫/翼卫 (右);53.2;65.5;69.8;60.5;72.2;63.5;61.7;67.8;
13112706;现役;Bertrand Traoré;Sunderland;29;左边锋;右边前卫、中锋;右边锋;左边锋;中场 (右), 前腰 (右左), 前锋 (中);60.8;61.2;72.5;32.5;74.5;57.0;48.8;53.8;
29134274;现役;Chris Mepham;West Brom;27;中后卫;;;中后卫;后卫 (中);37.2;55.5;49.5;71.8;48.8;71.0;65.0;71.0;
29071914;现役;Jack Stephens;Southampton;30;中后卫;;;中后卫;后卫 (中);46.0;63.0;59.2;67.0;52.0;65.2;63.8;67.5;
70097248;现役;Zeki Çelik;Roma;27;中后卫;右边前卫;右后卫、右翼卫;中后卫;后卫 (右中), 翼卫/中场 (右);51.8;56.2;60.2;70.5;71.2;66.2;62.7;71.5;
2000030160;现役;Franculino;FC Midtjylland;20;中锋;;;中锋;前锋 (中);68.8;67.2;71.2;43.0;74.0;69.0;64.2;66.5;
28109939;现役;Christoph Klarer;Birmingham;24;中后卫;;;中后卫;后卫 (中);40.0;55.5;52.0;63.5;62.3;73.0;57.3;70.8;
89046527;现役;Joe Aribo;Leicester;28;前腰;右边锋;中前卫;前腰;中场 (中), 前腰 (右中);64.2;66.8;77.0;46.0;62.0;68.2;65.2;50.2;
37076007;现役;Million Manhoef;Stoke;23;左边锋;;左边前卫、右边前卫、右边锋;左边锋;中场/前腰 (右左);57.7;63.8;65.8;45.8;63.8;59.2;56.3;57.3;
72046373;现役;Jordan Morris;Seattle;30;左边锋;;右边锋、中锋;左边锋;前腰 (右左), 前锋 (中);59.3;52.2;61.0;38.0;75.8;65.8;47.8;64.0;
83228124;现役;Beto;Everton;26;中锋;;;中锋;前锋 (中);62.8;55.5;58.8;40.0;75.2;71.0;58.3;69.0;
34010721;现役;Jordan Ayew;Leicester;33;中锋;前腰;左边锋、右边锋;中锋;前腰 (右左中), 前锋 (中);58.0;55.0;62.0;53.5;61.0;67.0;55.0;73.7;
28087596;现役;Cameron Burgess;Swansea;29;中后卫;;;中后卫;后卫 (中);38.3;55.5;49.8;69.5;50.2;72.5;61.8;69.5;
28059634;现役;Jamaal Lascelles;Leicester;31;中后卫;;;中后卫;后卫 (中);32.5;43.0;45.2;69.0;60.5;73.0;52.7;72.8;
37045879;现役;Sofyan Amrabat;Real Betis;28;后腰;中前卫;;后腰;后腰, 中场 (中);55.2;72.5;58.8;71.5;57.8;73.2;67.5;69.0;
92086318;现役;Iliya Gruev;Leeds;24;后腰;;中前卫;后腰;后腰, 中场 (中);54.5;69.5;60.5;71.2;59.8;67.5;69.2;73.8;
62097340;现役;Nemanja Maksimović;Shabab Al-Ahli;29;后腰;;中前卫;后腰;后腰, 中场 (中);57.7;60.2;54.2;65.0;59.3;68.0;67.5;74.5;
37072818;现役;Souffian El Karouani;FC Utrecht;24;左翼卫;左边前卫;左后卫;左翼卫;后卫/翼卫/中场 (左);52.5;63.8;61.0;58.5;67.8;58.2;61.2;66.8;
28120038;现役;Tommy Doyle;Birmingham;23;中前卫;;后腰;中前卫;后腰, 中场 (中);58.5;68.2;62.3;56.8;62.8;60.0;62.5;69.0;
18089606;现役;Ilias Chair;QPR;27;左边锋;中前卫;前腰;左边锋;中场 (中), 前腰 (左中);64.5;63.2;74.0;43.8;64.2;55.8;59.0;61.5;
88024471;现役;Liberato Cacace;Wrexham;24;左翼卫;左边前卫;左后卫;左翼卫;后卫/翼卫/中场 (左);53.8;63.5;64.8;59.2;69.0;61.5;57.7;61.2;
53182883;现役;Sondre Langås;Derby;23;中后卫;;;中后卫;后卫 (中);39.0;48.5;47.5;67.0;64.0;75.8;61.2;67.5;
51055829;现役;Uriel Antuna;Pumas;27;左边锋;中锋;右边锋;左边锋;前腰 (右左), 前锋 (中);59.8;56.2;65.2;41.8;79.5;50.2;54.2;59.5;
37055853;现役;Dani de Wit;FC Utrecht;26;中锋;;中前卫、前腰;中锋;中场/前腰 (中), 前锋 (中);63.8;52.8;51.0;56.8;58.0;78.5;61.2;81.2;
13196665;现役;Issa Kaboré;Wrexham;23;左翼卫;;右后卫、右翼卫;左翼卫;后卫 (右), 翼卫 (右左);45.2;50.5;60.3;57.5;77.0;62.8;50.2;59.5;
28109942;现役;Will Smallbone;Millwall;24;前腰;后腰;中前卫;前腰;后腰, 中场/前腰 (中);57.0;68.5;64.5;54.8;56.5;54.8;64.8;58.8;
77029444;现役;Renato Tapia;Al-Wasl;29;中后卫;中前卫;后腰;中后卫;后卫 (中), 后腰, 中场 (中);51.5;59.2;60.5;70.5;63.8;71.5;65.0;74.0;
2000257207;现役;Thijs Kraaijeveld;Feyenoord;17;中后卫;;后腰、中前卫;中后卫;后卫 (中), 后腰, 中场 (中);45.8;58.8;41.2;52.2;54.5;59.0;53.8;63.5;
98033057;现役;Nico Elvedi;Borussia M'gladbach;28;中后卫;右后卫;;中后卫;后卫 (右中);39.8;63.0;53.2;68.0;66.8;70.0;63.3;67.2;
28094856;现役;Daniel James;Leeds;27;左边锋;右边前卫;右边锋;左边锋;中场 (右), 前腰 (右左);54.0;39.8;54.8;39.8;89.8;59.8;42.5;65.0;
29083588;现役;Wes Burns;Ipswich;30;右边锋;右翼卫;右边前卫;右边锋;翼卫/中场/前腰 (右);60.0;54.0;60.2;50.0;72.5;57.2;55.2;61.2;
78059800;现役;Giorgian De Arrascaeta;Flamengo;30;前腰;左边前卫、左边锋;;前腰;中场 (左), 前腰 (左中);68.2;80.2;82.2;40.5;63.2;54.0;67.2;62.8;
62096282;现役;Aleksandar Mitrović;Al-Rayyan;30;中锋;;;中锋;前锋 (中);72.5;61.5;65.0;49.5;61.7;67.8;62.8;72.8;
85126092;现役;Ellyes Skhiri;Eintracht Frankfurt;29;后腰;;中前卫;后腰;后腰, 中场 (中);59.7;58.2;57.5;70.8;63.0;76.0;65.0;80.0;
93070264;现役;Hjalmar Ekdal;Burnley;26;中后卫;;;中后卫;后卫 (中);41.8;62.0;59.2;65.8;56.0;66.8;63.5;70.3;
28030268;现役;Callum Wilson;West Ham;32;中锋;;;中锋;前锋 (中);73.5;62.5;59.0;41.2;60.5;66.2;67.0;73.3;
37072824;现役;Bart van Rooij;FC Twente;23;右后卫;右翼卫;;右后卫;后卫/翼卫 (右);50.8;65.5;63.2;62.0;68.2;62.8;64.2;72.5;
29156935;现役;Lewis O'Brien;Wrexham;26;后腰;;中前卫;后腰;后腰, 中场 (中);55.0;62.2;59.5;60.0;64.8;64.2;59.0;70.2;
37060899;现役;Gijs Smal;Feyenoord;27;左后卫;左边前卫;左翼卫;左后卫;后卫/翼卫/中场 (左);48.0;64.2;61.0;62.7;62.7;63.3;62.0;74.0;
95031615;现役;Jack Taylor;Ipswich;26;中前卫;后腰、前腰;;中前卫;后腰, 中场/前腰 (中);64.2;63.7;56.8;58.5;61.8;64.8;60.0;62.2;
57113505;现役;Răzvan Marin;AEK;28;中前卫;;后腰;中前卫;后腰, 中场 (中);61.3;70.2;63.0;60.2;57.0;59.0;66.0;66.0;
14024702;现役;Leandro Paredes;Boca;30;中前卫;;后腰;中前卫;后腰, 中场 (中);65.0;77.8;68.5;67.5;57.5;62.0;71.0;72.0;
72056224;现役;Aidan Morris;Middlesbrough;23;后腰;;中前卫;后腰;后腰, 中场 (中);52.3;63.5;61.0;66.5;53.8;66.0;62.3;69.0;
29218480;现役;Dan Neil;Ipswich;23;后腰;中前卫、前腰;;后腰;后腰, 中场/前腰 (中);55.8;67.2;66.8;63.0;55.2;59.5;59.8;67.5;
2000204688;现役;Lucas Jetten;Ajax;17;左后卫;左翼卫、中后卫;;左后卫;后卫 (左中), 翼卫 (左);42.0;54.8;61.8;57.8;64.0;49.0;51.8;57.0;
67191240;现役;Paik Seung-Ho;Birmingham;27;中前卫;;后腰;中前卫;后腰, 中场 (中);52.5;67.2;65.3;53.5;61.0;62.0;60.8;60.0;
76037151;现役;Yerry Mina;Cagliari;30;中后卫;;;中后卫;后卫 (中);43.5;50.8;54.0;73.0;53.8;68.3;62.0;70.5;
2000041123;现役;Amourricho van Axel Dongen;sc Heerenveen;20;左边锋;;左边前卫;左边锋;中场/前腰 (左);52.8;63.5;65.3;39.2;63.5;45.5;55.0;58.0;
2000083123;现役;Eom Ji-Sung;Swansea;22;左边锋;右边前卫;右边锋;左边锋;中场 (右), 前腰 (右左);57.2;57.2;66.3;41.2;64.8;51.7;50.5;53.0;
28100270;现役;Jimmy Dunne;QPR;27;中后卫;右后卫;;中后卫;后卫 (右中);45.5;49.0;43.5;65.5;51.5;67.2;59.3;76.0;
735216;现役;Cristiano Ronaldo;Al-Nassr;39;中锋;;;中锋;前锋 (中);91.2;67.5;70.0;34.8;50.5;71.7;68.5;60.5;
24058106;现役;Josip Šutalo;Ajax;24;中后卫;;;中后卫;后卫 (中);38.5;59.5;59.2;72.3;60.5;68.2;66.3;70.0;
23442016;现役;Bassam Al-Rawi;Al-Duhail;27;中后卫;右后卫、右翼卫;;中后卫;后卫 (右中), 翼卫 (右);48.2;60.7;57.2;62.0;58.2;62.0;60.0;67.2;
65039540;现役;Lyle Foster;Burnley;24;中锋;左边锋;;中锋;前腰 (左), 前锋 (中);63.5;57.7;63.0;38.8;65.8;65.7;58.3;63.3;
27122563;现役;Mads Roerslev;Southampton;25;右后卫;;右翼卫;右后卫;后卫/翼卫 (右);46.0;60.2;60.2;65.5;61.0;65.8;62.3;70.8;
51055617;现役;Carlos Rodríguez;Cruz Azul;28;前腰;;中前卫;前腰;中场/前腰 (中);63.2;72.5;71.3;56.5;62.5;57.2;69.0;65.0;
2000193585;现役;Aymen Sliti;Feyenoord;18;左边锋;左边前卫;;左边锋;中场/前腰 (左);48.5;54.3;67.5;32.5;77.0;48.0;42.0;52.0;
2000325860;现役;Divine Mukasa;Leicester;17;前腰;;中前卫;前腰;中场/前腰 (中);56.5;64.5;66.8;39.2;65.8;52.3;49.5;40.0;
53052372;现役;Mohamed Elyounoussi;FC København;30;前腰;中前卫、右边锋;左边锋;前腰;中场 (中), 前腰 (右左中);66.0;69.0;73.0;34.5;64.8;58.2;60.2;67.5;
52064664;现役;Ryan Manning;Southampton;28;中后卫;;左后卫、左翼卫;中后卫;后卫 (左中), 翼卫 (左);55.5;62.0;63.5;64.0;55.8;61.5;61.5;70.3;
13158264;现役;Patson Daka;Leicester;26;中锋;;;中锋;前锋 (中);60.0;54.0;56.8;49.0;75.2;62.3;57.5;68.2;
93123136;现役;Zeidane Inoussa;Swansea;22;左边锋;左边前卫;;左边锋;中场/前腰 (左);61.0;59.2;68.0;45.5;69.0;54.5;53.5;58.2;
19347264;现役;Morato;Nottingham Forest;23;中后卫;;;中后卫;后卫 (中);48.5;57.5;46.2;67.2;62.3;73.8;60.0;67.0;
53072019;现役;Sondre Tronstad;Blackburn;29;后腰;;中前卫;后腰;后腰, 中场 (中);51.2;59.8;59.3;71.5;54.8;62.8;66.2;71.8;
98003635;现役;Ricardo Rodríguez;Real Betis;32;中后卫;左翼卫;左后卫;中后卫;后卫 (左中), 翼卫 (左);54.8;64.5;59.2;69.2;58.2;64.8;68.5;65.0;
72056133;现役;Daryl Dike;West Brom;24;中锋;;;中锋;前锋 (中);65.8;51.5;53.8;39.5;64.8;63.5;50.2;61.5;
2000143821;现役;Esmir Bajraktarević;PSV;19;左边锋;前腰;右边锋;左边锋;前腰 (右左中);54.2;61.2;73.3;43.0;69.0;55.2;55.5;58.8;
93031462;现役;Emil Krafth;Newcastle;30;中后卫;;右后卫;中后卫;后卫 (右中);48.5;63.5;58.0;68.3;71.8;67.8;63.8;66.5;
2000191802;现役;Lewis Koumas;Hull;19;左边锋;右边锋、中锋;前腰;左边锋;前腰 (右左中), 前锋 (中);52.3;55.0;66.5;32.5;65.0;45.7;47.8;61.5;
85051578;现役;Sébastien Haller;FC Utrecht;30;中锋;;;中锋;前锋 (中);63.0;64.5;62.5;40.7;53.2;67.5;58.8;66.0;
29233150;现役;Ibane Bowat;Portsmouth;22;中后卫;;;中后卫;后卫 (中);29.5;48.5;41.8;58.2;60.0;70.0;51.5;61.0;
37054408;现役;Joël Piroe;Leeds;25;中锋;前腰;;中锋;前腰 (中), 前锋 (中);76.8;67.8;66.2;35.5;48.8;62.0;63.5;55.5;
58098760;现役;Sardar Azmoun;Shabab Al-Ahli;30;中锋;;;中锋;前锋 (中);66.2;62.5;65.0;44.0;59.0;58.2;62.3;61.0;
2000366580;现役;Noah Fernandez;PSV;17;前腰;中前卫、右边锋;左边锋;前腰;中场 (中), 前腰 (右左中);49.0;63.8;66.8;41.0;63.5;47.2;56.5;54.5;
43093476;现役;Federico Bernardeschi;Bologna;30;左边锋;前腰、右边前卫、中锋;右边锋;左边锋;中场 (右), 前腰 (右左中), 前锋 (中);64.2;70.0;73.2;38.8;67.2;59.8;53.2;61.8;
37079280;现役;Youri Regeer;Ajax;21;后腰;左后卫;右后卫、右翼卫、中前卫;后腰;后卫 (右左), 翼卫 (右), 后腰, 中场 (中);56.3;61.5;48.2;57.5;57.0;63.2;60.0;71.8;
63031763;现役;Róbert Boženík;Stoke;25;中锋;;;中锋;前锋 (中);65.0;57.0;59.2;41.8;60.5;68.0;60.0;60.8;
49048381;现役;Kiliann Sildillia;PSV;22;中后卫;;右后卫、右翼卫;中后卫;后卫 (右中), 翼卫 (右);42.5;58.7;59.8;68.5;66.8;69.8;60.5;71.0;
28106685;现役;Josh Dasilva;Brentford;26;中前卫;前腰;;中前卫;中场 (中);66.0;68.5;66.5;59.3;55.5;57.2;66.0;65.2;仅CM修正：传球、远射和进攻参与更适合前腰
2000220942;现役;Kasper Boogaard;AZ;18;中前卫;;后腰;中前卫;后腰, 中场 (中);51.8;63.3;60.5;55.0;53.8;61.0;60.0;64.5;
28084932;现役;Glen Kamara;Rennes;29;中前卫;;后腰;中前卫;后腰, 中场 (中);43.8;69.5;69.5;57.3;65.0;63.2;64.2;53.2;
85050636;现役;Alassane Pléa;PSV;31;前腰;左边锋;中锋;前腰;前腰 (左中), 前锋 (中);70.0;72.5;74.2;38.5;62.8;62.5;64.5;57.7;
2000210528;现役;Josh Stephenson;Brentford;18;中后卫;;左后卫;中后卫;后卫 (左中);40.2;52.2;49.3;56.2;64.2;58.8;54.0;62.5;
29156202;现役;Jayson Molumby;West Brom;25;后腰;;中前卫;后腰;后腰, 中场 (中);50.5;63.5;62.8;61.2;64.2;63.5;56.0;74.0;
55041694;现役;André Silva;Elche;29;中锋;;;中锋;前锋 (中);67.0;61.0;65.0;39.0;62.2;64.2;59.0;59.0;
85140415;现役;Issa Diop;Fulham;28;中后卫;;;中后卫;后卫 (中);45.0;48.2;55.5;65.0;69.0;74.2;58.0;68.5;
27102027;现役;Enis Bardhi;Konyaspor;29;前腰;左边前卫、左边锋;中前卫;前腰;中场/前腰 (左中);67.2;69.2;72.0;39.0;57.8;53.8;59.8;64.0;
37079279;现役;Naci Ünüvar;Heracles Almelo;21;前腰;中锋;左边锋;前腰;前腰 (左中), 前锋 (中);57.2;67.2;76.8;38.2;62.3;45.0;56.8;57.2;
29076104;现役;Harrison Reed;Fulham;29;后腰;;中前卫;后腰;后腰, 中场 (中);54.0;62.0;56.8;67.2;61.5;63.2;63.0;75.8;
70093800;现役;Çağlar Söyüncü;Fenerbahçe;28;中后卫;;;中后卫;后卫 (中);43.8;51.5;46.8;70.2;49.3;67.2;61.0;61.8;
53099570;现役;Patrick Berg;Bodø/Glimt;27;后腰;中前卫;;后腰;后腰, 中场 (中);59.0;67.2;62.7;72.5;56.8;65.2;74.8;80.2;
2000387880;现役;Sami Bouhoudane;PSV;17;中锋;;;中锋;前锋 (中);47.8;53.5;65.8;27.8;69.5;60.2;42.0;49.3;
28128172;现役;Daniel Jebbison;Preston;21;中锋;;;中锋;前锋 (中);59.8;53.8;62.3;36.0;71.3;60.5;51.5;53.8;
2000168143;现役;Ali Ahmed;Norwich;24;左边锋;;左翼卫、右翼卫、左边前卫、右边前卫、右边锋;左边锋;翼卫/中场/前腰 (右左);44.5;59.5;59.5;47.0;69.0;49.8;55.2;50.5;
51055610;现役;César Montes;Lokomotiv Moscow;27;中后卫;;;中后卫;后卫 (中);52.5;55.5;43.8;68.2;48.8;71.0;71.2;67.0;
2000064254;现役;Ryoya Morishita;Blackburn;27;左边锋;;中前卫、前腰、右边锋;左边锋;中场 (中), 前腰 (右左中);54.5;60.2;66.3;46.5;65.0;54.3;55.0;65.0;
91178618;现役;Can Bozdogan;FC Utrecht;23;前腰;后腰;中前卫;前腰;后腰, 中场/前腰 (中);51.8;65.5;67.3;56.3;61.8;56.0;59.0;65.0;
28086114;现役;Dominic Hyam;Wrexham;29;中后卫;;;中后卫;后卫 (中);42.0;50.7;47.5;69.2;53.8;67.0;60.0;60.5;
61066342;现役;Ross McCrorie;Bristol City;26;右后卫;;右翼卫;右后卫;后卫/翼卫 (右);34.8;53.8;56.3;64.5;69.0;72.8;57.3;78.2;
45078327;现役;Takuma Asano;Mallorca;30;左边锋;前腰、中锋;右边锋;左边锋;前腰 (右左中), 前锋 (中);56.5;55.7;64.5;39.8;78.0;55.0;49.5;55.5;
2000077867;现役;Amankwah Forson;Norwich;22;右边锋;右边前卫;中前卫;右边锋;中场 (右中), 前腰 (右);55.5;61.2;67.0;45.5;70.0;52.2;55.2;59.0;
13156726;现役;Trezeguet;Al-Ahly;30;左边锋;左边前卫、右边前卫;右边锋;左边锋;中场/前腰 (右左);72.2;61.5;74.5;40.5;64.0;63.5;55.0;64.5;
37077008;现役;Sven Mijnans;AZ;24;前腰;右边锋;中前卫;前腰;中场 (中), 前腰 (右中);56.0;68.5;69.8;46.8;54.0;70.0;64.0;69.2;
14136122;现役;Gonzalo Montiel;River Plate;28;右后卫;;;右后卫;后卫 (右);43.8;52.2;50.0;70.8;70.5;69.5;58.2;76.8;
29159400;现役;Ben Brereton Díaz;Derby;25;中锋;右边锋;左边锋;中锋;前腰 (右左), 前锋 (中);60.5;56.2;59.2;38.0;64.5;66.2;49.5;56.5;
49060919;现役;Edouard Michut;Fortuna Sittard;21;中前卫;后腰;;中前卫;后腰, 中场 (中);56.8;69.8;64.8;60.0;61.7;52.3;66.8;65.2;
2000232595;现役;Patrick Agyemang;Derby;24;中锋;;;中锋;前锋 (中);57.8;47.5;57.7;35.8;73.8;64.2;49.8;46.5;
28098307;现役;Elijah Adebayo;Luton;27;中锋;;;中锋;前锋 (中);58.5;52.8;64.5;47.0;65.5;70.8;54.5;52.2;
27161401;现役;Elias Jelert;Southampton;21;左翼卫;左后卫、右后卫;右翼卫;左翼卫;后卫/翼卫 (右左);48.0;61.8;63.5;48.0;73.2;49.8;52.8;62.7;
37076465;现役;Denso Kasius;AZ;22;左翼卫;左后卫、右边前卫;右后卫、右翼卫;左翼卫;后卫/翼卫 (右左), 中场 (右);55.2;55.5;65.2;49.8;80.2;65.2;45.2;56.0;
91107360;现役;Niklas Süle;Borussia Dortmund;29;中后卫;右后卫;;中后卫;后卫 (右中);54.0;66.2;62.0;70.8;63.5;71.5;68.8;60.3;
2000054508;现役;Jaden Slory;Go Ahead Eagles;19;左边锋;;右边锋;左边锋;前腰 (右左);54.3;59.0;66.5;31.0;77.0;46.2;44.8;52.0;
2000108166;现役;Richard Koné;QPR;21;中锋;前腰;;中锋;前腰 (中), 前锋 (中);65.8;53.2;62.5;32.3;67.2;63.0;54.0;56.2;
18057323;现役;Chancel Mbemba;LOSC;30;中后卫;右后卫;;中后卫;后卫 (右中);46.2;61.5;58.5;68.5;63.3;68.7;60.0;71.5;
37058888;现役;Owen Wijndal;Ajax;25;左后卫;左边前卫;左翼卫;左后卫;后卫/翼卫/中场 (左);44.8;63.5;62.8;61.2;71.3;65.2;58.2;66.2;
2000251820;现役;Jonah Kusi-Asare;Fulham;17;中锋;;;中锋;前锋 (中);53.5;51.5;63.0;28.8;61.8;62.5;44.8;52.0;
28121567;现役;Teden Mengi;Luton;22;中后卫;;;中后卫;后卫 (中);35.8;54.0;53.5;66.2;71.7;70.0;54.8;61.7;
28084863;现役;Matthew Targett;Middlesbrough;29;左后卫;左翼卫;;左后卫;后卫/翼卫 (左);52.3;63.5;58.0;63.5;61.0;65.5;64.2;65.0;
37071199;现役;Sontje Hansen;Middlesbrough;22;左边锋;;前腰、右边锋、中锋;左边锋;前腰 (右左中), 前锋 (中);55.0;58.0;69.5;29.5;69.5;56.2;48.0;54.0;
72045915;现役;Richie Laryea;Toronto FC;30;左翼卫;左后卫;右后卫、右翼卫;左翼卫;后卫/翼卫 (右左);55.7;60.2;58.5;54.8;75.8;60.5;53.2;55.8;
2000086849;现役;Younes Taha;FC Groningen;22;右边锋;中前卫;前腰;右边锋;中场 (中), 前腰 (右中);56.2;57.8;63.2;38.3;65.0;59.5;56.5;54.8;
29228252;现役;Kwame Poku;QPR;23;右边锋;;前腰;右边锋;前腰 (右中);61.5;65.3;72.0;39.2;65.8;51.8;54.8;57.3;
2000054498;现役;Gjivai Zechiël;FC Utrecht;20;中前卫;;后腰;中前卫;后腰, 中场 (中);58.5;64.0;66.5;49.8;66.5;61.2;56.0;61.8;
2000079847;现役;José Córdoba;Norwich;23;中后卫;;;中后卫;后卫 (中);39.5;50.8;47.2;65.0;70.2;75.2;57.3;65.5;
2000088444;现役;Tygo Land;FC Groningen;19;前腰;;后腰、中前卫;前腰;后腰, 中场/前腰 (中);56.2;65.0;66.5;45.2;61.5;51.8;59.5;64.0;
28100404;现役;Alfie Jones;Middlesbrough;27;中后卫;后腰;;中后卫;后卫 (中), 后腰;43.0;61.2;50.0;66.0;59.0;66.2;64.0;62.0;
28058544;现役;Bobby De Cordova-Reid;Leicester;31;左边锋;右边锋;前腰;左边锋;前腰 (右左中);62.5;61.2;66.5;46.2;65.5;52.8;60.0;67.5;
2000021340;现役;Taylor Booth;FC Twente;23;右边锋;中前卫;前腰、右边前卫;右边锋;中场/前腰 (右中);53.7;62.2;66.3;37.2;69.0;53.2;54.5;61.2;
28080367;现役;Carlton Morris;Derby;29;中锋;;;中锋;前锋 (中);62.8;54.5;55.0;47.5;60.0;69.2;61.3;74.8;
29190795;现役;Adam Idah;Swansea;23;中锋;;;中锋;前锋 (中);62.8;57.7;57.2;32.0;72.5;67.8;48.2;58.2;
19334517;现役;Danilo;N.E.C.;25;中锋;右边锋;左边锋;中锋;前腰 (右左), 前锋 (中);65.0;56.7;65.8;35.0;63.3;64.0;57.0;54.8;
28051378;现役;Wilfried Zaha;Charlotte FC;32;左边锋;右边锋;中锋;左边锋;前腰 (右左), 前锋 (中);68.0;59.0;75.3;38.8;69.5;64.5;57.3;53.3;
53126892;现役;Tobias Lauritsen;Sparta Rotterdam;27;中锋;;;中锋;前锋 (中);60.0;52.3;58.0;40.0;55.5;72.0;57.0;58.8;
51049312;现役;Jesús Gallardo;Toluca;30;左后卫;左翼卫、左边前卫、左边锋;;左后卫;后卫/翼卫/中场/前腰 (左);60.8;63.5;62.0;69.2;71.0;59.0;66.0;66.8;
88026183;现役;Marko Stamenić;Swansea;22;后腰;;中前卫;后腰;后腰, 中场 (中);49.3;63.3;59.2;62.7;62.7;62.0;60.0;63.7;
29218499;现役;Ali Al-Hamadi;Luton;22;左边锋;右边锋;中锋;左边锋;前腰 (右左), 前锋 (中);51.0;42.5;54.0;33.5;75.2;64.2;43.2;60.8;
24039513;现役;Marko Pjaca;FC Twente;29;左边锋;中锋;前腰、右边锋;左边锋;前腰 (右左中), 前锋 (中);58.8;59.5;72.5;38.5;58.2;61.5;48.0;44.0;
28127217;现役;Zidane Iqbal;FC Utrecht;21;前腰;后腰;中前卫;前腰;后腰, 中场/前腰 (中);54.5;71.0;68.5;42.3;65.5;51.0;57.5;51.0;
29162985;现役;Brandon Thomas-Asante;Coventry;26;中锋;右边锋;左边锋;中锋;前腰 (右左), 前锋 (中);53.2;41.5;55.0;34.8;74.2;69.5;41.5;62.5;
45100936;现役;Koki Ogawa;N.E.C.;27;中锋;;;中锋;前锋 (中);63.5;58.0;62.5;36.8;63.8;58.8;60.2;58.0;
53151874;现役;Mathias Kjølø;FC Twente;23;前腰;;后腰、中前卫;前腰;后腰, 中场/前腰 (中);47.5;64.2;56.5;48.5;63.2;58.0;63.3;66.8;
23240168;现役;Saeid Ezatolahi;Shabab Al-Ahli;28;中前卫;;后腰;中前卫;后腰, 中场 (中);59.5;68.8;58.0;58.0;53.8;62.2;65.5;62.0;
67269484;现役;Samuel Chukwueze;Fulham;25;左边锋;;右边前卫、右边锋;左边锋;中场 (右), 前腰 (右左);59.5;59.8;66.8;43.5;79.5;61.2;58.0;61.5;
27013431;现役;Jannik Vestergaard;Leicester;32;中后卫;;;中后卫;后卫 (中);42.0;64.8;53.0;69.5;38.0;74.0;63.5;67.5;
61085725;现役;Josh Edwards;Charlton;24;左后卫;;左翼卫;左后卫;后卫/翼卫 (左);42.0;49.3;47.8;69.0;59.2;67.2;60.0;77.0;
28100212;现役;Cédric Kipré;Ipswich;28;中后卫;;;中后卫;后卫 (中);47.8;64.2;59.0;64.2;61.0;72.5;64.2;65.5;
28098206;现役;Kieran Dowell;Hull;27;前腰;中前卫、左边锋;右边锋;前腰;中场 (中), 前腰 (右左中);66.0;68.5;61.7;42.5;53.0;59.5;61.5;53.8;
2000167698;现役;Kota Kudo;Okayama;21;中后卫;;;中后卫;后卫 (中);31.0;52.5;46.5;73.8;65.0;65.0;62.0;73.8;
51042458;现役;Luis Romo;Chivas;29;中后卫;中前卫;后腰;中后卫;后卫 (中), 后腰, 中场 (中);60.8;66.5;57.5;61.8;66.0;68.5;67.8;69.8;
67047092;现役;Koke;Atlético Madrid;33;后腰;;中前卫;后腰;后腰, 中场 (中);60.2;75.2;64.5;68.2;47.8;58.2;74.5;79.5;
61069532;现役;Harry Souttar;Leicester;26;中后卫;;;中后卫;后卫 (中);28.5;49.8;41.8;64.5;43.5;71.0;54.8;66.5;
37076315;现役;Couhaib Driouech;PSV;22;左边锋;左边前卫、右边前卫;右边锋;左边锋;中场/前腰 (右左);48.2;57.5;71.0;32.2;80.5;54.3;50.5;54.2;
98034811;现役;Jordan Lotomba;Feyenoord;26;左后卫;右边前卫;右后卫、右翼卫;左后卫;后卫 (右左), 翼卫/中场 (右);45.2;54.8;64.8;62.0;70.8;52.2;54.8;63.0;
37041918;现役;Jaïro Riedewald;Sheffield United;28;后腰;左后卫;中前卫;后腰;后卫 (左), 后腰, 中场 (中);45.2;62.8;59.8;62.5;59.8;63.2;62.8;53.2;
2000067216;现役;Tammer Bany;West Brom;21;前腰;;中锋;前腰;前腰 (中), 前锋 (中);54.2;64.0;67.5;35.2;59.0;49.5;57.0;54.0;
92023402;现役;Marvin Ducksch;Birmingham;30;中锋;前腰;;中锋;前腰 (中), 前锋 (中);70.2;66.3;62.5;38.0;51.5;60.0;62.0;53.5;
2000015266;现役;Jordan Bos;Feyenoord;22;左后卫;;左翼卫;左后卫;后卫/翼卫 (左);52.0;55.2;57.7;61.8;65.0;62.8;58.2;67.5;
53151876;现役;Joshua Kitolano;Sparta Rotterdam;23;中前卫;;后腰;中前卫;后腰, 中场 (中);52.2;61.8;65.2;55.0;67.0;60.2;60.0;71.0;
27132918;现役;Anis Ben Slimane;Norwich;23;前腰;;中前卫;前腰;中场/前腰 (中);58.2;66.0;64.5;58.2;53.2;61.7;61.8;57.5;
37056187;现役;Sam Lammers;FC Twente;27;中锋;右边锋;;中锋;前腰 (右), 前锋 (中);59.3;61.0;62.0;36.5;61.5;64.5;58.2;59.5;
28121305;现役;Lorent Tolaj;Plymouth;23;中锋;;;中锋;前锋 (中);64.5;48.0;53.5;36.8;69.0;70.0;49.5;63.8;
18089265;现役;Dimitri Lavalée;SK Sturm Graz;28;中后卫;左后卫、左翼卫;;中后卫;后卫 (左中), 翼卫 (左);49.0;57.5;50.7;65.0;63.8;71.0;60.0;65.0;
653054;现役;Luka Modrić;AC Milan;39;中前卫、前腰;;后腰;中前卫;后腰, 中场/前腰 (中);68.7;92.3;85.2;59.0;57.7;55.0;85.8;77.8;多最佳位置复核：中前卫、前腰
2000223688;现役;Rayan Atikallah;AZ;18;中后卫;;;中后卫;后卫 (中);34.8;57.8;57.0;63.5;59.0;60.2;58.8;66.8;
24048099;现役;Borna Sosa;Crystal Palace;26;左边前卫;;左后卫、左翼卫;左边前卫;后卫/翼卫/中场 (左);48.5;66.5;67.2;54.8;64.5;59.2;56.5;58.2;
2000164947;现役;Riku Yamane;Yokohama F･M;21;后腰;右翼卫、中前卫;;后腰;翼卫 (右), 后腰, 中场 (中);46.8;73.8;66.5;60.8;60.2;60.7;70.0;70.0;
18083967;现役;Casper De Norre;Millwall;27;中前卫;;后腰;中前卫;后腰, 中场 (中);56.2;71.2;66.2;59.3;60.0;54.8;67.0;63.2;
43500895;现役;Mattia Zanotti;Lugano;22;右后卫;;右翼卫、右边前卫;右后卫;后卫/翼卫/中场 (右);46.2;62.0;62.5;61.8;68.2;58.0;63.5;70.0;
91167594;现役;Phil Neumann;Birmingham;27;中后卫;右后卫;;中后卫;后卫 (右中);40.5;54.8;55.2;61.2;68.5;73.8;56.2;69.8;
28109689;现役;Rhian Brewster;Derby;24;中锋;;;中锋;前锋 (中);65.3;59.0;65.8;43.5;66.8;56.2;54.8;62.0;
13136621;现役;Kelechi Iheanacho;Celtic;28;中锋;;;中锋;前锋 (中);67.5;61.2;64.5;35.8;66.2;65.2;56.0;54.0;
2000038244;现役;Ahmetcan Kaplan;N.E.C.;22;中后卫;;;中后卫;后卫 (中);37.2;53.5;48.2;66.5;60.8;68.5;62.5;71.0;
2000199278;现役;Nazjir Held;RKC Waalwijk;19;左后卫;;左翼卫;左后卫;后卫/翼卫 (左);40.2;53.8;52.8;56.0;68.0;60.0;51.8;54.0;
13200569;现役;Ibrahim Sadiq;AZ;24;左边锋;前腰;右边锋、中锋;左边锋;前腰 (右左中), 前锋 (中);61.5;54.8;62.0;37.0;72.0;53.0;50.2;57.5;
53166936;现役;Aune Heggebø;West Brom;23;中锋;;;中锋;前锋 (中);68.5;54.5;54.5;50.0;58.8;74.8;65.3;72.2;
19159362;现役;Fred;Fenerbahçe;31;前腰;中前卫;后腰;前腰;后腰, 中场/前腰 (中);57.0;66.5;70.8;60.8;62.7;58.2;61.0;60.5;
37076224;现役;Camiel Neghli;Millwall;23;前腰;左边前卫、右边前卫;中前卫、左边锋、右边锋;前腰;中场/前腰 (右左中);61.0;61.0;63.0;41.2;60.5;54.2;57.2;59.2;
23248112;现役;Mohamed Kanno;Al-Hilal;30;中前卫;;后腰;中前卫;后腰, 中场 (中);57.5;69.5;61.0;60.8;64.0;62.8;67.0;64.8;
2000181028;现役;Elijah Dijkstra;AZ;18;左翼卫;;左后卫、右后卫、右翼卫;左翼卫;后卫/翼卫 (右左);46.0;49.8;58.2;52.7;72.5;55.8;48.0;66.8;
37060947;现役;Shurandy Sambo;Sparta Rotterdam;23;右后卫;中后卫;右翼卫;右后卫;后卫 (右中), 翼卫 (右);41.5;57.2;59.0;59.0;70.0;60.8;56.8;62.5;
2000184217;现役;Joel Ndala;Sheffield Wednesday;18;左边锋;右边前卫、右边锋;左边前卫;左边锋;中场/前腰 (右左);55.2;50.8;64.2;24.5;74.8;43.5;45.0;42.7;
23439033;现役;Homam Ahmed;Leonesa;25;左翼卫;;左后卫;左翼卫;后卫/翼卫 (左);48.3;59.2;60.0;50.5;64.5;60.7;57.5;58.0;
96075512;现役;Krystian Bielik;West Brom;27;中后卫;中前卫;后腰;中后卫;后卫 (中), 后腰, 中场 (中);40.0;63.3;59.8;66.5;44.8;68.2;62.8;69.5;
2000181850;现役;Yu Hirakawa;Hull;24;前腰;;左边锋、右边锋;前腰;前腰 (右左中);52.0;65.0;69.0;41.8;69.0;41.0;56.5;52.5;
28084927;现役;Chuba Akpom;Ipswich;29;中锋;;前腰;中锋;前腰 (中), 前锋 (中);62.0;61.0;61.8;34.8;76.2;70.0;55.5;63.5;
37058361;现役;Tahith Chong;Sheffield United;25;左边锋;右边锋;前腰;左边锋;前腰 (右左中);55.2;59.2;66.5;29.5;77.5;57.7;47.5;52.2;
28058228;现役;Tyias Browning;SH Port;30;中后卫;右后卫;;中后卫;后卫 (右中);37.0;39.0;36.8;61.8;65.2;68.8;56.0;61.5;
67117360;现役;Álvaro Morata;Como;32;中锋;;;中锋;前锋 (中);69.2;70.5;68.0;46.5;61.0;67.0;65.8;73.5;
93122991;现役;Melker Widell;Swansea;22;左边锋;右边锋;中前卫、前腰;左边锋;中场 (中), 前腰 (右左中);53.0;62.5;64.5;46.8;66.5;58.0;54.0;71.0;
2000071150;现役;Stije Resink;FC Groningen;21;中前卫;;后腰、前腰;中前卫;后腰, 中场/前腰 (中);50.2;62.0;62.5;54.2;62.0;63.5;61.8;72.8;
71068795;现役;Roman Yaremchuk;Olympique Lyonnais;29;中锋;;;中锋;前锋 (中);66.0;64.5;63.0;37.0;62.2;64.5;58.2;53.5;
45111410;现役;Yuki Ohashi;Blackburn;28;中锋;前腰、左边锋;;中锋;前腰 (左中), 前锋 (中);60.2;54.2;60.5;49.5;61.0;66.2;57.2;64.8;
29076103;现役;Calum Chambers;Cardiff;30;中后卫;;后腰;中后卫;后卫 (中), 后腰;49.0;61.0;60.0;65.2;60.5;60.2;59.8;66.0;
24057535;现役;Toni Fruk;Rijeka;23;前腰;中前卫、中锋;;前腰;中场/前腰 (中), 前锋 (中);72.0;72.8;73.0;34.2;55.8;55.2;60.2;55.5;
53175544;现役;Oliver Edvardsen;Ajax;25;左边锋;右边前卫;左边前卫、右边锋;左边锋;中场/前腰 (右左);51.8;57.2;69.2;41.2;71.0;63.8;54.0;70.8;
33027508;现役;Joel Pohjanpalo;Palermo;30;中锋;;;中锋;前锋 (中);71.0;62.5;60.2;37.5;53.8;67.8;62.7;70.5;
85086702;现役;Anthony Martial;Monterrey;29;左边锋;;中锋;左边锋;前腰 (左), 前锋 (中);66.8;65.5;77.0;31.5;70.0;57.5;55.0;39.0;
26038808;现役;Musa Al-Tamari;Rennes;27;左边锋;右边前卫;右边锋;左边锋;中场 (右), 前腰 (右左);58.0;53.5;69.5;35.0;81.2;51.0;51.0;58.5;
93069729;现役;Jens Cajuste;Ipswich;25;后腰;;中前卫;后腰;后腰, 中场 (中);49.0;63.0;66.5;62.5;66.8;68.5;62.2;66.3;
37020720;现役;Joris van Overeem;sc Heerenveen;30;中前卫;前腰;后腰;中前卫;后腰, 中场/前腰 (中);44.5;67.5;62.0;55.5;58.0;61.0;65.8;67.8;
61063289;现役;Ryan Hardie;Huddersfield;27;中锋;;;中锋;前锋 (中);60.0;50.2;55.2;41.2;73.0;58.5;54.0;60.2;
2000290285;现役;Artem Stepanov;FC Utrecht;17;中锋;;;中锋;前锋 (中);57.0;48.2;58.5;33.0;64.5;70.5;41.8;53.8;
28062309;现役;Callum Robinson;Cardiff;29;前腰;;中锋;前腰;前腰 (中), 前锋 (中);61.5;62.0;63.0;46.5;61.0;57.3;60.5;60.2;
29160165;现役;Jacob Brown;Portsmouth;26;中锋;;右边锋;中锋;前腰 (右), 前锋 (中);53.0;48.0;57.5;45.5;65.0;68.2;53.2;69.8;
63028929;现役;Wesley Moraes;Peng City;28;中锋;;;中锋;前锋 (中);62.5;59.0;54.8;45.2;58.3;61.8;59.5;63.5;
19303820;现役;Lucas Rosa;Ajax;24;左后卫;左翼卫、右边前卫;右后卫、右翼卫;左后卫;后卫/翼卫 (右左), 中场 (右);45.5;55.2;60.2;63.2;67.2;60.2;55.5;63.2;
88025225;现役;Matthew Garbett;Peterborough;22;右边锋;;中前卫、前腰、右边前卫;右边锋;中场/前腰 (右中);55.2;61.8;59.2;34.5;63.8;62.0;55.2;56.8;
45096169;现役;Tetsushi Yamakawa;Kobe;27;中后卫;;;中后卫;后卫 (中);38.0;48.5;42.7;74.8;65.5;70.2;64.2;68.8;
45114005;现役;Mao Hosoya;Kashiwa;23;中锋;;;中锋;前锋 (中);64.5;64.8;67.2;45.8;81.7;66.0;62.0;70.0;
98033505;现役;Kwadwo Duah;Ludogorets;27;中锋;;;中锋;前锋 (中);65.0;51.7;62.5;31.2;77.2;61.8;51.2;49.8;
19251417;现役;Mateus Vital;SH Port;26;左边锋;后腰、中前卫、前腰、左边前卫、右边前卫、右边锋;;左边锋;后腰, 中场/前腰 (右左中);61.2;66.5;69.2;36.8;64.0;53.8;56.5;45.8;
53165677;现役;Lasse Nordås;sc Heerenveen;22;中锋;;;中锋;前锋 (中);59.2;53.8;59.0;46.0;56.5;70.2;55.0;61.0;
59006269;现役;Henrikh Mkhitaryan;Inter Milan;35;中前卫;后腰;;中前卫;后腰, 中场 (中);69.0;76.5;71.3;62.3;66.0;62.2;72.5;71.7;
45100977;现役;Yuki Kakita;Kashiwa;27;中锋;;;中锋;前锋 (中);65.5;63.2;62.8;55.2;71.0;67.8;58.2;70.5;
33062261;现役;Albion Ademi;Peng City;25;左边锋;左边前卫、右边前卫、右边锋;;左边锋;中场/前腰 (右左);58.0;57.2;64.0;39.0;69.8;56.0;54.8;56.0;
29030379;现役;Danny Ings;Sheffield United;32;中锋;;;中锋;前锋 (中);65.8;66.8;66.5;53.5;59.5;59.5;63.2;77.2;
29036189;现役;Lewis Dunk;Brighton;33;中后卫;;;中后卫;后卫 (中);40.0;66.7;54.2;77.2;57.0;69.5;74.0;74.8;
29036830;现役;Sam Morsy;Bristol City;33;后腰;;中前卫;后腰;后腰, 中场 (中);52.0;66.0;63.5;69.2;59.2;69.5;63.0;79.0;
57050464;现役;Nicolae Stanciu;DL Yingbo;31;前腰;中前卫、左边锋;;前腰;中场 (中), 前腰 (左中);69.0;76.0;71.0;45.2;52.0;55.5;68.5;59.8;
29041284;现役;Josip Iličič;Koper;36;前腰;右边锋、中锋;;前腰;前腰 (右中), 前锋 (中);67.5;76.2;76.2;30.8;49.0;53.2;58.8;51.0;
29055569;现役;James Tarkowski;Everton;32;中后卫;;;中后卫;后卫 (中);44.5;56.5;56.2;74.8;59.5;71.0;64.8;76.2;
35015916;现役;Eric Maxim Choupo-Moting;New York;35;前腰;左边锋;右边锋、中锋;前腰;前腰 (右左中), 前锋 (中);65.0;65.8;68.8;40.5;57.2;70.2;61.0;57.7;
29067784;现役;Semi Ajayi;Hull;31;中后卫;后腰;;中后卫;后卫 (中), 后腰;45.2;47.3;51.0;65.2;58.0;69.2;53.8;63.0;
29074544;现役;Tyrone Mings;Aston Villa;31;中后卫;左后卫;;中后卫;后卫 (左中);46.5;65.5;64.0;71.0;71.8;73.8;64.5;75.5;
30022142;现役;Chris Smalling;Al-Fayha;35;中后卫;;;中后卫;后卫 (中);35.5;48.5;40.2;73.5;52.8;68.5;59.2;72.5;
33029449;现役;Robin Lod;Chicago;31;前腰;左边前卫、左边锋;中前卫、右边前卫、右边锋、中锋;前腰;中场/前腰 (右左中), 前锋 (中);65.8;64.8;62.5;52.7;52.7;58.8;62.7;66.2;
34000647;现役;Olivier Giroud;LOSC;38;中锋;;;中锋;前锋 (中);75.2;63.2;63.8;50.8;49.8;78.5;70.5;83.2;
67011232;现役;Juan Mata;Melbourne Victory;36;前腰;;;前腰;前腰 (中);65.2;84.0;74.2;29.8;32.5;42.0;68.0;63.0;
34000674;现役;Sofiane Feghouli;Amanat Baghdad;35;前腰;后腰、右边锋;中前卫;前腰;后腰, 中场 (中), 前腰 (右中);61.2;74.0;64.2;37.3;37.2;46.0;66.0;56.8;
34008669;现役;Younes Belhanda;Al-Sailiya;34;前腰;中前卫;;前腰;中场/前腰 (中);67.5;79.0;75.8;43.2;46.5;62.0;68.5;59.2;
34011354;现役;Steven Nzonzi;Stoke;36;后腰;;中前卫;后腰;后腰, 中场 (中);53.2;71.2;61.0;67.0;38.2;68.2;72.2;63.0;
34012563;现役;Ivan Perišić;PSV;35;左边锋;左边前卫、右边前卫;右边锋;左边锋;中场/前腰 (右左);66.5;70.2;68.0;49.0;56.7;65.8;66.2;71.8;
23017158;现役;Ala'a Abdul Zahra;Al-Talaba;37;中锋;右边锋;前腰;中锋;前腰 (右中), 前锋 (中);72.5;52.5;64.8;30.8;45.5;63.0;58.0;51.5;
55063493;现役;Rafa;Benfica;31;左边锋;右边锋;前腰、中锋;左边锋;前腰 (右左中), 前锋 (中);64.0;69.2;86.7;37.8;75.2;49.5;57.0;50.0;
47023240;现役;Karol Mets;FC St. Pauli;31;中后卫;后腰;;中后卫;后卫 (中), 后腰;39.5;59.0;48.5;66.5;62.2;73.3;62.3;71.5;
22029370;现役;Ivaylo Chochev;Ludogorets;31;中前卫;后腰;;中前卫;后腰, 中场 (中);74.8;66.8;65.5;50.2;56.7;59.2;69.8;52.7;
35002612;现役;Martin Harnik;Dassendorf;37;中锋;;右边前卫、右边锋;中锋;中场/前腰 (右), 前锋 (中);62.8;52.7;56.5;46.5;61.0;65.2;57.8;65.0;
67103537;现役;Isco;Real Betis;32;前腰;左边前卫、右边前卫;中前卫;前腰;中场 (右左中), 前腰 (中);66.2;85.2;89.0;46.0;59.8;61.8;65.3;55.0;
35011448;现役;Thomas Müller;Vancouver;35;前腰、中锋;中前卫、右边前卫、右边锋;;中前卫;中场/前腰 (右中), 前锋 (中);67.2;72.5;60.2;57.7;59.8;70.2;72.8;81.7;多最佳位置复核：前腰、中锋
98028755;现役;Mohamed Salah;Liverpool;32;右边锋;左边锋、中锋;;右边锋;前腰 (右左), 前锋 (中);83.5;82.2;83.3;46.0;77.5;75.2;74.5;73.5;
24003746;现役;Ante Budimir;Atlético Pamplona;33;中锋;;;中锋;前锋 (中);74.2;57.5;58.8;58.5;61.5;77.5;70.5;72.2;
64005065;现役;Jasmin Kurtić;Olimpija;36;前腰;后腰;中前卫;前腰;后腰, 中场/前腰 (中);64.0;67.8;61.5;52.5;44.8;63.5;59.3;64.8;
24004082;现役;Marin Tomasov;FK Astana;37;前腰;左边前卫;左边锋、右边锋;前腰;中场 (左), 前腰 (右左中);64.2;72.0;67.8;36.2;53.0;60.2;65.0;60.2;
67140188;现役;Iván Sánchez;Sepahan FC;32;前腰;左边前卫、左边锋;右边前卫、右边锋;前腰;中场 (右左), 前腰 (右左中);56.2;69.8;72.2;42.7;65.2;47.0;56.8;58.8;
67148546;现役;Roque Mesa;Ratchaburi;35;后腰;右边前卫;中前卫;后腰;后腰, 中场 (右中);53.0;66.8;66.2;65.2;59.5;58.0;66.0;75.5;
66032157;现役;Lee Jae-Sung;1. FSV Mainz 05;32;前腰;;中前卫;前腰;中场/前腰 (中);58.0;65.8;67.5;57.5;64.8;61.8;63.0;71.0;
62092056;现役;Stefan Ristovski;Sarajevo;32;中后卫;;右后卫;中后卫;后卫 (右中);54.3;58.5;49.2;64.8;54.5;61.2;60.8;70.0;
23157979;现役;Majed Hassan;Sharjah FC;32;后腰;;中前卫;后腰;后腰, 中场 (中);50.8;65.8;56.2;57.8;49.3;61.0;63.0;66.2;
67175052;现役;Thomas Partey;Villarreal;31;后腰;;中前卫;后腰;后腰, 中场 (中);64.5;70.8;70.5;69.5;54.2;65.5;74.0;71.3;
24004434;现役;Andrej Kramarić;TSG Hoffenheim;33;前腰;中前卫、左边锋、右边锋;中锋;前腰;中场 (中), 前腰 (右左中), 前锋 (中);68.2;71.5;71.8;42.5;62.5;64.5;64.5;64.2;
19270774;现役;Diego Pituca;Nagasaki;32;后腰;;中前卫;后腰;后腰, 中场 (中);58.0;64.5;60.2;62.0;60.5;60.8;65.0;66.0;
62085786;现役;Benjamin Verbič;Levadeiakos;31;前腰;左边前卫;左边锋;前腰;中场 (左), 前腰 (左中);62.8;65.0;69.0;35.2;60.7;54.8;53.0;52.5;
66036037;现役;Jeon Min-Gwang;Pohang;32;中后卫;;;中后卫;后卫 (中);42.0;48.0;42.0;69.2;53.0;67.2;56.5;60.8;
24012760;现役;Marko Livaja;Hajduk;31;前腰;左边锋;中锋;前腰;前腰 (左中), 前锋 (中);68.0;68.2;70.0;31.5;54.0;67.2;60.2;49.5;
62056890;现役;Aleksandar Paločević;Seoul;31;前腰;中前卫、左边锋、右边锋;;前腰;中场 (中), 前腰 (右左中);54.7;66.8;65.0;53.5;61.0;60.5;63.5;63.2;
55032265;现役;Eric Dier;Monaco;31;中后卫;后腰;;中后卫;后卫 (中), 后腰;47.5;62.8;56.2;69.2;51.5;76.8;64.2;80.0;
35017438;现役;Mario Götze;Eintracht Frankfurt;32;前腰;左边锋、右边锋;中前卫;前腰;中场 (中), 前腰 (右左中);57.0;79.0;75.2;54.2;56.2;57.8;67.8;62.5;
55022472;现役;João Carlos Teixeira;SH Shenhua;32;前腰;中前卫、左边前卫;左边锋;前腰;中场/前腰 (左中);59.3;75.2;73.0;43.0;57.8;49.0;62.7;55.8;
55013032;现役;Danilo Pereira;Al-Ittihad;33;中后卫;后腰;;中后卫;后卫 (中), 后腰;50.2;60.5;52.8;75.5;53.3;72.2;71.2;75.2;
98015432;现役;Berat Djimsiti;Bergamo;31;中后卫;;;中后卫;后卫 (中);39.2;55.0;48.0;77.0;59.2;77.0;65.8;71.8;
36035173;现役;Petros Mantalos;AEK;33;前腰;后腰、左边锋;中前卫;前腰;后腰, 中场 (中), 前腰 (左中);56.8;74.8;69.8;45.0;49.8;50.8;64.0;66.8;
98007212;现役;Fabian Schär;Newcastle;33;中后卫;;;中后卫;后卫 (中);59.2;72.2;61.8;77.2;57.8;67.8;70.8;67.0;
19099575;现役;Danilo;Flamengo;33;中后卫;左后卫;右后卫;中后卫;后卫 (右左中);53.3;65.5;60.2;73.2;57.8;63.0;70.2;74.0;
98006034;现役;Remo Freuler;Bologna;32;后腰;;中前卫;后腰;后腰, 中场 (中);61.2;70.0;65.2;69.0;62.0;66.0;75.0;77.2;
19086339;现役;Wellington Silva;CD Rongcheng;32;左边锋;左边前卫、右边前卫、右边锋、中锋;;左边锋;中场/前腰 (右左), 前锋 (中);56.5;61.5;73.0;40.5;70.8;49.0;58.5;58.8;
55012998;现役;Ivo Pinto;Fortuna Sittard;35;右后卫;右翼卫;;右后卫;后卫/翼卫 (右);42.2;59.5;60.5;55.0;67.2;66.5;61.8;73.8;
24021175;现役;Dario Župarić;Hapoel Haifa;32;中后卫;;;中后卫;后卫 (中);41.2;52.7;49.5;67.5;56.5;70.5;56.3;71.5;
19068857;现役;Roberto Firmino;Al-Sadd;33;前腰;;中锋;前腰;前腰 (中), 前锋 (中);64.8;74.0;78.5;55.0;57.7;65.2;67.8;68.8;
66029295;现役;Kwon Kyung Won;Anyang;32;中后卫;;;中后卫;后卫 (中);47.0;51.8;45.8;61.7;53.3;69.0;58.8;64.0;
19067093;现役;Alex Sandro;Flamengo;33;左后卫、左翼卫;中后卫;;中后卫;后卫 (左中), 翼卫 (左);53.5;67.5;68.2;71.5;59.3;67.5;68.5;69.0;多最佳位置复核：左后卫、左翼卫
62013805;现役;Nemanja Gudelj;Sevilla;33;中后卫;中前卫;后腰;中后卫;后卫 (中), 后腰, 中场 (中);56.0;59.0;56.5;67.5;65.5;70.0;62.8;77.5;
55012106;现役;William Carvalho;Pachuca;32;中前卫;后腰;;中前卫;中场 (中);52.5;75.8;72.5;69.8;49.2;67.2;76.2;59.0;仅CM修正：William Carvalho现实主职偏后腰
19044710;现役;Douglas Costa;Chievo;34;前腰;;左边锋、右边锋;前腰;前腰 (右左中);59.2;72.5;85.5;28.0;68.5;44.5;55.2;43.5;
19024412;现役;Neymar;Santos;32;前腰、左边锋;中锋;;前腰;前腰 (左中), 前锋 (中);78.2;83.8;89.8;31.8;54.5;46.5;66.5;51.5;多最佳位置复核：前腰、左边锋
55004194;现役;Miguel Vítor;Hapoel Be'er-Sheva;35;中后卫;;;中后卫;后卫 (中);45.8;53.0;42.0;71.5;38.0;62.5;68.5;75.8;
98003827;现役;Xherdan Shaqiri;Basel;33;前腰;左边锋、右边锋;;前腰;前腰 (右左中);69.8;79.5;80.0;40.5;56.5;55.5;68.0;49.8;
62000307;现役;Nemanja Matić;Sassuolo;36;后腰;;中前卫;后腰;后腰, 中场 (中);44.0;72.0;63.8;73.0;46.5;70.2;70.5;71.5;
61041668;现役;Jackson Irvine;FC St. Pauli;31;后腰;;中前卫;后腰;后腰, 中场 (中);57.3;57.8;54.8;65.0;59.8;75.8;64.2;83.5;
25019899;现役;Vladimír Darida;Hradec Kralové;34;前腰;后腰;中前卫;前腰;后腰, 中场/前腰 (中);59.2;62.2;59.5;53.3;55.2;57.0;61.2;79.5;
68008625;现役;Pontus Jansson;Malmö FF;33;中后卫;;;中后卫;后卫 (中);41.2;61.8;50.0;73.0;59.0;73.0;65.2;75.8;
61036844;现役;Callum McGregor;Celtic;31;中前卫;;后腰;中前卫;后腰, 中场 (中);61.5;68.0;65.2;60.0;57.8;59.0;65.5;73.5;
69004250;现役;Steven Zuber;Atromitos;33;前腰;中锋;左边锋;前腰;前腰 (左中), 前锋 (中);61.8;64.0;65.2;44.8;56.0;58.2;59.8;59.2;
18043393;现役;Thomas Meunier;LOSC;33;右后卫;右边前卫;右翼卫;右后卫;后卫/翼卫/中场 (右);57.0;60.5;57.7;58.3;63.2;74.8;58.8;72.2;
18027198;现役;Yannick Carrasco;Al-Shabab;31;左边锋;左边前卫;;左边锋;中场/前腰 (左);73.2;75.2;81.0;36.0;60.0;58.0;68.5;62.8;
18007344;现役;Romelu Lukaku;Napoli;31;中锋;;;中锋;前锋 (中);76.0;63.0;65.8;44.5;72.0;85.8;60.8;74.5;
71003050;现役;Taras Stepanenko;Kolos;35;后腰;中前卫;;后腰;后腰, 中场 (中);58.0;55.0;48.5;68.8;45.0;63.0;61.0;84.0;
71003202;现役;Andrii Iarmolenko;Dynamo Kyiv;35;左边锋;;右边前卫、右边锋;左边锋;中场 (右), 前腰 (右左);70.2;70.8;74.5;43.2;54.5;62.7;66.2;66.8;
71012671;现役;Serhiy Sydorchuk;Westerlo;33;后腰;;中前卫;后腰;后腰, 中场 (中);53.8;64.0;54.5;63.5;52.0;69.8;61.0;74.8;
71048716;现役;Ruslan Malinovskyi;Genoa;31;前腰;;中前卫;前腰;中场/前腰 (中);67.5;70.0;71.0;48.2;56.7;61.8;63.0;64.8;
18004457;现役;Kevin De Bruyne;Napoli;33;中前卫、前腰;;;前腰;中场/前腰 (中);75.5;92.7;77.5;52.5;61.0;64.2;76.3;73.2;
17001262;现役;Alexandr Martynovich;Qaırat Almaty;37;中后卫;;;中后卫;后卫 (中);44.0;50.2;38.8;67.0;47.5;72.0;65.2;67.0;
16023929;现役;Gernot Trauner;Feyenoord;32;中后卫;;;中后卫;后卫 (中);46.8;60.5;49.8;70.8;51.0;72.5;68.2;80.0;
25034467;现役;Patrik Hrošovský;Viktoria Plzeň;32;中前卫;;后腰;中前卫;后腰, 中场 (中);64.0;66.8;66.5;50.2;66.0;52.8;66.5;59.8;
98003821;现役;Granit Xhaka;Sunderland;32;中前卫;;后腰;中前卫;后腰, 中场 (中);67.2;84.5;70.8;68.0;58.0;76.2;79.5;81.8;
16010163;现役;Aleksandar Dragović;FK Austria Vienna;33;中后卫;;;中后卫;后卫 (中);42.2;58.0;47.2;69.2;53.8;65.8;67.8;68.8;
36039032;现役;Tasos Bakasetas;Panathinaikos;31;前腰;中前卫;;前腰;中场/前腰 (中);68.5;72.2;65.8;45.0;49.8;63.0;62.5;71.0;
27002693;现役;Thomas Delaney;FC København;33;后腰;;中前卫;后腰;后腰, 中场 (中);50.8;60.0;54.5;69.0;49.8;68.5;63.5;81.8;
72021508;现役;Tim Ream;Charlotte FC;37;中后卫;左后卫;;中后卫;后卫 (左中);44.3;64.0;58.2;71.3;51.3;71.2;68.0;78.8;
72040331;现役;Jonathan Osorio;Toronto FC;32;前腰;左边前卫、右边前卫、左边锋;中前卫;前腰;中场 (右左中), 前腰 (左中);59.2;62.8;66.8;56.0;61.0;55.2;57.3;66.0;
72041405;现役;Damion Lowe;Dewa United;31;中后卫;;;中后卫;后卫 (中);38.5;49.5;51.0;68.5;60.5;68.5;53.8;66.8;
27010680;现役;Christian Eriksen;VfL Wolfsburg;32;前腰;后腰、左边锋、右边锋;中前卫;前腰;后腰, 中场 (中), 前腰 (右左中);63.3;80.8;72.8;46.0;56.2;56.5;68.0;59.2;
27013107;现役;Jens Stryger Larsen;Malmö FF;33;中后卫;左后卫、右翼卫;右后卫;中后卫;后卫 (右左中), 翼卫 (右);48.5;60.2;56.0;63.0;62.8;65.5;62.0;74.0;
27013113;现役;Martin Braithwaite;Grêmio;33;中锋;;左边锋、右边锋;中锋;前腰 (右左), 前锋 (中);63.0;60.5;62.0;39.8;66.0;63.5;61.8;73.0;
14044037;现役;Marcos Acuña;River Plate;33;左后卫;;左翼卫;左后卫;后卫/翼卫 (左);56.0;68.5;67.3;65.5;62.3;61.0;63.2;75.0;
14023371;现役;Germán Pezzella;River Plate;33;中后卫;;;中后卫;后卫 (中);43.0;50.0;47.0;70.0;46.8;72.0;60.7;72.0;
14023276;现役;Josef Martínez;Tijuana;31;左边锋;;中锋;左边锋;前腰 (左), 前锋 (中);62.5;64.2;68.8;33.2;56.5;62.7;54.0;68.0;
14023180;现役;Aníbal Godoy;San Diego FC;34;后腰;;中前卫;后腰;后腰, 中场 (中);53.2;65.5;59.8;64.5;52.8;60.2;57.2;68.7;
14008030;现役;Nicolás Tagliafico;Olympique Lyonnais;32;左后卫;左边前卫;左翼卫;左后卫;后卫/翼卫/中场 (左);48.8;62.3;60.5;74.8;57.5;69.2;64.0;80.5;
23127918;现役;Mehdi Taremi;Olympiacos;32;前腰;;中锋;前腰;前腰 (中), 前锋 (中);72.0;73.0;66.3;45.0;55.0;65.0;69.2;64.5;
14004589;现役;Nicolás Otamendi;Benfica;36;中后卫;;;中后卫;后卫 (中);54.0;61.7;55.0;77.3;46.0;80.8;64.5;89.8;
14000219;现役;Ángel Di María;Rosario Central;36;前腰;;左边锋、右边锋;前腰;前腰 (右左中);76.3;89.0;90.0;38.2;53.2;52.0;70.0;54.5;
75000273;现役;Arturo Vidal;Colo Colo;37;后腰;前腰;中前卫;后腰;后腰, 中场/前腰 (中);61.0;69.0;63.2;65.5;44.0;63.0;62.3;83.2;
23127761;现役;Ramin Rezaeian;Esteghlal;34;右翼卫;;右后卫;右翼卫;后卫/翼卫 (右);58.0;63.5;62.3;55.5;59.5;63.0;58.5;65.0;
75000560;现役;Gary Medel;Univ. Católica;37;中后卫;中前卫;后腰;中后卫;后卫 (中), 后腰, 中场 (中);38.8;61.2;45.2;71.0;42.7;63.0;59.5;89.5;
75001932;现役;Charles Aránguiz;Univ. de Chile;35;中前卫;;后腰;中前卫;后腰, 中场 (中);55.8;74.0;64.0;63.2;48.8;55.2;71.2;75.2;
75003107;现役;Eduardo Vargas;Univ. de Chile;35;中锋;前腰、左边锋、右边锋;;中锋;前腰 (右左中), 前锋 (中);66.8;61.0;64.2;42.8;51.2;57.8;57.5;59.0;
37000496;现役;Tjaronn Chery;N.E.C.;36;前腰;右边前卫、左边锋;右边锋;前腰;中场 (右), 前腰 (右左中);68.5;73.0;69.5;31.8;63.5;55.5;60.2;63.5;
75007714;现役;Eugenio Mena;Univ. Católica;36;左后卫;左翼卫、左边前卫、左边锋;;左后卫;后卫/翼卫/中场/前腰 (左);56.0;65.0;61.2;62.0;51.8;56.2;66.5;67.2;
13206636;现役;Yassine Meriah;Espérance Tunis;31;中后卫;;;中后卫;后卫 (中);49.0;62.8;58.5;62.0;61.8;67.0;60.8;63.5;
76002390;现役;James Rodríguez;Minnesota;33;前腰;左边锋、右边锋;;前腰;前腰 (右左中);76.0;88.0;81.0;41.2;43.0;53.8;74.2;48.0;
76003938;现役;Carlos Bacca;Junior;38;中锋;;;中锋;前锋 (中);69.8;69.5;64.5;37.8;52.7;54.8;63.0;60.0;
37001736;现役;Nick Viergever;FC Utrecht;35;中后卫;左翼卫、后腰;左后卫;中后卫;后卫 (左中), 翼卫 (左), 后腰;46.8;59.8;51.2;64.2;51.0;65.5;59.0;69.8;
37001809;现役;Jordy Clasie;AZ;33;中前卫;中后卫;后腰;中前卫;后卫 (中), 后腰, 中场 (中);54.0;75.8;68.8;68.5;56.5;55.5;75.2;79.2;
61014825;现役;Kenny McLean;Norwich;33;后腰;;中前卫;后腰;后腰, 中场 (中);59.2;67.7;62.8;60.5;58.2;68.0;66.2;74.0;
37001813;现役;Marten de Roon;Bergamo;33;中后卫;;后腰、中前卫;中后卫;后卫 (中), 后腰, 中场 (中);56.0;68.0;56.0;78.0;59.2;76.8;71.0;84.2;
37001836;现役;Bruno Martins Indi;Sparta Rotterdam;32;中后卫;;;中后卫;后卫 (中);40.0;63.2;54.2;66.8;46.5;65.8;64.2;73.8;
37003555;现役;Marko Arnautović;Crvena zvezda;35;中锋;;;中锋;前锋 (中);65.8;69.8;72.0;36.3;57.8;72.5;50.8;65.5;
59062049;现役;Jaloliddin Masharipov;Esteghlal;31;前腰;;左边锋;前腰;前腰 (左中);52.2;68.5;70.5;39.0;61.8;49.5;60.2;50.8;
37005632;现役;Daley Blind;Girona;34;中后卫;;左后卫;中后卫;后卫 (左中);55.3;76.5;58.0;71.0;55.5;66.5;77.0;79.0;
76010707;现役;Juan Guillermo Cuadrado;Pisa;36;右边前卫;右边锋;右后卫、右翼卫;右边前卫;后卫/翼卫/中场/前腰 (右);58.0;71.8;74.0;64.5;59.2;48.2;62.0;76.2;
96011201;现役;Bartosz Bereszyński;Palermo;32;中后卫;;右后卫、右翼卫;中后卫;后卫 (右中), 翼卫 (右);36.0;59.8;56.8;63.0;60.5;64.2;56.8;73.0;
37006661;现役;Bram Nuytinck;N.E.C.;34;中后卫;;;中后卫;后卫 (中);36.0;56.8;49.5;69.8;50.0;72.2;62.3;70.0;
37008621;现役;Luuk de Jong;Porto;34;中锋;;;中锋;前锋 (中);77.2;62.5;60.5;35.8;51.2;78.0;65.8;74.8;
76015950;现役;Santiago Arias;Independiente;33;右后卫;;右翼卫;右后卫;后卫/翼卫 (右);49.5;65.5;59.8;64.8;65.5;59.5;65.8;73.5;
27025428;现役;Alexander Scholz;FC Tokyo;32;中后卫;;;中后卫;后卫 (中);53.0;61.0;58.2;65.2;59.5;63.5;61.5;60.8;
53113781;现役;Abdoulaye Seck;Maccabi Haifa;32;中后卫;;;中后卫;后卫 (中);46.5;42.2;47.5;60.0;64.0;74.5;52.0;61.0;
59044494;现役;Igor Sergeev;Persepolis;31;中锋;;;中锋;前锋 (中);68.5;55.2;58.7;41.5;50.8;67.8;63.8;58.8;
13199280;现役;Mohamed Fouzair;US Touarga;33;前腰;;右边锋;前腰;前腰 (右中);67.3;71.2;76.0;41.8;54.3;51.8;61.2;58.5;
76023654;现役;Mateus Uribe;Atlético Nacional;33;后腰;;中前卫;后腰;后腰, 中场 (中);53.8;62.8;59.5;65.0;56.0;59.8;62.7;68.8;
37018393;现役;Davy Klaassen;Ajax;31;前腰;;中前卫;前腰;中场/前腰 (中);66.5;68.5;62.5;56.0;56.5;65.8;71.0;84.0;
76033272;现役;Wílmar Barrios;Zenit;31;后腰;中前卫;;后腰;后腰, 中场 (中);49.0;56.0;56.5;83.0;68.2;66.0;70.5;77.2;
13197862;现役;Ayoub El Kaabi;Olympiacos;31;中锋;;;中锋;前锋 (中);75.0;53.7;56.2;53.5;67.2;72.0;66.2;74.2;
37024025;现役;Virgil van Dijk;Liverpool;33;中后卫;;;中后卫;后卫 (中);49.3;76.2;65.5;83.0;69.0;79.5;81.8;82.5;
13166348;现役;Tarek Hamed;Al-Bidda;36;后腰;中前卫;;后腰;后腰, 中场 (中);40.0;55.8;51.5;70.3;43.5;60.0;62.5;80.5;
13139359;现役;Issoufou Dayo;Umm-Salal;33;中后卫;;;中后卫;后卫 (中);46.0;54.8;46.2;67.5;54.5;67.5;61.3;67.0;
37024733;现役;Joël Veltman;Brighton;33;中后卫;;右后卫;中后卫;后卫 (右中);43.0;63.5;55.2;80.0;53.8;61.8;73.7;76.8;
37025511;现役;Mitchell Dijks;Nam Dinh;31;左后卫;;左翼卫;左后卫;后卫/翼卫 (左);35.8;63.2;62.0;61.0;63.5;72.5;59.0;70.0;
37026994;现役;Wout Weghorst;Ajax;32;中锋;;;中锋;前锋 (中);65.0;59.0;59.0;45.0;54.8;80.0;60.8;81.2;
28004100;现役;Joel Ward;Swansea;35;中后卫;;右后卫;中后卫;后卫 (右中);40.5;51.0;45.7;71.0;41.5;60.7;59.0;79.5;
23098404;现役;Theerathon Bunmathan;Buriram Utd;34;中前卫;;左后卫、左翼卫;中前卫;后卫/翼卫 (左), 中场 (中);56.8;68.2;64.5;58.2;60.0;53.0;61.5;67.2;
37040604;现役;Hakim Ziyech;Wydad Casablanca;31;前腰;中前卫、左边前卫、右边前卫、左边锋;右边锋;前腰;中场/前腰 (右左中);71.8;81.8;76.0;36.0;55.0;49.2;66.0;51.2;
37044889;现役;Alireza Jahanbakhsh;Dender EH;31;前腰;左边前卫;右边前卫、左边锋、右边锋;前腰;中场 (右左), 前腰 (右左中);63.5;69.0;67.5;36.0;55.0;53.8;56.0;66.2;
93067261;现役;Gustav Ludwigson;Daejeon Hana;31;右边锋;;左边锋、中锋;右边锋;前腰 (右左), 前锋 (中);59.2;55.5;59.0;59.5;63.2;67.2;59.3;69.8;
12056386;现役;Ferjani Sassi;Al-Gharafa;32;中前卫;;后腰;中前卫;后腰, 中场 (中);61.0;72.0;68.3;52.0;55.5;64.5;64.2;65.8;
12056378;现役;Ali Maâloul;CS Sfaxien;35;左边前卫;;左后卫、左翼卫;左边前卫;后卫/翼卫/中场 (左);63.0;65.8;62.0;54.0;64.0;57.5;58.8;62.7;
12043455;现役;Zinedine Ferhat;MC Alger;31;左边锋;左边前卫、右边前卫;右边锋;左边锋;中场/前腰 (右左);53.5;65.3;67.8;41.8;62.8;58.8;59.0;60.5;
12042506;现役;Baghdad Bounedjah;Al-Shamal;33;中锋;;;中锋;前锋 (中);74.8;62.0;64.8;40.5;59.5;62.7;62.5;65.0;
12038077;现役;Boualem Khoukhi;Al-Sadd;34;中后卫;后腰;;中后卫;后卫 (中), 后腰;47.8;58.5;54.3;64.2;53.2;63.8;63.2;64.2;
77005949;现役;Christian Cueva;Juan Pablo II;33;前腰;左边锋;右边锋;前腰;前腰 (右左中);57.8;70.0;68.2;44.0;60.0;44.5;57.5;53.7;
77012161;现役;Luis Advíncula;Alianza;34;右后卫;右边前卫、右边锋;右翼卫;右后卫;后卫/翼卫/中场/前腰 (右);55.0;58.8;54.0;54.8;66.8;69.5;51.2;71.2;
77012583;现役;André Carrillo;Corinthians;33;右边锋;;中前卫;右边锋;中场 (中), 前腰 (右);60.5;69.0;72.5;41.5;60.0;57.2;56.8;50.8;
78000335;现役;Luis Suárez;Inter Miami;37;中锋;;;中锋;前锋 (中);85.0;79.0;75.8;50.5;38.2;59.5;73.5;73.7;
12035892;现役;Ahmed Hegazy;Neom SC;33;中后卫;;;中后卫;后卫 (中);47.3;59.8;48.2;71.0;43.8;72.5;66.0;72.5;
78005742;现役;Edinson Cavani;Boca;37;中锋;;;中锋;前锋 (中);72.2;61.0;58.8;50.5;45.2;64.5;60.5;81.0;
78010878;现役;Martín Cáceres;Juventud;37;中后卫;;左后卫、右后卫;中后卫;后卫 (右左中);50.5;48.0;56.0;69.5;52.3;62.5;55.5;63.7;
78016342;现役;Sebastián Coates;Nacional;34;中后卫;;;中后卫;后卫 (中);52.3;57.5;51.0;69.8;42.0;73.8;64.8;71.8;
78018171;现役;Nicolás Lodeiro;Nacional;35;前腰;左边前卫;中前卫、左边锋、右边锋;前腰;中场 (左中), 前腰 (右左中);61.5;68.2;68.0;38.8;54.8;55.0;56.8;57.0;
12028932;现役;Vincent Aboubakar;Neftçi PFK;32;前腰;右边锋;中锋;前腰;前腰 (右中), 前锋 (中);79.0;69.0;71.2;28.8;39.0;54.0;62.5;39.5;
12011996;现役;Youssef Msakni;Espérance Tunis;34;前腰;;左边锋;前腰;前腰 (左中);67.8;70.5;74.0;36.8;55.5;51.5;61.5;54.2;
28005568;现役;Jordan Henderson;Brentford;34;后腰;;中前卫;后腰;后腰, 中场 (中);51.5;73.7;57.5;72.5;61.0;70.2;73.2;86.7;
8835722;现役;Teo Gutiérrez;Junior;39;前腰;;中锋;前腰;前腰 (中), 前锋 (中);68.2;74.0;68.5;38.8;49.0;55.5;63.3;63.5;
8833628;现役;Thiago Silva;Porto;40;中后卫;;;中后卫;后卫 (中);47.0;65.0;53.3;80.0;42.5;73.5;78.5;79.8;
8832889;现役;Willian;Grêmio;36;前腰、左边锋、右边锋;左边前卫、右边前卫;;前腰;中场 (右左), 前腰 (右左中);67.2;74.2;78.8;40.0;55.0;56.5;64.0;52.0;多最佳位置复核：前腰、左边锋、右边锋
66014583;现役;Jang Hyun-Soo;Al-Gharafa;33;中后卫;;;中后卫;后卫 (中);43.8;56.5;52.5;69.2;52.8;63.2;64.0;63.8;
8708271;现役;Lukas Podolski;Górnik;39;前腰;;中锋;前腰;前腰 (中), 前锋 (中);71.5;74.0;62.2;33.0;45.5;54.5;62.2;56.0;
8632545;现役;Abdallah El Saeed;Zamalek;39;前腰;后腰;中前卫;前腰;后腰, 中场/前腰 (中);65.0;75.5;65.2;39.0;52.0;56.5;60.8;66.2;
28005949;现役;Aaron Cresswell;Stoke;35;中后卫;左翼卫;左后卫;中后卫;后卫 (左中), 翼卫 (左);58.2;62.7;62.0;63.0;50.2;60.0;65.0;64.5;
8507078;现役;Teemu Pukki;HJK;34;中锋;;;中锋;前锋 (中);72.0;64.0;61.3;37.5;48.2;57.2;62.0;67.5;
79010306;现役;Gustavo Gómez;Palmeiras;31;中后卫;;;中后卫;后卫 (中);44.0;54.2;48.0;76.0;61.8;83.8;66.0;79.5;
8502440;现役;Edin Džeko;FC Schalke 04;38;中锋;;;中锋;前锋 (中);75.0;67.2;65.2;40.5;43.8;74.5;65.8;76.8;
53059302;现役;Ohi Omoijuanfo;Changchun;31;中锋;左边锋、右边锋;;中锋;前腰 (右左), 前锋 (中);63.2;57.2;57.7;45.8;64.0;63.2;62.3;61.7;
8442448;现役;André Ayew;NAC Breda;35;中锋;左边锋;右边锋;中锋;前腰 (右左), 前锋 (中);65.2;57.7;73.5;43.8;48.0;65.5;60.8;73.0;
80000931;现役;Celso Borges;Alajuelense;36;中前卫;后腰;;中前卫;中场 (中);63.0;69.5;58.5;60.5;50.5;59.5;64.5;64.0;仅CM修正：防守站位与中场组织更适合后腰
80000942;现役;Giancarlo González;Sporting FC (CRC);36;中后卫;;;中后卫;后卫 (中);37.2;52.5;48.5;70.0;56.5;68.0;62.0;71.0;
80010074;现役;Joel Campbell;Alajuelense;32;左边锋;左边前卫、右边前卫、中锋;右边锋;左边锋;中场/前腰 (右左), 前锋 (中);63.5;65.5;71.0;39.2;66.8;55.8;57.7;58.8;
80011933;现役;Óscar Duarte;Saprissa;35;中后卫;;;中后卫;后卫 (中);49.3;48.0;52.2;69.2;53.8;63.2;59.5;69.5;
80013411;现役;Francisco Calvo;Al-Ettifaq;32;中后卫;左后卫、左翼卫;;中后卫;后卫 (左中), 翼卫 (左);56.3;56.0;53.5;64.2;58.2;67.8;61.8;68.2;
28009441;现役;Kyle Walker;Burnley;34;中后卫、右后卫;右翼卫;;中后卫;后卫 (右中), 翼卫 (右);48.2;62.8;62.0;68.8;75.0;73.0;63.8;71.8;多最佳位置复核：中后卫、右后卫
53020695;现役;Joshua King;Al-Khaleej;33;中锋;左边锋;;中锋;前腰 (左), 前锋 (中);72.0;59.0;65.5;40.2;65.8;65.0;60.5;62.2;
28010491;现役;Danny Welbeck;Brighton;34;中锋;左边锋、右边锋;;中锋;前腰 (右左), 前锋 (中);67.0;69.5;67.2;47.8;66.8;70.2;68.7;73.5;
59033608;现役;Valeri Qazaishvili;Shandong;31;前腰;中前卫、左边锋、右边锋、中锋;;前腰;中场 (中), 前腰 (右左中), 前锋 (中);64.2;62.5;75.3;32.0;64.0;52.0;54.5;51.5;
28011401;现役;Adam Smith;Bournemouth;33;左后卫;左翼卫;右后卫、右翼卫;左后卫;后卫/翼卫 (右左);48.8;60.2;61.0;67.2;71.0;60.3;64.0;70.8;
8435089;现役;Karim Benzema;Al-Hilal;37;中锋;;;中锋;前锋 (中);78.0;85.2;82.8;45.2;48.2;64.5;74.5;65.5;
8431784;现役;André-Pierre Gignac;Tigres;39;中锋;;;中锋;前锋 (中);72.0;66.8;61.2;61.2;51.8;63.5;74.2;77.5;
8169215;现役;Axel Witsel;Girona;36;中后卫;;后腰;中后卫;后卫 (中), 后腰;59.2;70.5;65.8;68.5;46.5;70.5;74.7;69.5;
8156635;现役;Denis Odoi;NAC Breda;36;中后卫;;右后卫、后腰;中后卫;后卫 (右中), 后腰;47.2;61.8;63.8;63.2;48.8;60.2;59.3;68.0;
28014634;现役;Steve Cook;QPR;33;中后卫;;;中后卫;后卫 (中);41.5;57.2;49.2;68.2;48.0;69.2;62.0;70.2;
93033389;现役;Saman Ghoddos;Kalba;31;前腰;左边锋、右边锋、中锋;;前腰;前腰 (右左中), 前锋 (中);60.5;65.8;68.3;51.3;53.8;57.8;63.5;65.2;
7868191;现役;Bibars Natcho;Partizan;36;前腰;;中前卫;前腰;中场/前腰 (中);62.5;76.5;64.8;42.8;50.0;49.0;63.0;60.7;
93014195;现役;Viktor Claesson;FC København;33;前腰;左边锋、中锋;中前卫;前腰;中场 (中), 前腰 (左中), 前锋 (中);63.5;64.8;64.2;51.2;50.8;61.0;67.2;75.2;
93011051;现役;Emil Forsberg;New York;33;前腰;左边前卫、右边锋;左边锋;前腰;中场 (左), 前腰 (右左中);68.2;73.5;70.5;47.0;60.0;56.5;65.2;64.0;
43010773;现役;Ciro Immobile;Paris FC;34;中锋;;;中锋;前锋 (中);78.2;58.0;61.0;38.8;55.0;60.5;61.0;83.3;
7458500;现役;Lionel Messi;Inter Miami;37;右边锋;;前腰、中锋;右边锋;前腰 (右中), 前锋 (中);82.0;95.8;95.0;39.0;58.2;55.8;78.5;61.0;
7456688;现役;Santi Cazorla;Oviedo;40;前腰、中前卫;左边锋、右边锋;;前腰;中场 (中), 前腰 (右左中);68.0;83.0;78.5;46.8;51.0;47.7;71.0;64.5;多最佳位置复核：前腰、中前卫
7452450;现役;Raúl Albiol;Pisa;39;中后卫;;;中后卫;后卫 (中);50.0;61.0;50.5;78.2;35.2;66.8;69.0;78.3;
5792430;现役;Dragan Ćeran;Andijon;37;中锋;左边锋、右边锋;;中锋;前腰 (右左), 前锋 (中);67.5;57.0;59.2;50.0;44.8;64.5;62.5;62.3;
5789007;现役;Stevan Jovetić;Omonoia;35;前腰;;中锋;前腰;前腰 (中), 前锋 (中);66.2;74.8;74.0;39.5;53.7;55.8;64.5;61.8;
43026579;现役;Marco Verratti;Al-Duhail;32;中前卫;;后腰;中前卫;后腰, 中场 (中);63.0;86.0;80.2;58.2;44.8;49.0;77.8;68.5;
43036641;现役;Jorginho;Flamengo;33;中前卫;;后腰;中前卫;后腰, 中场 (中);58.2;78.2;69.2;66.0;52.0;59.8;76.3;74.5;
5788648;现役;Dušan Tadić;Al-Wahda;36;前腰;;左边锋、右边锋;前腰;前腰 (右左中);67.2;80.2;72.8;44.8;46.2;69.5;78.5;76.2;
52039620;现役;Roberto Lopes;Shamrock Rovers;32;中后卫;;;中后卫;后卫 (中);34.0;51.0;42.5;61.5;53.2;68.2;53.8;72.5;
52032335;现役;Matt Doherty;Wolves;33;中后卫;;右后卫、右翼卫;中后卫;后卫 (右中), 翼卫 (右);62.0;65.2;65.0;66.0;60.0;67.8;66.5;66.5;
92030193;现役;Julian Draxler;Al-Ahli;31;前腰;中前卫、左边前卫、右边锋;左边锋;前腰;中场 (左中), 前腰 (右左中);70.0;74.8;78.0;30.8;59.5;52.2;60.8;48.7;
28018613;现役;Kieran Trippier;Newcastle;34;右后卫;;右翼卫;右后卫;后卫/翼卫 (右);59.0;78.2;65.0;69.2;61.0;66.0;70.8;75.2;
58096177;现役;Guélor Kanga;Esenler Erokspor;34;前腰;后腰;中前卫;前腰;后腰, 中场/前腰 (中);63.5;75.0;74.2;41.5;48.7;51.2;59.0;57.3;
5664830;现役;Héctor Herrera;Houston;34;中前卫;后腰;;中前卫;后腰, 中场 (中);62.5;73.0;63.8;68.8;54.0;57.0;73.2;73.8;
43043933;现役;Lorenzo Insigne;Pescara;33;左边锋;;中锋;左边锋;前腰 (左), 前锋 (中);70.0;78.7;79.8;37.0;60.0;47.5;64.0;55.5;
92021718;现役;Emre Can;Borussia Dortmund;31;中后卫;;后腰、中前卫;中后卫;后卫 (中), 后腰, 中场 (中);60.8;63.5;63.8;69.8;66.8;74.2;62.5;75.5;
92020288;现役;Heung-Min Son;LAFC;32;中锋、左边锋;左边前卫;;中锋;中场/前腰 (左), 前锋 (中);79.2;63.8;65.2;36.8;73.0;56.0;63.8;62.5;多最佳位置复核：中锋、左边锋
5290748;现役;Paolo Guerrero;Alianza;41;中锋;;;中锋;前锋 (中);74.8;66.3;62.5;38.2;42.2;59.2;60.8;67.2;
5106363;现役;James Milner;Brighton;39;后腰;左翼卫、右翼卫;中前卫;后腰;翼卫 (右左), 后腰, 中场 (中);55.8;68.5;60.2;66.5;55.2;73.0;67.5;86.2;
92017376;现役;Pascal Groß;Brighton;33;前腰;;后腰、中前卫;前腰;后腰, 中场/前腰 (中);64.8;79.0;67.2;60.5;52.8;67.2;74.2;77.2;
4002177;现役;Ben Mee;Sheffield United;35;中后卫;;;中后卫;后卫 (中);39.0;55.5;46.0;74.8;44.2;67.0;65.5;76.3;
4001874;现役;Vladimír Weiss;Slovan Bratislava;35;左边锋;;右边锋;左边锋;前腰 (右左);60.0;71.7;76.8;31.8;63.8;50.2;52.8;47.0;
2114068;现役;David Luiz;Pafos;37;中后卫;后腰;;中后卫;后卫 (中), 后腰;58.5;66.8;64.2;65.0;53.8;68.2;58.5;74.2;
43067335;现役;Federico Barba;Persib;31;中后卫;左后卫;;中后卫;后卫 (左中);45.8;59.2;57.0;64.2;62.2;62.2;60.5;61.2;
2105510;现役;Hulk;Atlético Mineiro;38;中锋、右边锋;;;中锋;前腰 (右), 前锋 (中);75.3;73.5;72.0;43.5;58.2;74.5;64.0;70.8;多最佳位置复核：中锋、右边锋
1650090;现役;Jaba Kankava;Dinamo Tbilisi;38;后腰;;中前卫;后腰;后腰, 中场 (中);47.0;57.5;52.7;66.0;39.0;66.8;60.5;74.8;
43075156;现役;Giovanni Di Lorenzo;Napoli;31;中后卫;右翼卫;右后卫;中后卫;后卫 (右中), 翼卫 (右);63.5;59.5;53.8;71.5;76.0;84.2;58.0;78.8;
45015208;现役;Hiroki Sakai;Auckland FC;34;中后卫;右翼卫;右后卫;中后卫;后卫 (右中), 翼卫 (右);55.8;61.8;59.0;62.8;55.2;63.0;59.0;72.5;
1510305;现役;Pedro;Celesti;37;前腰;;左边锋、右边锋;前腰;前腰 (右左中);76.2;72.0;78.5;40.5;61.0;52.0;67.8;74.5;
45021707;现役;Yuya Osako;Kobe;34;中锋;前腰;;中锋;前腰 (中), 前锋 (中);60.5;65.2;62.2;47.0;60.5;64.8;63.0;65.5;
58062031;现役;Solomon Kvirkvelia;Toktogul;32;中后卫;;;中后卫;后卫 (中);36.2;44.5;32.5;77.0;37.5;64.5;62.8;59.0;
85010871;现役;Nampalys Mendy;Watford;32;后腰;;中前卫;后腰;后腰, 中场 (中);46.3;65.2;59.5;69.8;53.2;57.7;67.2;67.0;
85023676;现役;Thorgan Hazard;RSC Anderlecht;31;前腰;中锋;左边锋;前腰;前腰 (左中), 前锋 (中);63.5;67.5;67.5;48.0;57.8;55.5;62.5;60.5;
85027975;现役;Ibrahim Amadou;CQ TL Loong;31;后腰;中后卫、中前卫;;后腰;后卫 (中), 后腰, 中场 (中);39.2;56.8;51.0;62.2;57.8;68.5;60.0;68.5;
45033972;现役;Yoshiaki Komai;Yokohama FC;32;中前卫;后腰、中锋;前腰;中前卫;后腰, 中场/前腰 (中), 前锋 (中);52.5;62.0;60.8;53.2;64.2;64.2;59.5;66.0;
1009491;现役;Bader Al-Mutawa;Qadsia;40;前腰;左边锋、右边锋;中锋;前腰;前腰 (右左中), 前锋 (中);73.3;72.5;65.0;37.3;35.5;56.5;65.0;66.8;
66032045;现役;Lee Myung-Jae;Daejeon Hana;31;左后卫;;左翼卫;左后卫;后卫/翼卫 (左);58.0;62.0;61.5;62.0;65.0;62.2;61.8;59.8;
85032335;现役;Idrissa Gueye;Everton;35;后腰;;中前卫;后腰;后腰, 中场 (中);46.5;59.2;58.2;77.2;67.0;67.0;66.2;78.5;
85033423;现役;Lucas Digne;Aston Villa;31;左翼卫;;左后卫;左翼卫;后卫/翼卫 (左);58.0;71.0;66.8;63.5;73.2;65.5;67.8;71.0;
85042178;现役;Ryan Mendes;Iğdır FK;35;左边锋;左边前卫;右边锋;左边锋;中场 (左), 前腰 (右左);57.2;61.5;69.8;36.2;65.0;58.0;56.8;57.7;
57084760;现役;Nicuşor Bancu;Universitatea Craiova;32;左翼卫;;左后卫;左翼卫;后卫/翼卫 (左);57.8;66.5;62.5;50.0;65.0;61.2;56.8;65.0;
57077708;现役;Andrei Burcă;YN Yukun;31;中后卫;;;中后卫;后卫 (中);47.0;53.0;48.5;65.8;55.0;65.8;58.5;65.8;
950975;现役;Radamel Falcao;Millonarios F.C.;38;中锋;;;中锋;前锋 (中);77.8;68.5;65.2;38.5;41.0;52.5;70.5;60.0;
28025033;现役;Tom Cairney;Fulham;34;前腰;;后腰、中前卫;前腰;后腰, 中场/前腰 (中);73.0;78.5;74.2;54.0;46.5;52.5;77.5;65.3;
91107789;现役;Matthias Ginter;Sport-Club Freiburg;31;中后卫;;;中后卫;后卫 (中);48.8;65.2;54.8;73.5;57.2;73.5;72.8;68.8;
45052601;现役;Kim Jin-Su;Seoul;32;左后卫、左翼卫;;;左后卫;后卫/翼卫 (左);48.5;62.5;61.0;64.8;62.2;60.5;58.5;69.8;
85059261;现役;Naïm Sliti;Al-Shamal;32;前腰;右边锋;左边锋;前腰;前腰 (右左中);66.0;72.2;74.0;39.0;56.5;55.2;60.0;51.3;
28027432;现役;Grant Hanley;Hibernian;33;中后卫;;;中后卫;后卫 (中);36.0;42.5;41.2;67.0;59.0;66.2;48.5;74.5;
91013383;现役;Marco Reus;LA Galaxy;35;前腰、左边锋;右边锋;中前卫;前腰;中场 (中), 前腰 (右左中);73.0;74.8;75.0;52.5;58.2;55.2;70.0;70.8;多最佳位置复核：前腰、左边锋
91011532;现役;Willi Orbán;RB Leipzig;32;中后卫;;;中后卫;后卫 (中);47.3;60.2;49.8;78.8;57.8;79.0;69.8;82.0;
860481;现役;Ricky van Wolfswinkel;FC Twente;35;中锋;左边锋;;中锋;前腰 (左), 前锋 (中);68.5;58.0;60.8;41.0;63.5;61.2;61.0;63.5;
859612;现役;Georginio Wijnaldum;Al-Ettifaq;34;前腰;后腰、中锋;中前卫;前腰;后腰, 中场/前腰 (中), 前锋 (中);71.5;71.0;72.0;56.5;52.0;63.2;69.8;69.7;
91003875;现役;İlkay Gündoğan;Galatasaray;34;前腰、中前卫;后腰;;前腰;后腰, 中场/前腰 (中);70.8;80.0;71.5;58.0;47.8;55.5;78.8;71.5;多最佳位置复核：前腰、中前卫
28049320;现役;Harry Kane;Bayern Munich;31;中锋;前腰;;中锋;前腰 (中), 前锋 (中);90.2;87.8;76.8;52.2;64.2;81.0;80.0;78.8;
85081880;现役;N'Golo Kanté;Fenerbahçe;33;后腰;;中前卫;后腰;后腰, 中场 (中);58.5;68.8;65.5;75.2;59.2;67.8;72.2;83.3;
91001078;现役;Cenk Tosun;Kasımpaşa;33;中锋;左边锋;;中锋;前腰 (左), 前锋 (中);71.5;56.2;58.8;38.2;50.0;59.8;60.8;60.8;
91000734;现役;Lewis Holtby;NAC Breda;34;中前卫;前腰;后腰;中前卫;后腰, 中场/前腰 (中);50.8;64.2;64.5;58.2;54.3;56.8;59.2;71.5;
28058224;现役;Ross Barkley;Aston Villa;31;前腰;;后腰、中前卫;前腰;后腰, 中场/前腰 (中);64.0;75.5;76.5;47.3;63.5;64.8;65.0;61.8;
45065393;现役;Yuki Nogami;Nagoya;33;中后卫;右后卫、右翼卫、右边前卫;;中后卫;后卫 (右中), 翼卫/中场 (右);45.5;49.2;44.0;67.0;55.7;59.0;61.0;65.8;
89040516;现役;Ethan Pinnock;Brentford;31;中后卫;;;中后卫;后卫 (中);42.3;59.8;51.2;68.5;58.2;73.8;66.3;71.5;
89038587;现役;Kieffer Moore;Wrexham;32;中锋;;;中锋;前锋 (中);65.2;57.0;57.3;51.5;52.3;73.2;60.0;68.2;
85095880;现役;Marcel Tisserand;Sydney FC;32;中后卫;;;中后卫;后卫 (中);43.0;58.2;54.8;67.2;48.2;63.5;60.0;67.2;
28058862;现役;Jamie Maclaren;Kolkata;31;中锋;;;中锋;前锋 (中);69.8;50.2;61.0;46.5;75.8;61.5;57.0;65.0;
28059632;现役;Patrick Bamford;Sheffield United;31;前腰;;中锋;前腰;前腰 (中), 前锋 (中);63.5;64.5;62.5;53.5;59.2;61.5;68.0;72.0;
45089811;现役;Shintaro Kurumaya;Kawasaki-F;32;中后卫;左后卫、右后卫;;中后卫;后卫 (右左中);46.8;64.0;50.0;65.8;52.8;62.5;63.0;60.0;
86012153;现役;Enner Valencia;Pachuca;35;中锋;;;中锋;前锋 (中);67.8;58.0;69.2;33.0;69.0;64.2;52.7;71.5;
86009323;现役;Ángel Mena;Orense;36;左边锋;右边前卫;右边锋;左边锋;中场 (右), 前腰 (右左);68.5;78.8;74.8;47.7;49.0;47.0;71.0;64.5;
45092815;现役;Junya Ito;KRC Genk;31;右边锋;右边前卫;;右边锋;中场/前腰 (右);62.3;66.0;65.5;45.0;66.2;56.0;60.8;67.8;
744539;现役;João Moutinho;BRG;38;中前卫;;后腰;中前卫;后腰, 中场 (中);59.0;77.8;71.8;65.0;46.0;62.7;73.2;83.8;
51012751;现役;Jesús Corona;Monterrey;32;左边锋;右翼卫;右边前卫、右边锋;左边锋;翼卫/中场 (右), 前腰 (右左);51.0;75.8;80.2;45.2;64.5;45.2;57.8;57.5;
742448;现役;José Fonte;Casa Pia;41;中后卫;;;中后卫;后卫 (中);37.8;60.7;51.8;63.8;28.2;70.5;62.5;73.2;
85116519;现役;Romain Saïss;Al-Sadd;34;中后卫;后腰;;中后卫;后卫 (中), 后腰;33.0;61.8;56.3;72.8;46.5;67.0;65.5;72.8;
28060183;现役;William Troost-Ekong;Al-Ahli;31;中后卫;;;中后卫;后卫 (中);36.8;46.3;44.2;68.0;55.5;67.5;56.2;67.2;
28063437;现役;Massimo Luongo;Millwall;32;后腰;;中前卫;后腰;后腰, 中场 (中);59.2;60.0;62.0;64.8;54.3;63.0;60.0;69.5;
28122642;现役;Bukayo Saka;Arsenal;23;右边锋;;左边锋;右边锋;前腰 (右左);79.5;74.0;83.2;53.0;80.0;73.0;73.0;75.8;
29010507;现役;Barry Bannan;Millwall;35;中前卫;;后腰;中前卫;后腰, 中场 (中);61.8;72.8;67.0;57.0;59.5;49.5;65.5;62.5;
211232;现役;Djéné Dakonam;Getafe;33;中后卫;后腰;;中后卫;后卫 (中), 后腰;43.8;48.0;49.2;74.0;71.0;74.8;63.0;79.0;
168288;现役;Robin Pröpper;FC Twente;31;中后卫;;;中后卫;后卫 (中);49.0;53.5;51.5;62.2;58.8;63.3;57.5;68.5;
168265;现役;Mark Diemers;SC Cambuur;31;前腰;;中前卫;前腰;中场/前腰 (中);55.8;70.8;63.5;43.2;58.8;57.5;65.5;58.8;
168047;现役;Diego Reyes;Querétaro;32;中后卫;后腰;;中后卫;后卫 (中), 后腰;47.0;59.0;53.5;65.2;55.5;59.0;58.5;64.2;
19126109;现役;Davidson;QD West Coast;33;左边锋;左边前卫;;左边锋;中场/前腰 (左);62.5;67.8;69.5;41.2;57.0;60.2;58.2;59.5;
23413408;传奇;Ferenc Puskás;Real Madrid;23;中锋;;;中锋;前锋 (中);81.7;82.5;81.5;61.8;85.5;80.5;75.8;71.5;
23244492;传奇;Lionel Messi;Barcelona;24;右边锋、前腰;;左边锋;右边锋;前腰 (右左中);86.2;89.0;96.0;43.8;85.0;58.5;77.8;73.0;多最佳位置复核：右边锋、前腰
23168714;传奇;Fernando Torres;Atlético Madrid;20;中锋;;;中锋;前锋 (中);78.8;80.8;86.5;45.7;79.5;61.2;70.8;78.5;
23244590;传奇;Cristiano Ronaldo;Real Madrid;25;右边锋、左边锋;;;右边锋;前腰 (右左);84.2;77.2;91.5;48.0;88.2;81.0;76.0;59.2;多最佳位置复核：右边锋、左边锋
2000233530;传奇;Thierry Henry;Arsenal;27;中锋、左边锋;;;中锋;前锋 (中);83.3;80.5;90.5;36.8;91.3;77.5;69.0;71.7;多最佳位置复核：中锋、左边锋
23168716;传奇;Ronaldo;Real Madrid;28;中锋;;;中锋;前锋 (中);92.7;83.5;90.0;34.8;79.2;64.8;73.8;54.0;
23244612;传奇;Samuel Eto'o;Barcelona;25;中锋;;;中锋;前锋 (中);82.5;66.7;78.2;42.8;88.2;77.2;64.8;81.8;
2000307385;传奇;Zinédine Zidane;Real Madrid;26;中前卫、前腰;;;前腰;中场/前腰 (中);68.0;97.2;95.2;48.2;79.0;59.0;81.0;51.0;
23244570;传奇;Neymar;Barcelona;21;左边锋、前腰;中锋;;左边锋;前腰 (左中), 前锋 (中);75.8;76.7;92.5;31.0;83.5;55.5;63.5;58.5;多最佳位置复核：左边锋、前腰
23461569;传奇;Xabi Alonso;Liverpool;23;后腰、中前卫;;;后腰;后腰, 中场 (中);66.3;89.0;69.2;78.2;74.2;72.5;82.2;81.0;
23244550;传奇;Frank Lampard;Chelsea;26;中前卫、前腰;;;前腰;中场/前腰 (中);83.0;80.0;73.3;65.0;67.5;78.2;80.2;85.2;
23049248;传奇;Roberto Baggio;Juventus;26;前腰、中锋;;;前腰;前腰 (中), 前锋 (中);81.7;90.2;93.0;33.5;79.5;55.2;77.5;61.5;
23244498;传奇;Michael Essien;Chelsea;22;后腰、中前卫;中后卫、右边前卫;;中后卫;后卫 (中), 中场 (右中);68.8;70.0;69.8;76.8;73.8;80.5;72.2;78.5;多最佳位置复核：后腰、中前卫
23380013;传奇;Luis Figo;Real Madrid;28;右边锋、右边前卫;中前卫、左边前卫、左边锋;前腰;右边锋;中场/前腰 (右左中);78.5;79.2;85.5;48.0;82.2;71.5;70.8;74.2;多最佳位置复核：右边锋、右边前卫
23168727;传奇;Pavel Nedvěd;Juventus;28;左边锋、前腰、左边前卫;;;左边锋;中场 (左), 前腰 (左中);76.8;69.8;74.2;67.0;77.8;76.2;66.5;79.8;多最佳位置复核：左边锋、前腰、左边前卫
23265937;传奇;George Best;Manchester United;19;左边锋、右边锋;;前腰;左边锋;前腰 (右左中);72.2;72.8;83.0;49.5;77.2;62.5;76.2;50.5;多最佳位置复核：左边锋、右边锋
36522011;传奇;Hernán Crespo;Inter Milan;27;中锋;;;中锋;前锋 (中);83.0;69.2;79.0;38.0;81.5;78.2;68.8;63.5;
23048742;传奇;Dennis Bergkamp;Arsenal;26;中锋、前腰;;;中锋;前锋 (中);83.5;86.2;86.2;50.8;83.5;81.2;79.2;74.0;多最佳位置复核：中锋、前腰
23168705;传奇;John Terry;Chelsea;24;中后卫;;;中后卫;后卫 (中);59.5;66.0;62.0;87.8;67.2;80.2;82.8;91.2;
23244489;传奇;David Beckham;Manchester United;24;右边前卫、中前卫;;;右边前卫;中场 (右中);69.5;90.8;75.2;47.7;68.5;68.8;66.2;78.8;多最佳位置复核：右边前卫、中前卫
23168709;传奇;Ruud van Nistelrooy;Manchester United;28;中锋;;;中锋;前锋 (中);82.3;68.0;72.0;49.5;75.5;79.0;74.5;74.5;
2000307374;传奇;Adriano;Inter Milan;22;中锋;;;中锋;前锋 (中);90.2;75.5;84.5;51.5;80.8;85.2;78.0;72.8;
23168718;传奇;Andriy Shevchenko;AC Milan;28;中锋;;;中锋;前锋 (中);86.8;70.5;70.8;45.0;87.5;73.2;74.2;69.2;
23048798;传奇;Maradona;Napoli;27;前腰;中锋;;前腰;前腰 (中), 前锋 (中);84.2;95.5;98.0;53.5;85.0;66.8;95.8;91.5;
2000331565;传奇;Michael Ballack;Bayern Munich;28;中前卫、前腰;;;前腰;中场/前腰 (中);82.5;78.7;73.2;72.5;68.2;79.8;77.5;78.8;
36522021;传奇;Diego Simeone;Atlético Madrid;22;后腰;;中前卫;后腰;后腰, 中场 (中);74.2;66.8;59.2;82.8;69.2;86.2;67.2;88.2;
23219323;传奇;Steven Gerrard;Liverpool;24;中前卫、前腰;后腰、右边前卫;;中前卫;后腰, 中场 (右中), 前腰 (中);75.0;75.8;72.5;79.7;76.5;84.2;75.8;90.0;多最佳位置复核：中前卫、前腰
23244583;传奇;Rivaldo;Barcelona;26;前腰、中锋;中前卫;;前腰;中场/前腰 (中), 前锋 (中);84.8;85.0;89.2;50.5;85.5;78.2;66.0;56.5;多最佳位置复核：前腰、中锋
23168713;传奇;Kaká;AC Milan;22;前腰;左边锋、右边锋;;前腰;前腰 (右左中);81.0;85.8;89.0;47.3;79.0;72.5;68.5;61.5;
23244496;传奇;Xavi;Barcelona;27;中前卫;后腰;;中前卫;中场 (中);71.3;95.2;82.2;63.0;64.5;55.2;89.5;76.5;仅CM修正：Xavi可担任拖后组织核心，补充后腰
36522057;传奇;Gennaro Gattuso;AC Milan;27;后腰;;中前卫、右边前卫;后腰;后腰, 中场 (右中);48.8;61.5;59.0;87.2;81.5;87.5;62.7;87.7;
2000398315;传奇;Vicente;Valencia;23;左边锋;;;左边锋;前腰 (左);75.8;85.0;80.5;46.8;82.2;55.7;74.8;66.5;
23244569;传奇;Carles Puyol;Barcelona;27;中后卫、右后卫;;;中后卫;后卫 (右中);49.5;55.7;59.2;94.7;87.2;79.5;65.5;89.2;多最佳位置复核：中后卫、右后卫
23395783;传奇;Juan Román Riquelme;Villarreal;26;前腰;中前卫;;前腰;中场/前腰 (中);82.5;91.2;85.8;41.8;62.5;56.8;77.2;65.0;
23244579;传奇;Joaquín;Real Betis;23;右边前卫、右边锋;;;右边锋;中场/前腰 (右);76.5;84.0;85.2;41.0;81.2;58.2;67.8;62.0;
23244454;传奇;Ronald Koeman;Barcelona;27;中后卫;;;中后卫;后卫 (中);66.0;77.2;57.0;82.3;54.8;75.0;85.5;77.0;
23372648;传奇;Johan Cruyff;Barcelona;26;前腰、中锋;中前卫;;前腰;中场/前腰 (中), 前锋 (中);71.2;92.2;85.5;56.0;81.0;57.0;95.2;61.5;多最佳位置复核：前腰、中锋
2000331618;传奇;Gianluca Zambrotta;Juventus;27;左后卫、左翼卫、右后卫;左边前卫;右边前卫;左后卫;后卫/翼卫 (左), 中场 (右左);54.5;71.2;71.2;79.5;77.5;67.5;78.2;74.5;多最佳位置复核：左后卫、左翼卫、右后卫
36522039;传奇;Ashley Cole;Arsenal;24;左后卫、左翼卫;;;左后卫;后卫/翼卫 (左);64.2;65.5;71.8;75.5;89.0;73.2;66.3;69.2;
36522018;传奇;Franco Baresi;AC Milan;27;中后卫;;;中后卫;后卫 (中);55.2;71.2;61.8;86.2;67.5;71.5;83.2;83.8;
2000306548;传奇;Andrés Iniesta;Barcelona;24;中前卫、前腰;;;中前卫;中场/前腰 (中);71.8;90.8;87.5;57.0;68.8;46.0;81.5;71.5;多最佳位置复核：中前卫、前腰
23244520;传奇;Wayne Rooney;Manchester United;19;中锋、前腰;左边锋、右边锋;;中锋;前腰 (右左), 前锋 (中);78.8;83.0;89.0;47.0;74.8;68.0;71.8;74.2;多最佳位置复核：中锋、前腰
36521997;传奇;Pablo Aimar;Valencia;25;前腰;;;前腰;后卫/前腰 (中);75.5;82.5;86.0;43.0;80.0;39.2;69.8;69.2;多最佳位置复核：前腰
36522001;传奇;Fabio Cannavaro;Parma;28;中后卫;;;中后卫;后卫 (中);57.5;59.2;55.0;94.0;79.5;79.0;77.5;88.5;
23168723;传奇;Sol Campbell;Arsenal;26;中后卫;;;中后卫;后卫 (中);58.2;52.0;53.7;85.2;78.5;89.8;70.0;85.8;
23342455;传奇;Eusébio;Benfica;24;前腰;;中锋;前腰;前腰 (中), 前锋 (中);75.5;80.0;88.2;52.2;86.8;65.5;84.5;66.0;
23168730;传奇;Roy Keane;Manchester United;28;后腰、中前卫;;;后腰;后腰, 中场 (中);74.2;68.0;63.5;84.5;71.2;85.2;78.8;95.8;
23168707;传奇;Andrea Pirlo;AC Milan;25;后腰、中前卫;;;后腰;后腰, 中场 (中);70.5;95.8;87.5;57.0;63.0;59.2;77.0;65.5;多最佳位置复核：后腰、中前卫
23244526;传奇;Marco van Basten;AC Milan;22;中锋;;;中锋;前锋 (中);76.5;83.8;78.5;53.8;82.8;72.5;82.0;74.8;
23168719;传奇;Carlos Tevez;West Ham;21;前腰、中锋;;;前腰;前腰 (中), 前锋 (中);75.8;80.2;83.8;34.0;79.8;66.5;66.5;75.0;多最佳位置复核：前腰、中锋
23174668;传奇;Alessandro Nesta;AC Milan;26;中后卫;;;中后卫;后卫 (中);36.8;67.0;63.5;92.0;72.8;73.0;80.0;77.8;
23244490;传奇;Patrick Kluivert;Barcelona;22;中锋;;;中锋;前锋 (中);74.8;73.5;81.7;42.2;81.2;71.3;63.0;63.3;
23219314;传奇;Bobby Charlton;Manchester United;27;前腰、中前卫;;左边锋;前腰;中场 (中), 前腰 (左中);78.0;76.2;74.5;68.8;66.2;71.0;82.8;79.8;多最佳位置复核：前腰、中前卫
36522046;传奇;Jermain Defoe;Tottenham Hotspur;22;中锋;;;中锋;前锋 (中);83.5;66.5;76.8;30.5;80.8;61.2;69.2;57.5;
23244470;传奇;Daniel Alves;Barcelona;27;右翼卫、右后卫;右边前卫;;右翼卫;后卫/翼卫/中场 (右);64.0;72.5;74.8;64.8;88.2;72.0;68.5;76.8;多最佳位置复核：右翼卫、右后卫
23168735;传奇;Cesc Fàbregas;Arsenal;17;中前卫、前腰;;;中前卫;中场 (中);75.0;92.0;79.0;69.5;66.5;66.0;81.7;73.2;多最佳位置复核：中前卫、前腰
23049237;传奇;Ruud Gullit;AC Milan;25;中锋、中前卫、前腰;;;中锋;中场/前腰 (中), 前锋 (中);73.2;75.0;76.8;54.0;69.5;75.2;60.5;65.5;多最佳位置复核：中锋、中前卫、前腰
23447657;传奇;Tomas Rosicky;Borussia Dortmund;24;中前卫、前腰;;;中前卫;中场/前腰 (中);66.0;82.5;82.8;59.8;68.0;61.5;77.5;69.0;多最佳位置复核：中前卫、前腰
23413404;传奇;Ryan Giggs;Manchester United;26;左边前卫、左边锋;;;左边锋;中场/前腰 (左);58.0;71.0;90.2;46.5;90.0;64.7;63.8;73.2;
23048751;传奇;Alexis Sánchez;Arsenal;25;左边锋、右边锋;前腰;中锋;左边锋;前腰 (右左中), 前锋 (中);79.0;80.0;71.0;53.2;83.3;73.5;70.5;75.2;多最佳位置复核：左边锋、右边锋
23168712;传奇;Antonio Cassano;Roma;22;左边锋;;中锋;左边锋;前腰 (左), 前锋 (中);77.0;82.8;94.5;38.0;78.8;64.0;71.5;52.0;
36522050;传奇;Diego Forlán;Villarreal;25;中锋;;;中锋;前锋 (中);71.0;68.7;76.5;47.5;86.7;69.0;55.0;70.3;
36522038;传奇;Gaël Clichy;Arsenal;19;左后卫;;;左后卫;后卫 (左);55.2;60.5;65.0;72.0;88.0;69.8;63.2;71.0;
23380017;传奇;Tuncay Şanlı;Fenerbahçe;23;中锋;前腰;左边锋;中锋;前腰 (左中), 前锋 (中);71.8;56.8;72.2;41.0;81.0;64.8;57.8;57.0;
36522053;传奇;William Gallas;Chelsea;27;中后卫;左后卫;;中后卫;后卫 (左中);53.5;62.2;69.0;76.8;80.5;80.8;71.0;72.8;
23168720;传奇;Patrick Vieira;Arsenal;27;后腰、中前卫;;;后腰;后腰, 中场 (中);70.0;76.0;75.5;80.2;75.2;92.5;78.2;89.8;多最佳位置复核：后腰、中前卫
23168706;传奇;Francesco Totti;Roma;28;前腰;;中锋;前腰;前腰 (中), 前锋 (中);80.3;85.2;80.5;44.5;69.5;70.5;73.5;76.0;
36522017;传奇;Romário;PSV;26;中锋;;;中锋;前锋 (中);83.0;79.8;86.0;41.8;83.5;63.0;73.7;58.5;
23168729;传奇;Gary Neville;Manchester United;26;右后卫;中后卫;;中后卫;后卫 (右中);49.5;65.8;55.3;90.0;67.0;75.0;80.0;90.5;多最佳位置复核：右后卫
36522015;传奇;Edgar Davids;Juventus;26;中前卫、后腰;;;中前卫;后腰, 中场 (中);63.3;70.5;64.2;87.0;87.2;86.2;74.2;92.2;多最佳位置复核：中前卫、后腰
36522022;传奇;Roberto Carlos;Real Madrid;23;左后卫、左翼卫;;;左翼卫;后卫/翼卫 (左);76.5;65.8;60.8;61.0;91.2;69.0;70.8;76.2;
36522019;传奇;Frank Rijkaard;AC Milan;25;后腰、中后卫;中前卫;;后腰;后卫 (中), 后腰, 中场 (中);69.8;68.5;61.5;81.2;57.2;90.0;74.8;78.0;多最佳位置复核：后腰、中后卫
23048638;传奇;Robert Pirès;Arsenal;26;左边锋、左边前卫;前腰、右边前卫、右边锋;;左边锋;中场 (右左), 前腰 (右左中);68.5;77.5;81.0;48.7;81.2;60.8;66.5;53.0;多最佳位置复核：左边锋、左边前卫
2000233525;传奇;Luis Enrique;Barcelona;26;右边锋、右边前卫;前腰;;右边锋;中场 (右), 前腰 (右中);69.7;73.2;77.8;61.3;79.8;68.8;62.5;79.8;多最佳位置复核：右边锋、右边前卫
23244494;传奇;Michael Laudrup;Barcelona;28;前腰;中前卫、中锋;;前腰;中场/前腰 (中), 前锋 (中);74.2;81.5;83.2;50.0;86.2;70.0;73.5;67.5;
23168722;传奇;Paul Scholes;Manchester United;27;中前卫、前腰;;;前腰;中场/前腰 (中);77.0;84.2;82.8;64.5;55.0;65.8;79.5;78.5;
23244505;传奇;Deco;Barcelona;28;中前卫、前腰;;;前腰;中场/前腰 (中);79.8;89.2;85.8;62.2;61.5;60.0;78.0;72.2;
23184862;传奇;Cafú;AC Milan;23;右后卫、右翼卫;;;右翼卫;后卫/翼卫 (右);68.5;71.0;81.0;64.5;94.0;74.5;70.5;67.0;
36521999;传奇;Joe Cole;Chelsea;21;前腰;左边锋;;前腰;前腰 (左中);69.5;73.5;84.5;49.8;70.5;64.7;62.2;67.2;
23460695;传奇;Walter Samuel;Inter Milan;26;中后卫;;;中后卫;后卫 (中);51.0;48.8;48.2;85.0;59.5;84.8;64.0;73.0;
23048632;传奇;Miroslav Klose;SV Werder Bremen;26;中锋;;;中锋;前锋 (中);63.5;68.5;67.5;48.0;80.2;73.5;64.2;69.5;
23048278;传奇;Nemanja Vidic;Manchester United;25;中后卫;;;中后卫;后卫 (中);41.5;52.5;50.8;82.0;69.8;85.0;65.2;81.0;
23048077;传奇;Yaya Touré;Manchester City;26;后腰、中前卫;;;后腰;后腰, 中场 (中);60.0;75.2;70.5;77.5;68.2;80.2;70.0;74.0;多最佳位置复核：后腰、中前卫
23244508;传奇;Michael Owen;Newcastle;25;中锋;;;中锋;前锋 (中);83.0;71.0;75.0;51.8;84.5;64.2;78.2;73.3;
23168710;传奇;Lúcio;Bayern Munich;26;中后卫;;;中后卫;后卫 (中);62.8;63.0;64.2;75.5;79.8;85.8;70.5;84.5;
23168728;传奇;Bastian Schweinsteiger;Bayern Munich;21;中前卫、后腰;左边前卫、右边前卫;前腰;前腰;中场/前腰 (右左中);65.0;75.5;79.5;60.7;71.5;74.0;64.5;73.2;多最佳位置复核：中前卫、后腰
23168703;传奇;Obafemi Martins;Inter Milan;20;中锋;;;中锋;前锋 (中);72.5;58.5;73.0;48.2;87.0;68.0;62.0;57.3;
36522007;传奇;Ricardo Carvalho;Chelsea;26;中后卫;;;中后卫;后卫 (中);50.0;51.2;52.0;84.2;69.2;74.0;74.8;81.5;
36522045;传奇;Sergi;Barcelona;27;左后卫;中后卫、后腰;;左后卫;后卫 (左中), 后腰;69.5;65.5;63.8;70.2;95.0;63.8;67.5;73.8;
36522010;传奇;Cristian Chivu;Roma;24;左后卫、中后卫;;;中后卫;后卫 (左中);61.5;71.8;64.5;78.5;67.0;70.2;74.8;76.0;
23048854;传奇;Alan Shearer;Newcastle;26;中锋;;;中锋;前锋 (中);87.0;74.2;70.8;48.2;68.8;83.2;72.2;84.5;
23168724;传奇;Alessandro Del Piero;Juventus;24;前腰、中锋;左边锋;;前腰;前腰 (左中), 前锋 (中);69.8;79.8;84.2;67.0;68.2;68.5;65.2;71.0;
23244486;传奇;Rio Ferdinand;Manchester United;27;中后卫;;;中后卫;后卫 (中);37.8;63.2;72.0;85.8;79.2;77.2;80.2;58.8;
2000400811;传奇;Dejan Stankovic;Inter Milan;26;前腰;;中前卫、左边前卫、右边前卫、左边锋、右边锋;前腰;中场/前腰 (右左中);70.8;73.2;74.5;59.2;63.0;66.5;71.5;69.5;
23244584;传奇;David Trezeguet;Juventus;27;中锋;;;中锋;前锋 (中);82.5;67.8;66.2;39.8;66.5;74.5;70.5;61.2;
23244495;传奇;Pep Guardiola;Barcelona;25;后腰;;中前卫;后腰;后腰, 中场 (中);48.8;73.8;59.3;89.0;73.0;80.5;74.0;84.8;
36522051;传奇;Santi Cazorla;Arsenal;22;前腰、中前卫;;左边前卫、右边前卫、左边锋、右边锋;前腰;中场/前腰 (右左中);67.0;76.5;79.0;41.2;77.5;51.8;66.8;62.8;多最佳位置复核：前腰、中前卫
2000214661;传奇;Jordi Alba;Barcelona;23;左后卫、左翼卫;左边前卫;左边锋;左边锋;后卫/翼卫/中场/前腰 (左);62.8;66.5;71.5;64.5;84.5;62.3;69.0;73.8;多最佳位置复核：左后卫、左翼卫
2000075164;传奇;Júlio Baptista;Real Madrid;23;中前卫;;前腰;中前卫;中场/前腰 (中);83.0;71.2;71.2;81.2;70.2;84.2;76.0;87.0;
36522009;传奇;Tony Adams;Arsenal;25;中后卫;;;中后卫;后卫 (中);67.5;55.2;49.0;80.2;41.2;84.8;76.0;91.5;
2000331622;传奇;Shaun Wright-Phillips;Chelsea;23;右边锋;;右边前卫;右边锋;中场/前腰 (右);69.2;70.2;81.7;57.0;86.0;59.8;67.2;68.2;
23342402;传奇;Raúl;Real Madrid;27;中锋、前腰;;;中锋;前腰 (中), 前锋 (中);78.0;90.0;89.2;73.0;63.8;63.0;86.2;88.5;多最佳位置复核：中锋、前腰
36522040;传奇;Daniele De Rossi;Roma;21;后腰、中前卫;;;后腰;后腰, 中场 (中);68.3;72.5;68.5;76.8;66.5;71.5;69.2;80.8;多最佳位置复核：后腰、中前卫
36522056;传奇;Mesut Özil;Arsenal;28;前腰;左边锋、右边锋;;前腰;前腰 (右左中);68.2;92.5;89.2;45.7;69.2;61.8;71.5;55.2;
23049162;传奇;Christian Vieri;Inter Milan;25;中锋;;;中锋;前锋 (中);85.8;77.5;66.2;38.5;66.8;83.0;70.8;83.8;
23497385;传奇;Ron Harris;Chelsea;18;中后卫;左后卫;;中后卫;后卫 (左中);50.5;52.5;50.3;73.3;60.2;69.5;57.0;75.8;
23048754;传奇;Didier Drogba;Chelsea;26;中锋;;;中锋;前锋 (中);72.0;66.0;78.0;50.2;81.7;80.2;70.0;70.0;
23244580;传奇;Javier Mascherano;West Ham;24;后腰;;;后腰;后腰;51.2;78.8;71.8;86.0;71.5;57.5;74.0;72.5;
23244549;传奇;Eric Abidal;Barcelona;27;左后卫;;;左后卫;后卫 (左);48.8;61.8;60.2;79.2;84.5;78.2;67.2;70.5;
23447703;传奇;Denis Law;Manchester United;21;中锋;;;中锋;前锋 (中);69.5;70.2;76.0;41.5;73.8;66.5;64.0;77.2;
2000030579;传奇;Sergio Busquets;Barcelona;24;后腰;中前卫;;后腰;后腰, 中场 (中);57.0;80.2;67.3;82.2;59.0;65.0;84.5;75.0;
36522049;传奇;Stewart Downing;Middlesbrough;20;左边锋;;;左边锋;前腰 (左);64.2;75.0;80.2;46.5;73.7;51.8;65.8;52.0;
36522440;传奇;Gilberto Silva;Arsenal;28;后腰;;中前卫;后腰;后腰, 中场 (中);68.5;75.5;69.0;80.8;70.5;70.5;82.0;67.5;
23168732;传奇;Michael Carrick;Manchester United;23;中前卫、后腰;;;中前卫;后腰, 中场 (中);70.0;83.5;75.0;65.2;66.2;68.7;81.0;71.5;多最佳位置复核：中前卫、后腰
36522058;传奇;Aleksandr Hleb;Arsenal;23;前腰;中前卫;右边锋;前腰;中场 (中), 前腰 (右中);52.8;79.2;79.5;42.0;74.5;66.0;66.2;59.2;
23460619;传奇;Nicky Butt;Manchester United;23;后腰;;中前卫;后腰;后腰, 中场 (中);57.5;55.5;55.0;77.5;66.8;77.0;58.2;89.2;
23453013;传奇;Bryan Robson;Manchester United;26;中前卫、前腰;;;中前卫;中场/前腰 (中);67.8;68.2;64.5;71.0;66.0;69.8;67.2;80.0;多最佳位置复核：中前卫、前腰
23244472;传奇;Gerard Piqué;Barcelona;25;中后卫;;;中后卫;后卫 (中);59.8;75.0;66.2;78.8;61.0;71.2;78.8;69.2;
23244604;传奇;Rafael Márquez;Barcelona;26;中后卫、后腰;;;中后卫;后卫 (中), 后腰;54.3;69.0;60.7;84.5;59.2;71.2;75.0;70.0;
36522000;传奇;Claude Makélélé;Chelsea;28;后腰;;中前卫;后腰;后腰, 中场 (中);52.8;70.2;58.2;83.8;60.8;77.5;76.5;82.7;
36522005;传奇;Gary Cahill;Chelsea;27;中后卫;;;中后卫;后卫 (中);53.2;63.5;60.8;74.8;68.5;70.5;70.2;73.2;
23342468;传奇;Eric Cantona;Manchester United;27;前腰、中锋;;;前腰;前腰 (中), 前锋 (中);75.5;77.8;74.2;50.7;63.8;81.7;75.0;70.2;多最佳位置复核：前腰、中锋
1034075;传奇;Arda Turan;Galatasaray;23;前腰、左边锋;右边锋;;前腰;前腰 (右左中);68.0;80.2;82.5;47.8;64.0;52.5;73.5;59.8;多最佳位置复核：前腰、左边锋
36522024;传奇;Kolo Touré;Arsenal;24;中后卫;右后卫;;中后卫;后卫 (右中);57.0;63.2;65.8;76.5;81.2;79.2;65.8;78.2;
23168711;传奇;Nicolas Anelka;Fenerbahçe;25;中锋;;;中锋;前锋 (中);74.5;68.5;69.8;39.0;87.0;68.5;60.5;54.5;
23380025;传奇;Bill Foulkes;Manchester United;26;中后卫;;右后卫;中后卫;后卫 (右中);41.0;53.8;50.0;80.8;60.2;81.8;62.3;71.5;
23413399;传奇;Clarence Seedorf;AC Milan;25;中前卫、前腰;右边锋;右边前卫;中前卫;中场/前腰 (右中);65.5;80.8;81.8;63.0;67.8;74.8;75.5;74.8;多最佳位置复核：中前卫、前腰
36522034;传奇;Bakary Sagna;Arsenal;24;右后卫;;右翼卫;右后卫;后卫/翼卫 (右);55.0;64.0;61.8;82.2;77.5;75.8;70.2;69.8;
36522014;传奇;Gabriel Batistuta;Fiorentina;24;中锋;;;中锋;前锋 (中);85.5;60.0;68.3;40.2;73.5;81.0;66.0;78.0;
36522055;传奇;Aaron Ramsey;Arsenal;26;前腰;右边锋;中前卫;前腰;中场 (中), 前腰 (右中);65.2;78.5;78.2;56.2;69.8;68.0;70.0;72.0;
23342467;传奇;Patrice Evra;Manchester United;25;左翼卫、左后卫;;;左翼卫;后卫/翼卫 (左);56.2;64.5;73.8;67.8;87.0;64.0;62.0;72.5;多最佳位置复核：左翼卫、左后卫
23049091;传奇;Emre Belözoğlu;Fenerbahçe;26;左边前卫;后腰;中前卫;左边前卫;后腰, 中场 (左中);59.2;76.3;80.2;57.5;77.8;60.5;70.2;75.8;
36522035;传奇;Pelé;Santos;24;中锋、前腰;;;中锋;前腰 (中), 前锋 (中);78.8;85.5;85.2;53.5;81.2;77.5;82.0;71.0;多最佳位置复核：中锋、前腰
36522004;传奇;Lee Dixon;Arsenal;24;右后卫;;;右后卫;后卫 (右);56.5;64.5;59.5;71.8;73.8;79.8;69.0;83.8;
36522006;传奇;Alex de Souza;Fenerbahçe;27;前腰;中前卫、左边前卫、左边锋;;前腰;中场/前腰 (左中);72.5;82.2;77.2;43.8;75.5;69.2;65.2;61.5;
23184860;传奇;Zico;Flamengo;21;前腰、中锋;左边锋;;前腰;前腰 (左中), 前锋 (中);82.5;91.0;88.8;43.8;69.2;56.0;81.7;71.5;多最佳位置复核：前腰、中锋
67033300;传奇;César Azpilicueta;Chelsea;26;中后卫;左后卫、左翼卫、右翼卫;右后卫;中后卫;后卫 (右左中), 翼卫 (右左);50.5;65.5;58.2;73.8;67.2;69.5;76.2;83.2;
23184864;传奇;Denis Irwin;Manchester United;27;左后卫、右后卫;;;左后卫;后卫 (右左);66.0;57.0;49.2;75.8;72.5;63.0;68.2;81.5;多最佳位置复核：左后卫、右后卫
23460578;传奇;Garry Pallister;Manchester United;27;中后卫;;;中后卫;后卫 (中);44.0;47.8;47.8;78.5;61.2;78.5;67.5;77.0;
23460508;传奇;Ronaldinho;Barcelona;23;前腰、左边锋;;;前腰;前腰 (左中);82.5;92.3;97.5;48.0;84.5;71.2;75.0;71.2;多最佳位置复核：前腰、左边锋
36522008;传奇;Eden Hazard;Chelsea;21;左边锋、前腰;中前卫、右边锋;;左边锋;中场 (中), 前腰 (右左中);64.2;78.5;88.2;31.5;85.5;59.5;62.5;51.0;多最佳位置复核：左边锋、前腰
36522012;传奇;Gareth Bale;Real Madrid;21;左边前卫、左边锋、右边锋;前腰、右边前卫;;左边锋;中场 (右左), 前腰 (右左中);73.8;70.2;76.0;52.5;86.2;72.2;63.5;59.8;多最佳位置复核：左边前卫、左边锋、右边锋
23244480;传奇;Arjen Robben;Chelsea;20;右边前卫、右边锋;左边前卫、左边锋;;左边锋;中场/前腰 (右左);73.5;79.8;87.2;45.5;80.2;65.5;79.8;68.5;多最佳位置复核：右边前卫、右边锋
