Unique ID;球员类型;名字;国家或地区;俱乐部;联赛;联赛键;联赛可信度;年龄;身高(cm);左脚;右脚;主力脚;最佳位置;第二位置;其他可用位置;定价位置;最佳位置倍率;第二位置倍率;其他位置倍率;最佳位置能力;第二位置能力;其他位置能力;FM身价原文;FM身价下限(百万英镑);FM身价上限(百万英镑);FM身价中位(百万英镑);评分_射门;评分_传球;评分_控球;评分_防守;评分_速度;评分_身体;评分_意识;评分_意志;FM_技术;FM_抢断;FM_罚点球;FM_传球;FM_盯人;FM_界外球;FM_远射;FM_头球;FM_任意球;FM_停球;FM_射门;FM_盘带;FM_传中;FM_角球;FM_强壮;FM_耐力;FM_速度;FM_体质;FM_弹跳;FM_平衡;FM_灵活;FM_爆发力;FM_预判;FM_才华;FM_领导力;FM_无球跑动;FM_工作投入;FM_视野;FM_团队合作;FM_选位;FM_意志力;FM_决断;FM_集中;FM_镇定;FM_勇敢;FM_侵略性;模型价格(百万欧元);位置稀缺系数;巨星系数;FM身价修正;基础价格(百万欧元);本局价格下限(百万欧元);本局价格上限(百万欧元);价格池;缺失FM属性数;校验状态;原最佳位置;原第二位置;原全部位置
85140178;现役;Ousmane Dembélé;法国;Paris Saint-Germain;法甲;法甲;manual;27;178;精准;精准;双足;中锋、左边锋、右边锋;;;中锋;1.0;0.95;0.9;73.7;;;£2.74亿 - £3.46亿;274.0;346.0;310.0;72.5;76.2;87.7;45.0;84.8;59.5;64.8;69.5;18;6;14;15;8;5;13;7;10;18;16;18;14;12;10;14;17;15;8;13;16;18;13;18;13;15;15;14;14;10;15;13;13;13;12;13;76.5;1.08;1.0;1.05;86.8;69.4;104.2;球星池;0;PASS;前锋 (中);前腰 (左);前腰 (右左), 前锋 (中)
91193048;现役;Florian Wirtz;德国;Liverpool;英超;英超;manual;21;177;还行;精准;右脚;前腰、左边锋;中前卫、右边锋;;前腰;1.0;0.95;0.9;78.2;74.3;;£2.39亿 - £2.87亿;239.0;287.0;263.0;72.2;87.2;86.8;50.8;74.2;61.3;73.8;75.2;18;10;14;18;8;3;14;7;13;18;13;17;13;14;10;16;15;13;7;15;16;14;16;18;9;16;17;18;16;7;17;15;15;16;13;13;111.5;1.04;1.0;1.05;121.7;97.4;146.0;球星池;0;PASS;前腰 (中);中场 (中), 前腰 (右左);中场 (中), 前腰 (右左中)
85139014;现役;Kylian Mbappé;法国;Real Madrid;西甲;西甲;manual;26;178;不错;精准;右脚;左边锋、中锋;右边锋;;左边锋;1.0;0.95;0.9;81.3;77.2;;£2.36亿 - £2.83亿;236.0;283.0;259.5;85.5;79.2;87.2;34.5;93.3;65.2;74.0;68.0;17;4;18;15;4;3;15;9;11;18;18;18;13;13;12;15;19;15;8;16;16;20;17;18;13;17;13;16;10;4;18;16;16;18;12;6;140.9;1.05;1.03;1.05;160.0;128.0;192.0;球星池;0;PASS;前腰 (左);前腰 (右);前腰 (右左), 前锋 (中)
67228634;现役;Achraf Hakimi;摩洛哥;Paris Saint-Germain;法甲;法甲;manual;26;181;还行;精准;右脚;右后卫、右翼卫、右边前卫;;;右翼卫;1.0;0.95;0.9;73.0;;;£2.05亿 - £2.46亿;205.0;246.0;225.5;68.3;70.8;73.0;64.8;88.5;72.0;65.2;73.8;14;13;10;15;13;11;13;11;13;15;13;15;15;7;12;18;18;19;11;14;15;18;13;14;15;17;17;13;13;13;16;13;13;13;12;16;71.9;1.0;1.0;1.05;75.5;60.4;90.6;球星池;0;PASS;后卫/翼卫 (右);中场 (右);后卫/翼卫/中场 (右)
59130638;现役;Khvicha Kvaratskhelia;格鲁吉亚;Paris Saint-Germain;法甲;法甲;manual;23;183;强势;精准;左脚;前腰;;左边锋;前腰;1.0;0.95;0.9;74.5;;67.0;£1.76亿 - £2.22亿;176.0;222.0;199.0;74.0;80.2;89.2;44.5;75.0;59.0;62.7;63.8;18;10;15;16;8;4;14;11;14;18;15;18;14;8;10;12;15;16;9;13;18;15;12;19;10;17;12;15;11;5;17;15;11;14;12;11;82.1;1.04;1.0;1.05;89.7;71.8;107.6;球星池;0;PASS;未知;前腰 (中);前腰 (左中)
83174762;现役;Vitinha;葡萄牙;Paris Saint-Germain;法甲;法甲;manual;24;172;还行;精准;右脚;中前卫;;后腰;中前卫;1.0;0.95;0.9;77.5;;69.8;£1.73亿 - £2.26亿;173.0;226.0;199.5;70.2;82.2;84.0;74.5;70.0;69.2;79.2;77.5;16;14;17;17;15;8;14;7;13;17;12;17;13;13;11;18;13;16;8;16;18;13;16;17;14;15;17;17;16;15;15;15;16;16;15;14;105.5;1.02;1.0;1.05;113.0;90.4;135.6;球星池;0;PASS;未知;;后腰, 中场 (中)
29232937;现役;Jude Bellingham;英格兰;Real Madrid;西甲;西甲;manual;21;186;不错;精准;右脚;中前卫、前腰;左边前卫;;中前卫;1.0;0.95;0.9;77.3;73.4;;£1.67亿 - £1.9亿;167.0;190.0;178.5;80.0;79.8;83.8;68.2;73.2;73.5;73.3;85.2;17;15;13;17;12;6;14;14;11;17;17;17;12;11;14;16;14;16;12;14;15;15;16;18;17;17;17;15;15;12;20;14;13;16;17;17;103.8;1.02;1.0;1.05;111.2;89.0;133.4;球星池;0;PASS;中场 (中);中场 (左), 前腰 (中);中场 (左中), 前腰 (中)
29221846;现役;Michael Olise;法国;Bayern Munich;德甲;德甲;manual;23;184;精准;还行;左脚;右边锋、右边前卫;中前卫;前腰;右边锋;1.0;0.95;0.9;78.3;74.4;70.5;£1.65亿 - £1.98亿;165.0;198.0;181.5;81.0;88.8;88.0;50.0;73.2;66.5;76.5;62.0;18;9;15;18;8;6;17;8;16;18;15;18;17;16;13;15;14;12;11;16;16;15;17;17;10;17;13;18;13;8;13;16;14;17;12;8;112.4;1.05;1.0;1.05;123.9;99.1;148.7;球星池;0;PASS;前腰 (右);中场 (右中);中场/前腰 (右中)
29179241;现役;Erling Haaland;挪威;Manchester City;英超;英超;manual;24;195;精准;还行;左脚;中锋;;;中锋;1.0;0.95;0.9;79.3;;;£1.64亿 - £1.89亿;164.0;189.0;176.5;84.8;67.2;71.8;45.8;87.5;83.2;74.0;77.5;14;7;17;13;6;5;13;15;13;13;18;14;10;7;17;14;19;19;18;17;16;17;19;16;13;18;13;14;14;7;20;15;15;17;15;15;121.4;1.08;1.0;1.05;137.7;110.2;165.2;球星池;0;PASS;前锋 (中);;前锋 (中)
28106491;现役;Declan Rice;英格兰;Arsenal;英超;英超;manual;26;188;还行;精准;右脚;中前卫;;后腰;中前卫;1.0;0.95;0.9;75.9;;68.3;£1.64亿 - £1.8亿;164.0;180.0;172.0;67.5;75.8;71.0;80.8;67.0;77.8;81.2;84.5;15;17;11;15;15;15;12;14;17;16;11;14;15;20;14;17;13;18;14;15;13;13;18;10;16;16;17;14;19;16;18;18;15;17;16;13;92.5;1.02;1.0;1.05;99.1;79.3;118.9;球星池;0;PASS;中场 (中);;后腰, 中场 (中)
53095137;现役;Martin Ødegaard;挪威;Arsenal;英超;英超;manual;26;178;精准;还行;左脚;前腰;;中前卫;前腰;1.0;0.95;0.9;80.2;;72.2;£1.59亿 - £1.88亿;159.0;188.0;173.5;76.2;90.8;87.2;55.2;67.5;62.2;80.2;74.0;19;10;14;18;9;3;16;8;14;18;13;17;15;16;11;15;13;13;9;16;16;13;18;16;15;17;15;19;19;10;16;17;15;16;10;9;129.9;1.04;1.03;1.05;146.1;116.9;175.3;球星池;0;PASS;未知;;中场/前腰 (中)
49039004;现役;William Saliba;法国;Arsenal;英超;英超;manual;23;192;还行;精准;右脚;中后卫;;;中后卫;1.0;0.95;0.9;78.2;;;£1.57亿 - £1.95亿;157.0;195.0;176.0;55.8;67.8;69.5;83.2;73.2;80.8;79.5;75.2;16;18;10;13;16;6;11;16;5;15;9;12;10;5;17;16;15;16;16;16;14;14;18;11;10;8;15;12;17;16;16;16;15;19;15;15;111.5;1.0;1.0;1.05;117.1;93.7;140.5;球星池;0;PASS;未知;;后卫 (中)
2000256231;现役;Lamine Yamal;西班牙;Barcelona;西甲;西甲;manual;17;180;精准;还行;左脚;右边锋;;右边前卫;右边锋;1.0;0.95;0.9;77.5;;69.8;£1.45亿 - £1.67亿;145.0;167.0;156.0;70.2;88.2;93.8;39.5;77.2;61.5;72.8;66.5;19;6;14;17;5;6;14;7;13;19;13;19;17;14;11;13;15;14;9;16;18;16;15;19;12;15;12;18;13;7;17;16;14;15;11;9;105.5;1.05;1.0;1.05;116.3;93.0;139.6;球星池;0;PASS;前腰 (右);;中场/前腰 (右)
83261910;现役;Nuno Mendes;葡萄牙;Paris Saint-Germain;法甲;法甲;manual;22;176;精准;不错;左脚;左翼卫;;左后卫;左翼卫;1.0;0.95;0.9;70.4;;63.4;£1.41亿 - £1.89亿;141.0;189.0;165.0;57.8;69.0;72.0;65.0;87.0;67.2;66.0;64.2;14;14;9;14;12;11;10;9;13;15;10;15;15;13;13;15;18;16;10;14;15;18;14;12;8;14;15;13;12;13;14;13;12;14;12;15;56.2;1.0;1.0;1.05;59.0;47.2;70.8;强援池;0;PASS;未知;;后卫/翼卫 (左)
14183207;现役;Julián Álvarez;阿根廷;Atlético Madrid;西甲;西甲;manual;24;170;强势;精准;左脚;中锋、前腰;左边锋、右边锋;;中锋;1.0;0.95;0.9;74.0;70.3;;£1.31亿 - £1.59亿;131.0;159.0;145.0;79.2;74.2;76.0;49.5;75.0;64.8;71.3;73.2;15;9;15;15;7;6;16;11;17;16;16;15;13;14;12;16;14;15;7;13;15;16;16;16;10;16;16;14;16;8;15;16;15;15;15;11;78.6;1.08;1.0;1.05;89.1;71.3;106.9;球星池;0;PASS;前锋 (中);前腰 (右左中);前腰 (右左中), 前锋 (中)
2000049413;现役;Gavi;西班牙;Barcelona;西甲;西甲;manual;20;173;不错;精准;右脚;后腰;;中前卫、前腰;后腰;1.0;0.95;0.9;71.1;;64.0;£1.24亿 - £1.52亿;124.0;152.0;138.0;62.0;73.5;72.0;67.8;64.2;68.8;69.2;87.2;15;14;9;15;12;8;11;6;11;14;11;14;13;12;14;14;12;15;7;15;15;13;15;14;14;16;18;15;16;12;19;14;15;12;19;19;60.2;1.03;1.0;1.05;65.1;52.1;78.1;强援池;0;PASS;未知;;后腰, 中场/前腰 (中)
37071197;现役;Ryan Gravenberch;荷兰;Liverpool;英超;英超;manual;22;190;还行;精准;右脚;前腰;;后腰、中前卫;前腰;1.0;0.95;0.9;71.6;;64.4;£1.24亿 - £1.52亿;124.0;152.0;138.0;58.2;73.0;77.8;66.8;74.2;68.5;73.8;68.5;16;13;10;15;12;7;10;12;10;15;9;15;11;11;13;15;14;14;12;15;18;15;16;15;7;14;15;14;15;14;15;14;14;16;13;13;63.1;1.04;1.0;1.05;68.9;55.1;82.7;强援池;0;PASS;未知;前腰 (中);后腰, 中场/前腰 (中)
28124573;现役;Levi Colwill;英格兰;Chelsea;英超;英超;manual;21;187;精准;还行;左脚;中后卫;左后卫;;中后卫;1.0;0.95;0.9;70.0;66.5;;£1.19亿 - £1.46亿;119.0;146.0;132.5;38.2;70.5;62.0;72.5;73.0;73.0;69.8;64.2;15;15;8;16;14;9;2;15;3;14;5;11;7;3;16;14;15;14;15;15;12;15;13;6;13;11;15;12;12;15;11;15;16;16;12;12;54.0;1.0;1.0;1.05;56.7;45.4;68.0;强援池;0;PASS;未知;后卫 (左);后卫 (左中)
28120042;现役;Cole Palmer;英格兰;Chelsea;英超;英超;manual;22;189;精准;还行;左脚;前腰、右边锋;左边锋;;前腰;1.0;0.95;0.9;77.4;73.5;;£1.15亿 - £1.63亿;115.0;163.0;139.0;81.5;82.2;87.0;43.0;76.5;63.8;75.2;51.2;18;8;20;15;6;3;15;8;15;19;18;17;16;13;9;17;15;13;13;16;16;15;15;16;7;13;13;16;11;8;10;18;12;19;8;8;104.6;1.04;1.0;1.05;114.3;91.4;137.2;球星池;0;PASS;前腰 (右中);前腰 (左);前腰 (右左中)
67288555;现役;Xavi Simons;荷兰;Tottenham Hotspur;英超;英超;manual;21;179;还行;精准;右脚;前腰、左边锋、右边锋;;中前卫;前腰;1.0;0.95;0.9;70.7;;63.6;£1.15亿 - £1.49亿;115.0;149.0;132.0;64.8;75.5;80.5;48.0;73.2;61.2;63.5;67.7;16;9;13;16;8;5;14;9;13;16;12;17;11;13;10;15;14;15;10;12;16;15;13;16;10;13;13;15;13;9;17;12;12;14;12;15;57.9;1.04;1.0;1.05;63.2;50.6;75.8;强援池;0;PASS;未知;前腰 (右左);中场 (中), 前腰 (右左中)
28126241;现役;Oscar Bobb;挪威;Fulham;英超;英超;manual;21;174;精准;不错;左脚;左边锋;右边前卫;中前卫、前腰、右边锋;左边锋;1.0;0.95;0.9;65.1;61.8;58.6;£1.11亿 - £1.37亿;111.0;137.0;124.0;59.3;64.8;71.0;45.5;71.8;54.0;65.5;62.0;14;6;10;13;7;4;11;6;10;13;11;15;9;12;8;13;14;14;8;12;15;15;13;15;7;13;14;13;14;12;13;13;13;14;11;12;31.6;1.05;1.0;1.05;34.9;27.9;41.9;主力池;0;PASS;未知;中场 (右), 前腰 (左);中场 (右中), 前腰 (右左中)
2000053516;现役;Adam Wharton;英格兰;Crystal Palace;英超;英超;manual;20;182;精准;强势;右脚;中前卫;;后腰;中前卫;1.0;0.95;0.9;67.9;;61.1;£1.08亿 - £1.73亿;108.0;173.0;140.5;51.2;77.5;70.0;61.5;62.8;62.5;71.2;66.2;15;12;10;16;12;2;9;9;13;15;7;13;13;13;12;13;12;14;11;13;13;13;14;14;7;13;15;16;15;12;14;15;13;15;12;14;43.4;1.02;1.0;1.05;46.5;37.2;55.8;强援池;0;PASS;未知;;后腰, 中场 (中)
2000031901;现役;Kevin;巴西;Fulham;英超;英超;manual;22;176;欠佳;精准;右脚;左边锋;右边锋;;左边锋;1.0;0.95;0.9;68.6;65.2;;£1.08亿 - £1.33亿;108.0;133.0;120.5;66.5;66.2;79.5;39.2;78.0;57.7;58.2;57.0;16;7;12;13;6;5;11;9;11;15;14;16;12;12;11;13;15;12;8;14;16;17;13;18;9;15;12;12;11;8;14;12;8;13;11;10;46.8;1.05;1.0;1.05;51.6;41.3;61.9;强援池;0;PASS;未知;前腰 (右);前腰 (右左)
28127254;现役;Elliot Anderson;英格兰;Nottingham Forest;英超;英超;manual;22;179;不错;精准;右脚;前腰;左边锋;后腰、中前卫;前腰;1.0;0.95;0.9;66.8;63.5;60.1;£1.01亿 - £1.62亿;101.0;162.0;131.5;61.2;65.8;70.0;61.8;66.0;66.2;65.5;79.8;14;13;11;13;10;3;12;9;12;13;12;15;11;12;14;15;12;13;8;14;14;14;12;13;12;13;17;13;15;13;19;14;14;13;15;14;38.5;1.04;1.0;1.05;42.0;33.6;50.4;强援池;0;PASS;未知;前腰 (左中);后腰, 中场 (中), 前腰 (左中)
67287665;现役;Álex Baena;西班牙;Atlético Madrid;西甲;西甲;manual;23;174;强势;精准;左脚;前腰;中前卫、右边锋;左边锋;前腰;1.0;0.95;0.9;70.6;67.1;63.5;£1.01亿 - £1.24亿;101.0;124.0;112.5;63.5;84.2;75.2;48.2;65.5;58.5;66.8;61.3;16;9;10;17;8;9;13;10;15;17;14;14;14;14;11;13;13;15;7;13;14;13;12;14;11;12;12;18;11;10;14;16;12;11;11;15;57.3;1.04;1.0;1.05;62.6;50.1;75.1;强援池;0;PASS;未知;中场 (中), 前腰 (右);中场 (中), 前腰 (右左中)
2000211997;现役;Álex Jiménez;西班牙;Bournemouth;英超;英超;manual;19;175;还行;精准;右脚;右边锋;右边前卫;左后卫、左翼卫、右后卫、右翼卫;右边锋;1.0;0.95;0.9;62.6;59.5;56.3;£1.01亿 - £1.24亿;101.0;124.0;112.5;54.2;58.5;65.0;55.5;75.8;59.5;54.5;68.2;13;12;7;12;9;6;12;6;4;12;8;14;12;6;10;14;14;14;7;13;15;17;14;10;10;15;14;11;13;10;15;10;11;9;15;16;23.1;1.05;1.0;1.05;25.5;20.4;30.6;主力池;0;PASS;未知;中场/前腰 (右);后卫/翼卫 (右左), 中场/前腰 (右)
43295814;现役;Dejan Kulusevski;瑞典;Tottenham Hotspur;英超;英超;manual;24;186;精准;不错;左脚;前腰、右边锋;中前卫;右边前卫;前腰;1.0;0.95;0.9;71.0;67.5;63.9;£1亿 - £1.6亿;100.0;160.0;130.0;67.8;74.5;79.8;37.0;70.2;75.5;64.2;68.2;16;7;11;15;4;4;11;7;9;17;14;16;13;11;17;18;14;14;12;17;14;13;15;15;12;15;17;14;17;6;15;14;12;14;8;7;59.6;1.04;1.0;1.05;65.1;52.1;78.1;强援池;0;PASS;未知;中场 (中);中场/前腰 (右中)
28121372;现役;Ian Maatsen;荷兰;Aston Villa;英超;英超;manual;22;178;精准;还行;左脚;左翼卫;;左后卫;左翼卫;1.0;0.95;0.9;67.9;;61.1;£1亿 - £1.6亿;100.0;160.0;130.0;63.5;69.0;70.0;63.2;78.5;60.0;66.0;66.0;15;13;11;14;12;12;11;9;13;14;13;13;14;12;10;14;16;14;9;13;15;16;14;14;7;13;15;13;15;13;14;13;11;14;13;14;43.4;1.0;1.0;1.05;45.6;36.5;54.7;强援池;0;PASS;未知;;后卫/翼卫 (左)
71110357;现役;Yehor Yarmoliuk;乌克兰;Brentford;英超;英超;manual;20;180;不错;精准;右脚;后腰;前腰;中前卫;后腰;1.0;0.95;0.9;66.4;63.1;59.8;£1亿 - £1.23亿;100.0;123.0;111.5;51.2;64.8;64.5;66.3;66.5;67.8;67.8;74.0;13;13;9;13;12;9;8;13;9;13;8;13;12;10;12;16;13;15;11;13;13;13;14;12;8;13;18;13;14;14;16;13;14;14;15;13;36.8;1.03;1.0;1.05;39.8;31.8;47.8;主力池;0;PASS;未知;前腰 (中);后腰, 中场/前腰 (中)
67217524;现役;Rodri;西班牙;Manchester City;英超;英超;manual;28;191;不错;精准;右脚;后腰、中前卫;中后卫;;后腰;1.0;0.95;0.9;76.7;72.9;;£9900万 - £1.58亿;99.0;158.0;128.5;72.2;77.0;66.0;79.5;68.8;78.3;85.5;73.8;14;17;8;16;13;7;15;13;8;15;13;13;8;4;16;17;13;16;17;12;13;14;17;9;13;14;16;16;16;17;13;18;17;20;15;13;98.9;1.03;1.0;1.05;106.9;85.5;128.3;球星池;0;PASS;后腰;后卫 (中);后卫 (中), 后腰
43424738;现役;Riccardo Calafiori;意大利;Arsenal;英超;英超;manual;22;188;精准;还行;左脚;中后卫;;左后卫;中后卫;1.0;0.95;0.9;71.9;;64.7;£9900万 - £1.58亿;99.0;158.0;128.5;58.5;71.2;68.8;73.8;70.0;71.2;74.5;70.2;15;15;7;15;14;14;12;14;6;14;9;13;12;4;14;15;14;15;14;14;13;14;17;13;10;13;14;13;16;15;15;15;14;15;13;15;64.9;1.0;1.0;1.05;68.2;54.6;81.8;强援池;0;PASS;未知;;后卫 (左中)
92039023;现役;Joshua Kimmich;德国;Bayern Munich;德甲;德甲;manual;29;177;不错;精准;右脚;后腰;右翼卫;右后卫、中前卫;后腰;1.0;0.95;0.9;75.1;71.3;67.6;£9900万 - £1.29亿;99.0;129.0;114.0;67.0;86.0;69.8;66.8;65.2;73.5;79.0;88.2;16;13;15;18;12;14;14;12;15;15;11;13;18;16;12;18;13;20;11;13;12;12;17;12;18;13;18;18;19;13;20;16;14;17;15;15;86.5;1.03;1.0;1.05;93.5;74.8;112.2;球星池;0;PASS;后腰;翼卫 (右);后卫/翼卫 (右), 后腰, 中场 (中)
2000166563;现役;Carlos Baleba;喀麦隆;Brighton;英超;英超;manual;21;183;精准;还行;左脚;后腰;;中前卫;后腰;1.0;0.95;0.9;68.3;;61.5;£9800万 - £1.27亿;98.0;127.0;112.5;56.0;69.0;69.2;69.0;72.2;71.5;68.8;61.5;14;15;7;14;13;5;13;10;8;14;9;14;12;6;16;15;15;14;13;13;13;14;14;14;7;11;14;14;13;14;12;13;12;15;13;14;45.3;1.03;1.0;1.05;49.0;39.2;58.8;强援池;0;PASS;未知;;后腰, 中场 (中)
86075795;现役;Willian Pacho;厄瓜多尔;Paris Saint-Germain;法甲;法甲;manual;23;188;精准;还行;左脚;中后卫;左后卫;;中后卫;1.0;0.95;0.9;74.9;71.2;;£9700万 - £1.25亿;97.0;125.0;111.0;43.5;65.8;59.8;78.8;71.7;80.5;73.5;75.5;12;16;6;14;16;8;6;15;4;13;6;11;8;3;18;15;15;15;16;15;12;14;16;11;10;10;15;13;15;15;16;15;15;15;17;16;85.0;1.0;1.0;1.05;89.3;71.4;107.2;球星池;0;PASS;未知;后卫 (左);后卫 (左中)
43298481;现役;Sandro Tonali;意大利;Newcastle;英超;英超;manual;24;181;不错;精准;右脚;后腰;;中前卫;后腰;1.0;0.95;0.9;73.4;;66.1;£9700万 - £1.2亿;97.0;120.0;108.5;59.2;75.5;72.5;73.8;67.0;70.0;75.0;83.0;15;15;12;16;13;9;12;9;13;16;9;14;13;14;14;16;13;14;9;15;14;13;15;12;13;13;19;14;19;16;16;15;15;16;16;15;74.5;1.03;1.0;1.05;80.6;64.5;96.7;球星池;0;PASS;未知;;后腰, 中场 (中)
2000035036;现役;Alejandro Garnacho;阿根廷;Chelsea;英超;英超;manual;20;180;强势;精准;左脚;左边锋;右边锋;;左边锋;1.0;0.95;0.9;66.1;62.8;;£9600万 - £1.53亿;96.0;153.0;124.5;64.2;56.8;74.5;32.5;83.0;61.5;49.0;60.2;14;5;14;12;4;3;12;5;10;14;13;16;12;8;10;15;17;14;8;14;15;17;11;16;4;14;14;9;10;6;14;8;10;13;14;15;35.6;1.05;1.0;1.05;39.2;31.4;47.0;主力池;0;PASS;未知;前腰 (右);前腰 (右左)
19302146;现役;Vinícius Júnior;巴西;Real Madrid;西甲;西甲;manual;24;176;不错;精准;右脚;左边锋;中锋;;左边锋;1.0;0.95;0.9;75.5;71.7;;£9600万 - £1.53亿;96.0;153.0;124.5;72.5;70.0;84.2;37.5;90.2;69.5;60.8;70.2;16;6;14;15;3;4;12;12;8;15;16;19;13;7;12;16;18;15;8;17;17;19;15;16;13;15;10;12;9;8;20;12;10;13;17;17;89.5;1.05;1.0;1.05;98.6;78.9;118.3;球星池;0;PASS;前腰 (左);前锋 (中);前腰 (左), 前锋 (中)
49056243;现役;Eduardo Camavinga;法国;Real Madrid;西甲;西甲;manual;22;185;精准;还行;左脚;后腰、中前卫;左后卫;;左后卫;1.0;0.95;0.9;73.7;70.0;;£9600万 - £1.24亿;96.0;124.0;110.0;59.3;71.0;70.5;73.5;82.2;78.0;67.5;76.8;15;16;7;15;14;13;12;13;6;15;10;13;13;6;16;17;17;16;13;15;15;16;15;12;13;14;16;13;16;14;16;13;13;13;16;15;76.5;0.98;1.0;1.05;78.8;63.0;94.6;球星池;0;PASS;未知;后卫 (左), 中场 (中);后卫 (左), 后腰, 中场 (中)
28108494;现役;Phil Foden;英格兰;Manchester City;英超;英超;manual;24;171;精准;还行;左脚;前腰、左边锋、右边锋;;中前卫;前腰;1.0;0.95;0.9;76.1;;68.5;£9500万 - £1.51亿;95.0;151.0;123.0;71.5;82.5;84.0;50.8;79.5;58.8;72.5;65.8;17;8;12;17;8;5;13;8;13;17;14;17;13;13;9;14;16;14;7;15;17;16;14;16;8;16;14;17;15;11;14;14;15;16;13;7;94.1;1.04;1.0;1.05;102.7;82.2;123.2;球星池;0;PASS;前腰 (左中);前腰 (右);中场 (中), 前腰 (右左中)
78074594;现役;Federico Valverde;乌拉圭;Real Madrid;西甲;西甲;manual;26;182;不错;精准;右脚;中前卫、右边前卫;后腰、右边锋;;中前卫;1.0;0.95;0.9;72.1;68.5;;£9500万 - £1.51亿;95.0;151.0;123.0;70.5;69.5;67.8;70.5;84.5;77.0;67.8;83.8;14;15;11;15;13;10;17;12;14;14;13;12;12;13;14;18;17;17;12;15;15;17;15;14;14;14;18;13;18;13;18;13;14;13;17;12;66.2;1.02;1.0;1.05;70.8;56.6;85.0;球星池;0;PASS;中场 (中);后腰, 中场/前腰 (右);后腰, 中场 (右中), 前腰 (右)
2000198043;现役;Tyler Dibling;英格兰;Everton;英超;英超;manual;18;178;精准;还行;左脚;右边锋;前腰;;右边锋;1.0;0.95;0.9;66.1;62.8;;£9500万 - £1.24亿;95.0;124.0;109.5;57.7;70.0;77.8;41.8;71.2;62.3;60.0;50.7;15;7;7;14;7;9;13;7;9;15;10;17;13;13;14;12;15;11;10;16;14;14;11;15;7;13;10;14;10;9;12;12;11;14;10;7;35.6;1.05;1.0;1.05;39.2;31.4;47.0;主力池;0;PASS;未知;前腰 (中);前腰 (右中)
2000011147;现役;Miloš Kerkez;匈牙利;Liverpool;英超;英超;manual;21;176;精准;欠佳;左脚;左后卫;左边前卫;左翼卫;左后卫;1.0;0.95;0.9;69.6;66.1;62.6;£9500万 - £1.24亿;95.0;124.0;109.5;53.5;65.8;68.0;70.3;77.2;69.5;66.8;76.3;14;15;7;13;13;11;10;8;8;14;7;13;14;9;13;16;15;15;10;14;15;16;14;12;7;16;17;12;16;14;17;14;13;13;16;16;51.9;0.98;1.0;1.05;53.4;42.7;64.1;强援池;0;PASS;未知;中场 (左);后卫/翼卫/中场 (左)
49062667;现役;Hugo Ekitiké;法国;Liverpool;英超;英超;manual;22;190;不错;精准;右脚;左边锋;;中锋;左边锋;1.0;0.95;0.9;71.9;;64.7;£9500万 - £1.24亿;95.0;124.0;109.5;69.8;74.0;78.5;41.5;78.5;66.7;64.2;64.0;16;7;13;15;6;5;13;14;11;16;14;15;10;6;13;13;16;12;14;16;16;16;15;16;10;15;13;15;14;7;14;13;12;13;12;12;64.9;1.05;1.0;1.05;71.6;57.3;85.9;球星池;0;PASS;未知;前腰 (左);前腰 (左), 前锋 (中)
18106083;现役;Jérémy Doku;比利时;Manchester City;英超;英超;manual;22;171;不错;精准;右脚;左边锋、右边锋;;中锋;左边锋;1.0;0.95;0.9;70.1;;63.1;£9500万 - £1.23亿;95.0;123.0;109.0;57.8;69.5;78.5;41.0;83.8;64.0;65.2;62.8;15;7;14;14;5;5;9;5;8;13;11;18;12;11;14;13;16;15;8;13;16;19;13;17;6;13;14;13;15;8;12;16;13;13;13;13;54.5;1.05;1.0;1.05;60.1;48.1;72.1;强援池;0;PASS;前腰 (左);前腰 (右);前腰 (右左), 前锋 (中)
93070286;现役;Alexander Isak;瑞典;Liverpool;英超;英超;manual;25;190;还行;精准;右脚;左边锋;;中锋;左边锋;1.0;0.95;0.9;75.2;;67.7;£9400万 - £1.5亿;94.0;150.0;122.0;79.0;71.0;83.0;38.0;81.7;67.8;67.0;65.2;17;6;16;13;5;6;10;12;8;15;18;17;9;7;12;14;16;14;14;15;18;17;15;17;7;18;14;15;14;6;15;14;12;16;13;11;87.2;1.05;1.0;1.05;96.2;77.0;115.4;球星池;0;PASS;未知;;前腰 (左), 前锋 (中)
2000047221;现役;Omari Hutchinson;英格兰;Nottingham Forest;英超;英超;manual;21;172;精准;还行;左脚;左边锋;中前卫、右边锋;前腰;左边锋;1.0;0.95;0.9;67.4;64.0;60.7;£9400万 - £1.15亿;94.0;115.0;104.5;63.8;66.5;79.5;50.0;70.8;54.0;60.8;63.2;16;10;8;13;7;1;13;5;12;16;13;16;13;13;9;10;14;17;4;14;16;15;12;16;4;13;16;12;12;11;14;11;12;14;13;12;41.1;1.05;1.0;1.05;45.4;36.3;54.5;强援池;0;PASS;未知;中场 (中), 前腰 (右左);中场 (中), 前腰 (右左中)
28108035;现役;Reece James;英格兰;Chelsea;英超;英超;manual;25;179;还行;精准;右脚;右后卫、右翼卫;中后卫、后腰;;中后卫;1.0;0.95;0.9;74.0;70.3;;£9300万 - £1.2亿;93.0;120.0;106.5;61.5;65.5;66.0;72.8;71.2;79.8;72.5;81.5;15;15;12;12;13;9;11;14;14;14;12;11;16;13;20;15;14;12;10;19;12;15;13;12;15;12;16;11;15;15;17;17;16;16;18;16;78.6;1.0;1.0;1.05;82.5;66.0;99.0;球星池;0;PASS;未知;后卫 (中), 后腰;后卫 (右中), 翼卫 (右), 后腰
12091814;现役;Dango Ouattara;布基纳法索;Brentford;英超;英超;manual;22;177;精准;不错;左脚;左边锋;中锋;右边锋;左边锋;1.0;0.95;0.9;65.1;61.8;58.6;£9200万 - £1.47亿;92.0;147.0;119.5;62.5;64.2;68.5;48.2;74.0;58.2;59.5;59.7;14;10;11;13;8;5;11;8;12;12;13;14;13;8;11;13;15;15;9;12;15;15;13;15;7;13;15;13;14;9;13;11;11;13;9;9;31.6;1.05;1.0;1.05;34.9;27.9;41.9;主力池;0;PASS;未知;前腰 (左), 前锋 (中);前腰 (右左), 前锋 (中)
28115996;现役;Morgan Rogers;英格兰;Aston Villa;英超;英超;manual;22;187;不错;精准;右脚;左边锋;右边锋、中锋;前腰;左边锋;1.0;0.95;0.9;70.0;66.5;63.0;£9200万 - £1.47亿;92.0;147.0;119.5;67.8;67.2;79.2;48.2;76.2;67.0;59.2;62.7;16;9;5;14;9;4;16;8;12;13;14;17;12;10;14;13;16;14;11;17;15;15;13;18;8;13;13;13;12;9;17;10;11;13;10;10;54.0;1.05;1.0;1.05;59.5;47.6;71.4;强援池;0;PASS;未知;前腰 (右), 前锋 (中);前腰 (右左中), 前锋 (中)
2000124287;现役;Jack Hinshelwood;英格兰;Brighton;英超;英超;manual;19;181;还行;精准;右脚;后腰;右后卫、右翼卫;中前卫;后腰;1.0;0.95;0.9;64.0;60.8;57.6;£9000万 - £1.17亿;90.0;117.0;103.5;54.8;65.0;55.5;65.2;66.8;63.2;66.8;68.2;13;14;10;13;11;7;7;12;7;14;11;9;9;11;12;15;13;12;12;11;11;14;14;7;11;12;14;13;14;13;14;14;14;14;14;13;27.6;1.03;1.0;1.05;29.9;23.9;35.9;主力池;0;PASS;未知;后卫/翼卫 (右);后卫/翼卫 (右), 后腰, 中场 (中)
28108033;现役;Marc Guéhi;英格兰;Manchester City;英超;英超;manual;24;182;强势;精准;左脚;中后卫;;;中后卫;1.0;0.95;0.9;73.1;;;£8900万 - £1.1亿;89.0;110.0;99.5;48.8;70.0;71.5;75.5;72.8;73.2;72.0;75.2;15;15;7;14;16;9;8;14;7;15;8;14;12;5;14;15;14;16;14;15;15;15;15;11;17;10;14;13;15;15;17;15;14;15;14;11;72.5;1.0;1.0;1.05;76.2;61.0;91.4;球星池;0;PASS;未知;;后卫 (中)
2000164850;现役;Ben Gannon Doak;苏格兰;Bournemouth;英超;英超;manual;19;176;不错;精准;右脚;左边锋;;右边锋;左边锋;1.0;0.95;0.9;64.1;;57.7;£8800万 - £1.4亿;88.0;140.0;114.0;54.0;65.8;75.5;37.0;72.0;53.0;55.5;68.5;14;6;7;13;7;3;8;5;6;14;11;17;13;10;10;10;14;12;6;14;15;16;11;15;8;13;14;13;12;5;18;12;11;13;13;15;28.0;1.05;1.0;1.05;30.9;24.7;37.1;主力池;0;PASS;未知;;前腰 (右左)
2000045005;现役;Noah Sadiki;刚果民主共和国;Sunderland;英超;英超;manual;20;173;还行;精准;右脚;后腰;;中前卫;后腰;1.0;0.95;0.9;66.6;;59.9;£8700万 - £1.07亿;87.0;107.0;97.0;53.5;62.7;65.5;71.5;68.2;66.5;62.0;72.5;13;16;11;13;14;7;10;10;8;12;9;14;13;8;14;15;13;14;9;13;14;14;12;12;11;13;18;12;15;14;14;12;13;12;14;13;37.6;1.03;1.0;1.05;40.7;32.6;48.8;强援池;0;PASS;未知;;后腰, 中场 (中)
95079228;现役;Alex Scott;英格兰;Bournemouth;英超;英超;manual;21;178;欠佳;精准;右脚;前腰;右边锋;后腰、中前卫;前腰;1.0;0.95;0.9;70.7;67.2;63.6;£8600万 - £1.37亿;86.0;137.0;111.5;59.5;74.5;78.3;59.5;69.8;58.2;71.5;70.8;15;13;7;15;8;4;9;8;6;14;11;17;12;5;9;14;14;12;8;16;17;13;14;15;9;15;14;16;15;14;18;14;12;15;12;14;57.9;1.04;1.0;1.05;63.2;50.6;75.8;强援池;0;PASS;未知;前腰 (右);后腰, 中场 (中), 前腰 (右中)
83320124;现役;Mateus Fernandes;葡萄牙;West Ham;英超;英超;manual;20;178;还行;精准;右脚;前腰;;中前卫;前腰;1.0;0.95;0.9;68.1;;61.3;£8600万 - £1.37亿;86.0;137.0;111.5;57.0;73.0;73.0;62.3;61.5;62.2;69.5;72.0;16;14;8;15;10;6;10;9;13;15;10;14;11;14;12;14;12;15;8;14;13;12;14;14;11;13;16;14;16;11;15;14;16;15;11;14;44.4;1.04;1.0;1.05;48.5;38.8;58.2;强援池;0;PASS;未知;;中场/前腰 (中)
2000169739;现役;Lucas Bergvall;瑞典;Tottenham Hotspur;英超;英超;manual;18;186;欠佳;精准;右脚;前腰;后腰;中前卫;前腰;1.0;0.95;0.9;66.7;63.4;60.0;£8500万 - £1.11亿;85.0;111.0;98.0;55.2;70.5;75.2;49.8;71.2;66.8;60.0;70.2;15;10;8;15;10;15;11;10;16;17;9;15;9;16;15;14;13;12;12;14;14;16;11;13;10;13;15;13;14;8;18;12;12;16;11;12;38.1;1.04;1.0;1.05;41.6;33.3;49.9;强援池;0;PASS;未知;后腰;后腰, 中场/前腰 (中)
2000283274;现役;Myles Lewis-Skelly;英格兰;Arsenal;英超;英超;manual;18;178;精准;还行;左脚;左后卫;后腰、中前卫;;左后卫;1.0;0.95;0.9;66.9;63.6;;£8300万 - £1.33亿;83.0;133.0;108.0;53.3;68.5;75.5;57.3;75.0;72.3;61.0;66.5;15;13;10;14;10;7;10;8;10;15;9;15;12;10;15;14;14;17;10;17;17;16;12;13;9;12;14;13;15;10;14;12;12;14;13;14;38.9;0.98;1.0;1.05;40.1;32.1;48.1;强援池;0;PASS;未知;后腰, 中场 (中);后卫 (左), 后腰, 中场 (中)
49048380;现役;Georginio Rutter;法国;Brighton;英超;英超;manual;22;182;精准;强势;右脚;前腰;右边锋、中锋;;前腰;1.0;0.95;0.9;65.9;62.6;;£8200万 - £1.31亿;82.0;131.0;106.5;61.2;69.0;70.8;42.0;68.2;66.0;63.5;63.0;14;8;12;14;6;5;12;12;8;14;11;14;10;6;14;14;14;13;12;13;14;13;14;16;10;13;15;14;15;8;13;14;9;14;12;8;34.7;1.04;1.0;1.05;37.9;30.3;45.5;主力池;0;PASS;未知;前腰 (右), 前锋 (中);前腰 (右中), 前锋 (中)
2000123586;现役;Kobbie Mainoo;英格兰;Manchester United;英超;英超;manual;19;183;不错;精准;右脚;前腰;后腰;中前卫;前腰;1.0;0.95;0.9;68.5;65.1;61.6;£8200万 - £1.3亿;82.0;130.0;106.0;64.0;69.5;74.5;57.5;67.5;67.8;67.8;64.0;16;12;13;14;9;4;9;10;8;15;13;14;9;9;12;14;13;15;12;16;17;13;14;12;7;14;14;13;15;12;13;14;12;16;13;13;46.3;1.04;1.0;1.05;50.6;40.5;60.7;强援池;0;PASS;未知;后腰, 前腰 (中);后腰, 中场/前腰 (中)
43426047;现役;Destiny Udogie;意大利;Tottenham Hotspur;英超;英超;manual;22;187;精准;欠佳;左脚;左翼卫;;左后卫;左翼卫;1.0;0.95;0.9;67.2;;60.5;£8200万 - £1.07亿;82.0;107.0;94.5;58.2;64.5;64.2;62.8;79.0;70.2;64.2;65.5;13;13;10;14;11;12;10;12;7;12;11;13;13;7;14;16;16;14;13;14;14;16;13;12;8;13;15;12;14;13;14;12;14;14;12;10;40.2;1.0;1.0;1.05;42.3;33.8;50.8;强援池;0;PASS;未知;;后卫/翼卫 (左)
24060473;现役;Joško Gvardiol;克罗地亚;Manchester City;英超;英超;manual;22;185;精准;不错;左脚;中后卫、左后卫;左翼卫;;中后卫;1.0;0.95;0.9;73.1;69.4;;£8200万 - £1亿;82.0;100.0;91.0;58.7;74.2;67.8;71.2;72.2;75.8;72.5;79.0;14;14;7;16;14;12;8;15;6;14;12;13;12;2;16;15;15;15;13;15;13;14;14;13;13;13;16;15;15;14;17;14;15;16;17;15;72.5;1.0;1.0;1.047;75.9;60.7;91.1;球星池;0;PASS;未知;翼卫 (左);后卫 (左中), 翼卫 (左)
2000182819;现役;Leny Yoro;法国;Manchester United;英超;英超;manual;19;190;不错;精准;右脚;中后卫;;;中后卫;1.0;0.95;0.9;66.1;;;£8100万 - £1.05亿;81.0;105.0;93.0;44.0;62.3;64.0;66.5;75.8;66.8;66.3;66.2;13;13;10;13;13;5;9;15;5;14;6;12;5;5;13;14;15;12;15;13;14;16;14;11;10;8;13;12;13;14;16;13;13;14;13;9;35.6;1.0;1.0;1.05;37.3;29.8;44.8;主力池;0;PASS;未知;;后卫 (中)
37076141;现役;Youri Baas;荷兰;Ajax;荷甲;荷甲;manual;21;182;精准;还行;左脚;中后卫;左翼卫;左后卫;中后卫;1.0;0.95;0.9;65.6;62.3;59.0;£8100万 - £1亿;81.0;100.0;90.5;44.8;65.2;54.8;68.8;63.8;65.2;65.0;69.2;13;14;9;14;14;10;7;16;8;13;6;8;10;9;11;15;13;13;13;14;12;12;12;8;14;12;15;12;16;14;13;14;14;14;13;9;33.6;1.0;1.0;1.05;35.2;28.2;42.2;主力池;0;PASS;未知;翼卫 (左);后卫 (左中), 翼卫 (左)
62127037;现役;Sergej Milinković-Savić;塞尔维亚;Al-Hilal;沙特联;沙特联;manual;29;192;强势;精准;左脚;前腰;后腰;中前卫;前腰;1.0;0.95;0.9;71.7;68.1;64.5;£8000万 - £9800万;80.0;98.0;89.0;75.8;75.8;70.3;56.0;61.0;78.2;71.5;72.5;16;11;12;15;9;8;14;17;15;16;15;13;11;9;17;14;14;18;17;11;10;10;16;14;13;17;13;15;14;10;16;16;12;15;17;15;63.7;1.04;1.0;1.05;69.6;55.7;83.5;强援池;0;PASS;未知;后腰;后腰, 中场/前腰 (中)
2000023588;现役;Michael Kayode;意大利;Brentford;英超;英超;manual;20;179;还行;精准;右脚;右后卫;;右翼卫;右后卫;1.0;0.95;0.9;66.3;;59.7;£7900万 - £1.26亿;79.0;126.0;102.5;48.3;63.2;65.5;64.2;76.8;70.0;62.2;67.5;13;14;6;13;12;20;7;13;6;12;9;13;13;5;13;15;16;16;12;15;14;15;12;14;7;12;16;12;14;13;15;13;12;12;13;12;36.4;0.98;1.0;1.05;37.4;29.9;44.9;主力池;0;PASS;未知;;后卫/翼卫 (右)
28124579;现役;Jamal Musiala;德国;Bayern Munich;德甲;德甲;manual;21;184;不错;精准;右脚;前腰、左边锋;中前卫、右边锋;;前腰;1.0;0.95;0.9;75.2;71.4;;£7900万 - £1.02亿;79.0;102.0;90.5;72.2;75.8;89.0;53.8;75.5;61.5;69.2;68.2;18;11;12;15;9;6;14;13;8;16;15;19;9;8;10;13;15;12;12;16;18;15;15;18;7;14;15;15;15;9;16;14;13;15;12;12;87.2;1.04;1.0;1.021;92.7;74.2;111.2;球星池;0;PASS;未知;中场 (中), 前腰 (右);中场 (中), 前腰 (右左中)
28126249;现役;James McAtee;英格兰;Nottingham Forest;英超;英超;manual;22;180;精准;还行;左脚;右边锋;右边前卫;中前卫、前腰;右边锋;1.0;0.95;0.9;67.5;64.1;60.8;£7900万 - £9800万;79.0;98.0;88.5;62.3;70.5;77.5;43.2;72.2;58.8;61.0;60.0;16;7;10;14;9;3;12;9;12;14;13;16;12;8;9;13;14;14;10;14;16;15;12;16;7;12;13;14;13;6;13;13;13;14;12;8;41.6;1.05;1.0;1.05;45.9;36.7;55.1;强援池;0;PASS;未知;中场/前腰 (右);中场/前腰 (右中)
2000276594;现役;Josh King;英格兰;Fulham;英超;英超;manual;18;173;还行;精准;右脚;前腰;后腰;中前卫;前腰;1.0;0.95;0.9;65.8;62.5;59.2;£7800万 - £1.24亿;78.0;124.0;101.0;60.5;68.2;68.2;58.0;66.8;56.2;66.8;68.5;13;12;10;14;9;6;9;6;7;14;12;14;12;9;7;13;12;14;8;14;14;15;12;13;8;14;15;14;14;12;15;13;14;16;15;8;34.3;1.04;1.0;1.05;37.5;30.0;45.0;主力池;0;PASS;未知;后腰;后腰, 中场/前腰 (中)
76049803;现役;Luis Díaz;哥伦比;Bayern Munich;德甲;德甲;manual;28;180;不错;精准;右脚;左边锋;左边前卫、右边锋;;左边锋;1.0;0.95;0.9;75.5;71.7;;£7800万 - £1.01亿;78.0;101.0;89.5;74.2;75.8;84.2;51.0;77.2;67.5;67.8;79.5;17;9;12;15;8;6;14;13;11;17;15;17;12;11;10;14;15;16;12;16;17;16;17;16;13;16;18;15;16;9;17;13;12;13;16;15;89.5;1.05;1.0;1.017;95.6;76.5;114.7;球星池;0;PASS;未知;中场 (左), 前腰 (右);中场 (左), 前腰 (右左)
85140175;现役;Yoane Wissa;刚果民主共和国;Newcastle;英超;英超;manual;28;176;欠佳;精准;右脚;中锋;左边前卫;左边锋;中锋;1.0;0.95;0.9;68.6;65.2;61.7;£7700万 - £9900万;77.0;99.0;88.0;72.5;64.5;67.5;45.5;73.5;63.8;64.5;68.8;14;8;13;13;6;8;12;13;10;14;15;13;11;10;12;14;14;14;11;12;14;16;15;13;10;16;15;12;14;8;14;13;14;15;14;13;46.8;1.08;1.0;1.05;53.1;42.5;63.7;强援池;0;PASS;未知;中场 (左);中场/前腰 (左), 前锋 (中)
16202373;现役;Dominik Szoboszlai;匈牙利;Liverpool;英超;英超;manual;24;186;欠佳;精准;右脚;前腰、中前卫;后腰、右边前卫;;前腰;1.0;0.95;0.9;72.3;68.7;;£7700万 - £9500万;77.0;95.0;86.0;66.8;77.2;74.0;54.5;76.5;68.2;70.2;71.8;16;11;14;16;8;5;14;8;15;16;11;13;14;15;11;17;16;18;10;14;15;14;14;15;12;15;16;15;16;11;15;14;14;16;12;12;67.4;1.04;1.0;1.049;73.5;58.8;88.2;球星池;0;PASS;未知;后腰, 中场 (右);后腰, 中场 (右中), 前腰 (中)
28121568;现役;Anthony Elanga;瑞典;Newcastle;英超;英超;manual;22;180;还行;精准;右脚;左边锋;左边前卫;右边前卫、右边锋;左边锋;1.0;0.95;0.9;63.7;60.5;57.3;£7600万 - £1.22亿;76.0;122.0;99.0;58.8;52.2;66.8;33.0;86.5;62.8;49.0;58.8;14;6;10;11;1;2;11;7;11;12;13;13;10;10;13;15;18;15;10;11;14;18;11;16;4;12;14;8;14;10;14;8;10;10;9;12;26.6;1.05;1.0;1.05;29.4;23.5;35.3;主力池;0;PASS;未知;中场 (左);中场/前腰 (右左)
91207274;现役;Amadou Onana;比利时;Aston Villa;英超;英超;manual;23;195;不错;精准;右脚;后腰;;中前卫;后腰;1.0;0.95;0.9;68.9;;62.0;£7600万 - £1.2亿;76.0;120.0;98.0;59.2;68.2;69.8;67.0;76.8;74.5;66.7;66.8;14;15;9;14;12;8;13;16;9;14;10;14;9;7;15;15;17;14;16;15;13;14;12;14;12;13;14;14;12;14;14;13;12;15;14;15;48.3;1.03;1.0;1.05;52.2;41.8;62.6;强援池;0;PASS;未知;;后腰, 中场 (中)
37084591;现役;Micky van de Ven;荷兰;Tottenham Hotspur;英超;英超;manual;23;193;精准;欠佳;左脚;中后卫;左后卫、左翼卫;;中后卫;1.0;0.95;0.9;71.9;68.3;;£7600万 - £9900万;76.0;99.0;87.5;44.8;63.8;63.8;73.5;85.5;73.5;69.0;75.0;13;16;6;13;14;14;7;13;3;12;7;13;11;3;15;13;20;16;15;14;12;16;15;13;14;10;15;12;13;14;17;15;13;13;16;14;64.9;1.0;1.0;1.05;68.2;54.6;81.8;强援池;0;PASS;未知;后卫/翼卫 (左);后卫 (左中), 翼卫 (左)
19306929;现役;Rodrygo;巴西;Real Madrid;西甲;西甲;manual;24;174;还行;精准;右脚;左边锋;中锋;右边锋;左边锋;1.0;0.95;0.9;73.4;69.7;66.1;£7600万 - £9400万;76.0;94.0;85.0;77.8;72.5;78.8;42.2;77.8;64.5;66.8;66.5;15;6;12;15;5;8;14;12;14;15;17;17;12;11;13;15;16;12;7;16;16;15;14;15;11;17;14;14;13;10;14;14;13;14;14;11;74.5;1.05;1.0;1.033;80.9;64.7;97.1;球星池;0;PASS;未知;前锋 (中);前腰 (右左), 前锋 (中)
14130029;现役;Cristian Romero;阿根廷;Tottenham Hotspur;英超;英超;manual;26;185;还行;精准;右脚;中后卫;;;中后卫;1.0;0.95;0.9;73.5;;;£7600万 - £9300万;76.0;93.0;84.5;44.0;63.3;58.5;80.8;70.0;72.5;72.8;78.8;14;18;8;14;14;4;5;15;4;13;8;9;6;5;15;14;14;15;14;14;14;14;18;8;15;6;17;11;14;16;16;13;15;16;15;20;75.2;1.0;1.0;1.031;77.6;62.1;93.1;球星池;0;PASS;未知;;后卫 (中)
19242094;现役;Gabriel;巴西;Arsenal;英超;英超;manual;27;190;精准;还行;左脚;中后卫;;;中后卫;1.0;0.95;0.9;75.9;;;£7300万 - £1.16亿;73.0;116.0;94.5;45.8;64.0;57.3;80.5;71.0;83.2;69.2;81.3;13;18;7;13;16;7;7;19;4;12;8;10;7;4;19;16;15;15;17;14;13;13;15;8;13;9;14;13;17;15;19;15;13;13;18;17;92.5;1.0;1.0;1.019;94.3;75.4;113.2;球星池;0;PASS;未知;;后卫 (中)
93142470;现役;Yasin Ayari;瑞典;Brighton;英超;英超;manual;21;172;还行;精准;右脚;中前卫;;后腰;中前卫;1.0;0.95;0.9;66.5;;59.9;£7300万 - £1.16亿;73.0;116.0;94.5;66.2;67.5;66.0;63.2;69.0;59.5;67.0;76.7;14;14;12;14;9;5;14;8;11;13;13;13;13;13;11;14;13;12;9;12;13;15;14;13;12;13;16;13;16;13;17;13;15;13;14;14;37.2;1.02;1.0;1.05;39.9;31.9;47.9;主力池;0;PASS;未知;;后腰, 中场 (中)
2000015300;现役;Jamie Gittens;英格兰;Chelsea;英超;英超;manual;20;175;不错;精准;右脚;左边锋;左边前卫、右边前卫、右边锋;;左边锋;1.0;0.95;0.9;64.4;61.2;;£7200万 - £1.14亿;72.0;114.0;93.0;58.7;58.0;75.5;39.5;81.5;50.8;52.0;50.0;16;7;12;11;7;6;13;6;11;13;11;16;11;11;10;12;17;10;7;12;15;17;12;16;3;12;11;10;11;7;12;10;10;11;9;10;29.1;1.05;1.0;1.05;32.0;25.6;38.4;主力池;0;PASS;未知;中场 (右左), 前腰 (右);中场/前腰 (右左)
2000195626;现役;Yankuba Minteh;冈比亚;Brighton;英超;英超;manual;20;180;精准;欠佳;左脚;左边锋;左边前卫、右边前卫;右边锋;左边锋;1.0;0.95;0.9;66.6;63.3;59.9;£7100万 - £1.13亿;71.0;113.0;92.0;63.2;60.0;67.5;47.5;83.0;64.0;56.8;64.5;13;11;11;12;6;7;9;7;9;13;14;14;11;12;14;15;17;13;8;13;15;17;14;13;5;14;17;12;13;8;14;10;11;12;12;13;37.6;1.05;1.0;1.05;41.5;33.2;49.8;强援池;0;PASS;未知;中场 (右左), 前腰 (左);中场/前腰 (右左)
61089387;现役;Aaron Hickey;苏格兰;Brentford;英超;英超;manual;22;185;精准;强势;右脚;左后卫;右翼卫;左翼卫、右后卫;左后卫;1.0;0.95;0.9;63.7;60.5;57.3;£7100万 - £9200万;71.0;92.0;81.5;55.3;62.2;65.5;62.2;69.5;60.5;62.7;68.2;13;12;8;12;12;11;13;11;9;12;9;14;13;11;11;13;14;13;11;11;14;14;13;13;8;12;14;13;15;13;15;12;12;12;15;12;26.6;0.98;1.0;1.05;27.4;21.9;32.9;主力池;0;PASS;未知;翼卫 (右);后卫/翼卫 (右左)
19163495;现役;Marquinhos;巴西;Paris Saint-Germain;法甲;法甲;manual;30;183;还行;精准;右脚;中后卫;后腰;;中后卫;1.0;0.95;0.9;75.3;71.5;;£7100万 - £9200万;71.0;92.0;81.5;50.5;65.5;59.8;80.2;68.8;77.5;76.2;78.8;13;16;8;13;16;7;10;16;4;13;8;10;11;4;15;16;14;15;16;16;13;13;17;10;16;8;15;13;17;16;16;15;16;16;15;15;88.0;1.0;1.0;1.008;88.7;71.0;106.4;球星池;0;PASS;未知;后腰;后卫 (中), 后腰
19409389;现役;Thiago;巴西;Brentford;英超;英超;manual;23;191;还行;精准;右脚;中锋;;;中锋;1.0;0.95;0.9;67.2;;;£7100万 - £8800万;71.0;88.0;79.5;69.2;62.0;64.5;48.0;69.0;73.0;62.0;71.0;14;9;16;12;7;8;11;16;8;13;15;13;10;7;16;14;14;14;14;14;12;14;14;10;11;14;16;12;14;8;14;13;14;14;15;13;40.2;1.08;1.0;1.05;45.6;36.5;54.7;强援池;0;PASS;未知;;前锋 (中)
28124569;现役;Tino Livramento;英格兰;Newcastle;英超;英超;manual;22;185;不错;精准;右脚;左后卫;右翼卫;右后卫;左后卫;1.0;0.95;0.9;67.5;64.1;60.8;£7100万 - £8700万;71.0;87.0;79.0;48.0;65.0;68.2;66.0;77.0;66.2;66.8;70.8;14;14;7;13;11;11;5;12;7;13;9;15;13;7;13;14;16;14;11;13;12;16;14;12;10;12;15;12;15;14;15;14;13;13;15;12;41.6;0.98;1.0;1.05;42.8;34.2;51.4;强援池;0;PASS;未知;后卫 (左), 翼卫 (右);后卫 (右左), 翼卫 (右)
49060933;现役;Maxime Estève;法国;Burnley;英超;英超;manual;22;193;精准;欠佳;左脚;中后卫;;;中后卫;1.0;0.95;0.9;65.5;;;£7100万 - £8700万;71.0;87.0;79.0;40.2;56.2;49.5;71.3;74.2;65.0;66.3;63.8;12;15;5;12;14;5;8;14;4;11;4;6;5;5;15;12;16;12;13;12;12;15;14;11;10;10;13;10;13;14;13;14;14;14;13;12;33.2;1.0;1.0;1.05;34.8;27.8;41.8;主力池;0;PASS;未知;;后卫 (中)
13200568;现役;Mohammed Kudus;加纳;Tottenham Hotspur;英超;英超;manual;24;177;精准;强势;右脚;左边锋;中锋;前腰、右边锋;左边锋;1.0;0.95;0.9;66.8;63.5;60.1;£6900万 - £1.11亿;69.0;111.0;90.0;59.8;65.2;77.8;40.2;72.8;68.8;55.8;62.5;16;6;13;13;7;11;10;9;14;14;12;16;14;15;16;14;14;14;8;15;16;15;13;16;6;13;13;12;14;7;13;10;11;12;14;15;38.5;1.05;1.0;1.05;42.4;33.9;50.9;强援池;0;PASS;未知;前腰 (左), 前锋 (中);前腰 (右左中), 前锋 (中)
55070299;现役;Rúben Dias;葡萄牙;Manchester City;英超;英超;manual;27;186;不错;精准;右脚;中后卫;;;中后卫;1.0;0.95;0.9;76.8;;;£6900万 - £8900万;69.0;89.0;79.0;40.0;65.5;60.8;82.2;67.5;81.5;73.0;84.5;13;17;8;13;17;5;4;15;5;13;6;12;11;4;16;18;13;18;16;12;13;13;16;8;17;8;17;13;16;16;18;15;14;15;18;16;99.7;1.0;1.0;0.993;98.9;79.1;118.7;球星池;0;PASS;后卫 (中);;后卫 (中)
57178516;现役;Radu Drăguşin;罗马尼亚;Tottenham Hotspur;英超;英超;manual;22;191;欠佳;精准;右脚;中后卫;右后卫;;中后卫;1.0;0.95;0.9;67.9;64.5;;£6800万 - £1.09亿;68.0;109.0;88.5;39.0;60.5;60.2;72.0;70.0;75.0;59.5;62.5;13;15;6;13;15;10;6;16;6;14;6;10;12;6;17;15;14;14;15;14;13;14;13;10;11;9;12;10;11;15;14;11;12;11;13;14;43.4;1.0;1.0;1.05;45.6;36.5;54.7;强援池;0;PASS;未知;后卫 (右);后卫 (右中)
55041632;现役;Bernardo Silva;葡萄牙;Manchester City;英超;英超;manual;30;173;精准;欠佳;左脚;中前卫、前腰;右边前卫;右边锋;前腰;1.0;0.95;0.9;77.7;73.8;69.9;£6800万 - £1.08亿;68.0;108.0;88.0;75.5;83.8;85.0;58.8;65.2;64.8;75.8;81.2;18;8;13;17;12;2;13;10;13;17;15;17;15;14;9;16;12;17;7;16;15;13;16;17;14;17;20;17;17;13;16;14;14;16;15;13;107.2;1.04;1.0;0.996;111.0;88.8;133.2;球星池;0;PASS;中场/前腰 (中);中场 (右);中场/前腰 (右中)
43617691;现役;Nicolò Savona;意大利;Nottingham Forest;英超;英超;manual;21;192;欠佳;精准;右脚;右后卫;;右翼卫;右后卫;1.0;0.95;0.9;65.8;;59.2;£6800万 - £8800万;68.0;88.0;78.0;59.2;64.5;62.5;68.3;70.0;67.5;64.5;61.2;13;13;5;13;14;14;11;13;7;14;10;13;13;8;13;14;14;15;13;13;14;14;15;5;9;15;15;13;15;14;9;11;13;14;13;12;34.3;0.98;1.0;1.05;35.3;28.2;42.4;主力池;0;PASS;未知;;后卫/翼卫 (右)
29125191;现役;Dominic Solanke;英格兰;Tottenham Hotspur;英超;英超;manual;27;187;不错;精准;右脚;中锋;;;中锋;1.0;0.95;0.9;67.1;;;£6700万 - £8700万;67.0;87.0;77.0;69.2;60.0;63.2;47.0;70.5;73.0;64.2;66.8;14;8;14;11;7;7;10;13;8;15;15;10;10;5;14;16;14;17;14;13;13;14;16;12;5;14;19;11;15;9;12;13;12;15;13;13;39.8;1.08;1.0;1.05;45.1;36.1;54.1;强援池;0;PASS;未知;;前锋 (中)
37055841;现役;Justin Kluivert;荷兰;Bournemouth;英超;英超;manual;25;172;不错;精准;右脚;左边锋;左边前卫、右边锋;前腰;左边锋;1.0;0.95;0.9;68.9;65.5;62.0;£6700万 - £8300万;67.0;83.0;75.0;67.2;69.5;77.8;33.5;79.8;51.8;59.2;63.5;17;6;13;13;3;2;13;7;8;15;14;15;10;9;8;12;16;12;7;12;16;17;12;16;7;14;13;14;12;6;15;13;11;13;13;16;48.3;1.05;1.0;1.05;53.2;42.6;63.8;强援池;0;PASS;未知;中场 (左), 前腰 (右);中场 (左), 前腰 (右左中)
2000182795;现役;Archie Gray;英格兰;Tottenham Hotspur;英超;英超;manual;18;182;不错;精准;右脚;中前卫;右后卫;后腰;中前卫;1.0;0.95;0.9;65.9;62.6;59.3;£6600万 - £8600万;66.0;86.0;76.0;55.2;67.8;67.2;62.3;67.8;64.5;69.2;67.8;15;12;12;14;11;5;10;5;6;13;9;13;9;8;12;15;14;13;11;14;12;13;14;13;10;12;14;13;15;14;15;14;13;15;12;13;34.7;1.02;1.0;1.05;37.2;29.8;44.6;主力池;0;PASS;未知;后卫 (右);后卫 (右), 后腰, 中场 (中)
45111891;现役;Kaoru Mitoma;日本;Brighton;英超;英超;manual;27;178;欠佳;精准;右脚;左边锋、左边前卫;;;左边锋;1.0;0.95;0.9;71.8;;;£6500万 - £8400万;65.0;84.0;74.5;67.8;70.0;82.5;45.8;80.8;59.5;63.8;62.2;14;8;12;13;8;7;14;10;8;19;13;18;11;9;7;15;16;15;10;14;15;17;12;16;6;15;13;14;15;7;13;14;15;14;13;6;64.3;1.05;1.0;1.036;69.9;55.9;83.9;强援池;0;PASS;未知;中场 (左);中场/前腰 (左)
48042326;现役;Aurélien Tchouaméni;法国;Real Madrid;西甲;西甲;manual;24;188;还行;精准;右脚;后腰、中前卫;中后卫;;中后卫;1.0;0.95;0.9;76.3;72.5;;£6400万 - £1.03亿;64.0;103.0;83.5;58.8;70.2;65.8;78.0;77.8;81.2;73.2;76.8;14;16;10;15;16;8;13;13;6;13;9;12;10;8;18;17;16;16;14;15;14;15;16;13;12;12;18;14;15;15;15;14;14;15;16;15;95.7;1.0;1.0;1.002;95.9;76.7;115.1;球星池;0;PASS;未知;后卫/中场 (中);后卫 (中), 后腰, 中场 (中)
52094225;现役;Trai Hume;北爱尔兰;Sunderland;英超;英超;manual;22;180;还行;精准;右脚;右后卫;左翼卫、中前卫;右翼卫;右后卫;1.0;0.95;0.9;61.7;58.6;55.5;£6400万 - £7900万;64.0;79.0;71.5;46.0;62.7;53.0;68.8;60.0;66.0;58.5;65.8;9;15;6;14;15;11;9;14;13;14;6;11;14;14;14;13;12;14;11;13;11;12;10;5;14;13;13;12;11;13;14;12;12;14;14;14;20.4;0.98;1.0;1.05;21.0;16.8;25.2;轮换池;0;PASS;未知;翼卫 (左), 中场 (中);后卫 (右), 翼卫 (右左), 中场 (中)
29125265;现役;Antonee Robinson;美国;Fulham;英超;英超;manual;27;183;精准;欠佳;左脚;左后卫;;左翼卫;左后卫;1.0;0.95;0.9;68.2;;61.4;£6400万 - £7900万;64.0;79.0;71.5;47.2;63.5;65.5;68.0;82.5;70.5;63.0;68.8;13;15;8;13;12;6;7;11;7;13;7;14;14;3;14;16;17;14;13;13;13;17;15;11;14;13;17;12;14;14;12;12;11;11;14;13;44.9;0.98;1.0;1.05;46.2;37.0;55.4;强援池;0;PASS;未知;;后卫/翼卫 (左)
2000065061;现役;Oscar Gloukh;以色列;Ajax;荷甲;荷甲;manual;20;171;强势;精准;左脚;前腰;中锋;中前卫;前腰;1.0;0.95;0.9;62.0;58.9;55.8;£6400万 - £7800万;64.0;78.0;71.0;59.8;66.0;71.0;37.8;61.5;52.2;55.7;59.8;15;6;12;14;6;7;12;8;10;14;11;14;11;11;7;13;12;14;5;13;14;12;12;14;10;13;12;12;12;6;13;11;12;13;13;7;21.3;1.04;1.0;1.05;23.3;18.6;28.0;轮换池;0;PASS;未知;前锋 (中);中场/前腰 (中), 前锋 (中)
67276230;现役;Nico Williams;西班牙;Athletic Bilbao;西甲;西甲;manual;22;181;强势;精准;左脚;左边锋、右边锋;右边前卫;左边前卫;左边锋;1.0;0.95;0.9;71.9;68.3;64.7;£6300万 - £1.01亿;63.0;101.0;82.0;66.8;74.5;76.5;54.8;74.5;66.3;71.0;74.2;17;8;14;15;9;8;11;12;11;15;13;15;14;13;14;14;15;16;10;11;15;15;14;15;12;15;15;14;15;14;17;14;14;15;14;13;64.9;1.05;1.0;1.048;71.4;57.1;85.7;球星池;0;PASS;未知;中场 (右);中场/前腰 (右左)
67295650;现役;Yeremy Pino;西班牙;Crystal Palace;英超;英超;manual;22;172;不错;精准;右脚;前腰;左边前卫、右边前卫;左边锋、右边锋;前腰;1.0;0.95;0.9;66.9;63.6;60.2;£6300万 - £1亿;63.0;100.0;81.5;59.0;73.0;76.5;47.0;70.0;54.8;62.8;55.5;16;9;12;15;8;9;12;9;13;15;12;15;13;13;9;13;14;13;7;14;15;14;13;16;7;10;10;14;10;8;14;13;13;13;10;12;38.9;1.04;1.0;1.05;42.5;34.0;51.0;强援池;0;PASS;未知;中场 (右左);中场 (右左), 前腰 (右左中)
72044918;现役;Tyler Adams;美国;Bournemouth;英超;英超;manual;25;175;不错;精准;右脚;后腰;;中前卫;后腰;1.0;0.95;0.9;69.9;;62.9;£6300万 - £1亿;63.0;100.0;81.5;45.2;66.8;59.5;76.3;69.2;72.8;69.5;76.3;12;16;5;15;14;11;8;8;5;13;6;11;10;5;14;17;13;17;10;14;14;14;15;9;13;12;18;12;15;17;15;15;13;12;15;16;53.5;1.03;1.0;1.05;57.8;46.2;69.4;强援池;0;PASS;未知;;后腰, 中场 (中)
89063107;现役;Iliman N'Diaye;塞内加尔;Everton;英超;英超;manual;24;175;不错;精准;右脚;左边锋;左边前卫、右边前卫、右边锋、中锋;前腰;左边锋;1.0;0.95;0.9;69.1;65.6;62.2;£6300万 - £8200万;63.0;82.0;72.5;65.8;66.0;85.8;46.0;70.0;60.5;58.8;63.5;17;10;10;12;5;5;12;12;9;16;15;19;12;8;14;12;14;12;8;14;16;14;11;17;9;13;15;13;12;10;15;10;13;13;11;6;49.3;1.05;1.0;1.05;54.3;43.4;65.2;强援池;0;PASS;未知;中场 (右左), 前腰 (右), 前锋 (中);中场 (右左), 前腰 (右左中), 前锋 (中)
2000273847;现役;Babis Kostoulas;希腊;Brighton;英超;英超;manual;17;181;还行;精准;右脚;左边锋;右边锋;前腰、中锋;左边锋;1.0;0.95;0.9;62.5;59.4;56.3;£6300万 - £8200万;63.0;82.0;72.5;59.3;56.5;69.2;45.0;66.8;62.5;55.5;68.5;14;8;11;11;8;5;9;12;7;13;12;14;9;6;12;12;13;13;12;13;14;14;12;15;9;14;16;10;11;8;16;11;11;13;14;15;22.8;1.05;1.0;1.05;25.1;20.1;30.1;主力池;0;PASS;未知;前腰 (右左);前腰 (右左中), 前锋 (中)
2000123482;现役;Murillo;巴西;Nottingham Forest;英超;英超;manual;22;188;精准;还行;左脚;中后卫;后腰;;中后卫;1.0;0.95;0.9;70.8;67.3;;£6200万 - £9900万;62.0;99.0;80.5;45.5;72.5;72.8;69.8;72.2;74.5;67.8;70.2;15;14;11;15;14;8;9;14;10;14;7;15;9;6;15;15;14;15;14;14;14;15;13;14;12;9;15;15;14;14;13;14;13;12;17;13;58.4;1.0;1.0;1.05;61.4;49.1;73.7;强援池;0;PASS;未知;后腰;后卫 (中), 后腰
43143488;现役;Federico Dimarco;意大利;Inter Milan;意甲;意甲;manual;27;174;精准;欠佳;左脚;左翼卫;;左后卫;左翼卫;1.0;0.95;0.9;71.7;;64.5;£6200万 - £9900万;62.0;99.0;80.5;72.2;79.8;71.5;65.8;69.5;64.0;76.0;79.5;15;12;13;15;13;8;17;11;16;18;12;11;19;17;11;13;14;15;9;15;14;14;14;15;15;16;16;16;18;13;16;17;15;16;16;12;63.7;1.0;1.0;1.048;66.8;53.4;80.2;强援池;0;PASS;未知;;后卫/翼卫 (左)
45104608;现役;Takefusa Kubo;日本;Real San Sebastián;西甲;西甲;majority_high;23;173;精准;还行;左脚;前腰;右边前卫、中锋;右边锋;前腰;1.0;0.95;0.9;71.3;67.7;64.2;£6200万 - £9800万;62.0;98.0;80.0;66.2;77.5;80.2;41.0;68.2;57.8;69.5;65.5;16;6;9;15;6;8;11;7;12;16;14;17;13;14;11;14;13;10;7;15;15;14;15;15;7;14;14;16;15;7;15;16;14;14;12;8;61.3;1.04;1.0;1.05;67.0;53.6;80.4;强援池;0;PASS;未知;中场 (右), 前锋 (中);中场 (右), 前腰 (右中), 前锋 (中)
19297055;现役;Bruno Guimarães;巴西;Newcastle;英超;英超;manual;27;182;欠佳;精准;右脚;中前卫;;后腰;中前卫;1.0;0.95;0.9;78.0;;70.2;£6200万 - £8000万;62.0;80.0;71.0;65.8;85.8;82.8;72.8;62.5;75.5;80.5;79.2;18;14;11;18;13;5;11;10;12;18;12;16;12;11;14;17;11;15;12;17;13;13;16;15;16;14;16;17;15;16;16;15;15;18;16;18;109.7;1.02;1.0;0.976;109.2;87.4;131.0;球星池;0;PASS;未知;;后腰, 中场 (中)
48042717;现役;Ibrahim Sangaré;科特迪瓦;Nottingham Forest;英超;英超;manual;27;191;欠佳;精准;右脚;后腰;;中前卫;后腰;1.0;0.95;0.9;69.9;;62.9;£6200万 - £7600万;62.0;76.0;69.0;51.2;65.8;63.5;71.2;67.0;82.0;66.2;74.5;13;15;4;15;14;5;13;15;11;12;7;12;9;12;17;17;12;15;17;15;14;14;13;13;13;11;18;12;17;15;12;13;11;15;17;16;53.5;1.03;1.0;1.05;57.8;46.2;69.4;强援池;0;PASS;未知;;后腰, 中场 (中)
28116386;现役;Anthony Gordon;英格兰;Newcastle;英超;英超;manual;23;183;欠佳;精准;右脚;左边锋;左边前卫;右边锋;左边锋;1.0;0.95;0.9;71.4;67.8;64.3;£6100万 - £9700万;61.0;97.0;79.0;68.2;67.8;75.2;51.8;82.5;62.5;65.2;72.0;14;11;12;13;8;5;12;7;12;14;13;17;14;12;10;15;17;12;11;15;14;17;14;15;9;16;16;14;15;9;17;13;12;15;13;13;61.9;1.05;1.0;1.049;68.2;54.6;81.8;强援池;0;PASS;未知;中场 (左);中场 (左), 前腰 (右左)
29240378;现役;David Møller Wolfe;挪威;Wolves;英超;英超;majority_high;22;185;精准;还行;左脚;左后卫;左边前卫;左翼卫;左后卫;1.0;0.95;0.9;62.0;58.9;55.8;£6100万 - £9700万;61.0;97.0;79.0;49.8;58.8;59.8;60.0;68.2;65.0;60.0;69.2;11;12;7;12;12;12;8;9;6;12;8;13;13;8;11;16;14;15;12;12;12;13;12;11;8;14;17;11;17;12;14;13;12;12;12;12;21.3;0.98;1.0;1.05;21.9;17.5;26.3;轮换池;0;PASS;未知;中场 (左);后卫/翼卫/中场 (左)
67216396;现役;Fabián;西班牙;Paris Saint-Germain;法甲;法甲;manual;28;189;精准;还行;左脚;前腰;;后腰、中前卫;前腰;1.0;0.95;0.9;73.5;;66.2;£6100万 - £9700万;61.0;97.0;79.0;73.2;77.8;77.5;69.2;62.0;72.2;73.0;67.8;16;14;11;16;13;9;16;13;9;17;14;15;14;9;13;16;12;14;14;16;12;12;15;16;11;15;14;15;15;14;13;14;14;15;14;13;75.2;1.04;1.0;1.023;80.0;64.0;96.0;球星池;0;PASS;未知;前腰 (中);后腰, 中场/前腰 (中)
85085378;现役;Aymeric Laporte;西班牙;Athletic Bilbao;西甲;西甲;manual;30;189;精准;欠佳;左脚;中后卫;;;中后卫;1.0;0.95;0.9;67.7;;;£6100万 - £9700万;61.0;97.0;79.0;50.8;68.8;59.2;71.2;57.8;65.5;71.5;70.8;15;14;11;15;14;8;9;17;9;12;8;11;9;7;15;13;13;10;15;10;9;10;14;10;13;10;13;12;17;16;14;16;12;16;15;15;42.5;1.0;1.0;1.05;44.6;35.7;53.5;强援池;0;PASS;未知;;后卫 (中)
83333463;现役;Rodrigo Gomes;葡萄牙;Wolves;英超;英超;majority_high;21;175;欠佳;精准;右脚;左边锋;左翼卫;右翼卫、右边前卫、右边锋;左边锋;1.0;0.95;0.9;62.0;58.9;55.8;£6100万 - £8000万;61.0;80.0;70.5;53.0;60.2;66.0;48.0;74.0;52.0;54.8;73.8;13;9;11;11;8;10;8;8;10;12;11;14;11;9;8;13;15;12;7;9;15;15;12;14;8;13;16;14;13;7;17;10;15;8;16;13;21.3;1.05;1.0;1.05;23.5;18.8;28.2;轮换池;0;PASS;未知;翼卫/前腰 (左);翼卫 (右左), 中场 (右), 前腰 (右左)
28126247;现役;Liam Delap;英格兰;Chelsea;英超;英超;manual;21;185;不错;精准;右脚;右边锋;;中锋;右边锋;1.0;0.95;0.9;66.1;;59.5;£6000万 - £7800万;60.0;78.0;69.0;64.5;56.0;67.5;42.2;79.8;70.5;54.8;69.2;13;8;15;12;6;10;11;10;8;13;13;14;8;4;16;13;17;14;13;13;14;16;13;14;7;14;15;9;13;7;16;11;11;13;15;17;35.6;1.05;1.0;1.05;39.2;31.4;47.0;主力池;0;PASS;未知;前腰 (右);前腰 (右), 前锋 (中)
67268221;现役;Pedro Porro;西班牙;Tottenham Hotspur;英超;英超;manual;25;176;欠佳;精准;右脚;右边前卫;;右后卫、右翼卫;右边前卫;1.0;0.95;0.9;68.9;;62.0;£6000万 - £7400万;60.0;74.0;67.0;62.8;70.8;75.5;59.2;76.8;67.0;60.2;68.0;15;12;12;14;12;11;14;8;13;15;11;15;13;13;12;15;15;17;8;13;15;16;11;17;8;15;13;15;12;11;16;11;11;12;17;15;48.3;1.01;1.0;1.05;51.2;41.0;61.4;强援池;0;PASS;未知;中场 (右);后卫/翼卫/中场 (右)
13158205;现役;Victor Osimhen;尼日利亚;Galatasaray;土超;土超;manual;26;186;还行;精准;右脚;中锋;;;中锋;1.0;0.95;0.9;71.9;;;£6000万 - £7400万;60.0;74.0;67.0;75.0;59.2;71.5;39.0;82.5;72.0;63.8;73.0;14;6;15;10;4;3;12;16;5;16;15;13;7;3;15;13;17;16;15;12;16;17;15;15;13;18;15;12;13;7;17;13;13;15;16;8;64.9;1.08;1.0;1.021;71.6;57.3;85.9;球星池;0;PASS;未知;;前锋 (中)
2000104850;现役;Mathys Tel;法国;Tottenham Hotspur;英超;英超;manual;19;183;不错;精准;右脚;左边锋;右边锋;中锋;左边锋;1.0;0.95;0.9;64.1;60.9;57.7;£5900万 - £9500万;59.0;95.0;77.0;62.3;59.5;68.8;40.5;73.5;63.2;53.5;65.0;14;7;14;12;7;6;12;12;12;13;13;14;11;11;13;13;15;15;12;11;14;15;13;15;11;12;14;11;13;7;16;10;10;11;11;10;28.0;1.05;1.0;1.05;30.9;24.7;37.1;主力池;0;PASS;未知;前腰 (右);前腰 (右左), 前锋 (中)
28108036;现役;Conor Gallagher;英格兰;Tottenham Hotspur;英超;英超;manual;24;182;不错;精准;右脚;左边前卫;后腰、前腰;中前卫;左边前卫;1.0;0.95;0.9;66.0;62.7;59.4;£5900万 - £9400万;59.0;94.0;76.5;64.2;65.2;64.5;59.0;69.2;66.0;63.5;80.2;13;13;7;13;9;6;12;8;12;13;14;13;12;12;11;17;13;16;10;11;14;14;11;12;11;14;19;13;16;12;17;14;14;13;15;17;35.2;1.01;1.0;1.05;37.3;29.8;44.8;主力池;0;PASS;未知;后腰, 前腰 (中);后腰, 中场 (左中), 前腰 (中)
48043084;现役;Boubacar Kamara;法国;Aston Villa;英超;英超;manual;25;184;还行;精准;右脚;后腰;;中前卫;后腰;1.0;0.95;0.9;72.9;;65.6;£5900万 - £9300万;59.0;93.0;76.0;52.7;70.2;68.0;79.2;73.2;73.0;77.8;69.2;15;16;7;15;15;5;10;14;6;14;6;13;8;6;13;16;15;16;14;15;14;14;18;10;9;13;16;13;16;17;13;15;14;17;14;12;71.2;1.03;1.0;1.025;75.2;60.2;90.2;球星池;0;PASS;未知;;后腰, 中场 (中)
18077264;现役;Youri Tielemans;比利时;Aston Villa;英超;英超;manual;27;176;不错;精准;右脚;前腰;;后腰、中前卫;前腰;1.0;0.95;0.9;72.4;;65.2;£5900万 - £9300万;59.0;93.0;76.0;67.5;85.5;73.2;62.2;60.5;58.5;74.2;63.2;17;12;14;18;12;3;14;11;12;16;12;13;13;11;11;13;12;15;8;12;12;12;15;15;12;14;13;18;14;13;13;15;12;15;11;13;68.0;1.04;1.0;1.031;72.9;58.3;87.5;球星池;0;PASS;未知;;后腰, 中场/前腰 (中)
49056279;现役;Rayan Cherki;法国;Manchester City;英超;英超;manual;21;177;精准;精准;双足;前腰;中前卫、中锋;左边锋、右边锋;前腰;1.0;0.95;0.9;69.7;66.2;62.7;£5900万 - £7700万;59.0;77.0;68.0;57.8;80.5;85.0;27.7;69.5;58.3;60.8;58.8;17;3;11;16;3;3;10;4;14;17;12;18;14;14;13;12;14;13;6;13;15;14;9;18;11;12;12;17;12;7;13;13;10;15;12;8;52.4;1.04;1.0;1.05;57.2;45.8;68.6;强援池;0;PASS;未知;中场 (中), 前锋 (中);中场 (中), 前腰 (右左中), 前锋 (中)
37076335;现役;Jan Paul van Hecke;荷兰;Brighton;英超;英超;manual;24;189;还行;精准;右脚;中后卫;;;中后卫;1.0;0.95;0.9;73.6;;;£5900万 - £7600万;59.0;76.0;67.5;42.2;68.2;65.0;80.8;63.8;71.8;74.5;75.8;14;17;7;14;15;7;5;15;5;14;8;13;10;4;14;14;13;14;15;14;13;12;15;8;14;6;14;13;14;17;16;15;16;16;16;17;75.9;1.0;1.0;1.004;76.2;61.0;91.4;球星池;0;PASS;未知;;后卫 (中)
79027217;现役;Omar Alderete;巴拉圭;Sunderland;英超;英超;manual;28;188;精准;还行;左脚;中后卫;;;中后卫;1.0;0.95;0.9;70.2;;;£5900万 - £7300万;59.0;73.0;66.0;41.2;52.2;52.2;77.2;61.0;77.5;65.2;72.5;10;16;11;12;15;12;4;16;6;11;6;11;8;3;16;14;13;15;16;15;11;11;15;6;12;10;14;7;13;15;14;15;15;13;18;17;55.1;1.0;1.0;1.04;57.3;45.8;68.8;强援池;0;PASS;未知;;后卫 (中)
28094949;现役;Harry Wilson;威尔士;Fulham;英超;英超;manual;27;173;精准;还行;左脚;前腰;左边锋;右边锋;前腰;1.0;0.95;0.9;70.1;66.6;63.1;£5900万 - £7200万;59.0;72.0;65.5;73.2;76.0;78.0;43.2;69.0;52.0;63.2;63.8;16;8;14;15;7;3;17;5;15;16;15;16;16;14;8;12;14;12;6;14;14;14;14;15;12;13;13;15;13;8;15;14;9;13;12;11;54.5;1.04;1.0;1.041;59.0;47.2;70.8;强援池;0;PASS;未知;前腰 (左);前腰 (右左中)
29226000;现役;Jarrad Branthwaite;英格兰;Everton;英超;英超;manual;22;196;精准;强势;右脚;中后卫;左后卫、右后卫;;中后卫;1.0;0.95;0.9;68.3;64.9;;£5800万 - £9300万;58.0;93.0;75.5;44.3;62.5;63.2;68.2;68.5;73.2;68.5;68.8;14;14;6;12;12;9;5;16;7;12;7;12;6;3;15;13;14;13;18;13;12;14;14;13;11;11;14;14;13;14;13;12;14;15;17;14;45.3;1.0;1.0;1.05;47.6;38.1;57.1;强援池;0;PASS;未知;后卫 (右左);后卫 (右左中)
28127166;现役;Conor Bradley;北爱尔兰;Liverpool;英超;英超;manual;21;181;欠佳;精准;右脚;右翼卫;;右后卫;右翼卫;1.0;0.95;0.9;68.3;;61.5;£5800万 - £9300万;58.0;93.0;75.5;54.8;67.8;70.5;65.2;79.5;61.8;64.8;73.5;14;15;8;14;11;7;8;8;7;15;9;14;15;10;9;15;16;15;9;14;16;16;14;11;12;15;16;12;16;12;15;13;13;14;14;15;45.3;1.0;1.0;1.05;47.6;38.1;57.1;强援池;0;PASS;未知;;后卫/翼卫 (右)
37063649;现役;Sven Botman;荷兰;Newcastle;英超;英超;manual;25;193;精准;还行;左脚;中后卫;;;中后卫;1.0;0.95;0.9;72.4;;;£5800万 - £7200万;58.0;72.0;65.0;42.7;64.0;56.2;79.2;60.0;75.5;71.0;75.0;13;16;9;14;16;9;6;15;2;13;6;10;8;5;17;15;12;12;15;14;9;12;15;8;13;9;15;11;16;16;15;15;15;15;17;10;68.0;1.0;1.0;1.012;68.8;55.0;82.6;强援池;0;PASS;未知;;后卫 (中)
14110660;现役;Lautaro Martínez;阿根廷;Inter Milan;意甲;意甲;manual;27;174;不错;精准;右脚;中锋;;;中锋;1.0;0.95;0.9;75.5;;;£5700万 - £9100万;57.0;91.0;74.0;79.5;65.0;77.0;44.2;77.5;78.0;65.8;86.0;16;8;15;12;5;4;15;16;5;16;17;14;8;4;13;19;15;20;11;14;16;15;15;17;16;16;18;12;15;7;19;14;14;15;18;18;89.5;1.08;1.0;0.997;96.3;77.0;115.6;球星池;0;PASS;前锋 (中);;前锋 (中)
84153276;现役;Dan Ndoye;瑞士;Nottingham Forest;英超;英超;manual;24;184;欠佳;精准;右脚;左边锋;右边前卫;右边锋;左边锋;1.0;0.95;0.9;66.8;63.5;60.1;£5700万 - £9100万;57.0;91.0;74.0;57.2;62.8;72.3;44.8;82.2;61.8;59.5;63.5;14;10;10;13;3;5;10;6;4;14;11;15;11;6;9;16;16;16;11;11;17;17;14;14;8;13;14;11;13;10;14;12;12;11;12;13;38.5;1.05;1.0;1.05;42.4;33.9;50.9;强援池;0;PASS;未知;中场 (右), 前腰 (左);中场 (右), 前腰 (右左)
2000254692;现役;Chris Rigg;英格兰;Sunderland;英超;英超;manual;17;177;精准;还行;左脚;中前卫;后腰、前腰、右边锋;;中前卫;1.0;0.95;0.9;64.7;61.5;;£5700万 - £9000万;57.0;90.0;73.5;55.7;71.5;67.2;61.3;54.8;63.2;63.5;67.5;16;13;11;15;10;10;9;9;11;15;12;12;11;11;12;14;12;16;8;13;10;9;12;12;13;10;14;14;12;14;15;11;12;14;13;14;30.1;1.02;1.0;1.05;32.3;25.8;38.8;主力池;0;PASS;未知;后腰, 前腰 (右中);后腰, 中场 (中), 前腰 (右中)
2000006108;现役;Loum Tchaouna;法国;Burnley;英超;英超;manual;21;180;精准;还行;左脚;左边锋;前腰、左边前卫、右边前卫;右边锋;左边锋;1.0;0.95;0.9;64.7;61.5;58.2;£5700万 - £9000万;57.0;90.0;73.5;65.5;63.5;72.0;36.2;74.0;58.7;52.5;50.5;15;6;11;13;7;6;15;8;12;14;13;14;13;12;11;13;14;14;9;13;16;16;12;14;5;13;11;11;10;5;12;11;10;12;10;8;30.1;1.05;1.0;1.05;33.2;26.6;39.8;主力池;0;PASS;未知;中场 (右左), 前腰 (中);中场 (右左), 前腰 (右左中)
67276127;现役;Nico González;西班牙;Manchester City;英超;英超;manual;23;188;不错;精准;右脚;前腰;;后腰、中前卫;前腰;1.0;0.95;0.9;70.8;;63.7;£5700万 - £7300万;57.0;73.0;65.0;59.8;76.2;74.5;63.3;66.5;71.5;73.5;65.0;16;13;8;16;11;5;10;12;8;16;11;14;8;6;14;16;13;15;13;16;13;13;14;14;11;13;14;15;14;14;14;15;13;17;10;14;58.4;1.04;1.0;1.03;62.6;50.1;75.1;强援池;0;PASS;未知;前腰 (中);后腰, 中场/前腰 (中)
48037335;现役;Marcus Thuram;法国;Inter Milan;意甲;意甲;manual;27;192;不错;精准;右脚;左边锋;;中锋;左边锋;1.0;0.95;0.9;74.7;;67.2;£5700万 - £7300万;57.0;73.0;65.0;73.0;69.8;84.0;38.0;82.5;75.8;64.2;65.5;17;7;13;13;4;4;14;13;5;17;15;17;10;4;17;14;17;15;14;17;15;17;14;17;12;15;14;13;14;6;13;14;13;15;12;13;83.6;1.05;1.0;0.991;87.0;69.6;104.4;球星池;0;PASS;未知;前腰 (左);前腰 (左), 前锋 (中)
29125343;现役;Scott McTominay;苏格兰;Napoli;意甲;意甲;manual;28;193;还行;精准;右脚;后腰;左边锋;中前卫、前腰;后腰;1.0;0.95;0.9;73.7;70.0;66.3;£5700万 - £7300万;57.0;73.0;65.0;76.3;68.0;68.8;67.2;69.8;89.0;73.5;81.8;13;14;7;15;11;4;14;18;5;14;16;14;10;4;18;18;14;19;17;18;13;13;15;13;13;16;15;12;18;13;18;15;16;18;16;17;76.5;1.03;1.0;0.999;78.8;63.0;94.6;球星池;0;PASS;未知;后腰, 前腰 (左);后腰, 中场 (中), 前腰 (左中)
2000168014;现役;Abdukodir Khusanov;乌兹别克斯坦;Manchester City;英超;英超;manual;20;187;还行;精准;右脚;中后卫;右后卫;;中后卫;1.0;0.95;0.9;69.4;65.9;;£5600万 - £8900万;56.0;89.0;72.5;47.8;61.0;53.8;71.8;82.0;74.0;64.0;70.0;12;16;10;13;13;11;8;13;6;12;7;9;7;5;15;15;17;15;15;13;13;17;13;7;12;12;15;12;13;14;13;13;14;13;16;16;50.8;1.0;1.0;1.05;53.4;42.7;64.1;强援池;0;PASS;未知;后卫 (右);后卫 (右中)
27128917;现役;Mikkel Damsgaard;丹麦;Brentford;英超;英超;manual;24;180;强势;精准;左脚;前腰;中前卫、左边锋、右边锋;;前腰;1.0;0.95;0.9;68.4;65.0;;£5600万 - £6900万;56.0;69.0;62.5;60.8;77.2;74.2;51.3;65.5;51.3;66.5;66.0;16;11;12;16;8;7;11;6;11;14;11;15;13;13;8;13;13;11;7;11;14;13;13;16;8;14;14;16;14;8;14;14;14;14;13;13;45.8;1.04;1.0;1.05;50.0;40.0;60.0;强援池;0;PASS;未知;中场 (中), 前腰 (右左);中场 (中), 前腰 (右左中)
92026209;现役;Hakan Çalhanoğlu;土耳其;Inter Milan;意甲;意甲;manual;30;178;不错;精准;右脚;中前卫;;后腰;中前卫;1.0;0.95;0.9;72.5;;65.3;£5600万 - £6800万;56.0;68.0;62.0;73.2;87.2;71.0;62.0;61.5;56.8;77.5;66.3;16;13;20;19;10;4;17;6;16;17;13;11;17;19;9;14;12;15;7;12;13;12;16;16;13;12;12;17;17;12;13;16;14;17;12;11;68.7;1.02;1.0;1.006;70.4;56.3;84.5;球星池;0;PASS;未知;;后腰, 中场 (中)
37071145;现役;Mats Wieffer;荷兰;Brighton;英超;英超;manual;25;188;不错;精准;右脚;中后卫;右后卫;后腰、中前卫;中后卫;1.0;0.95;0.9;67.5;64.1;60.8;£5600万 - £6800万;56.0;68.0;62.0;50.0;65.2;59.8;68.8;65.5;67.5;67.5;75.0;13;16;10;13;12;7;11;13;11;13;6;11;7;11;12;15;13;14;14;12;12;13;14;10;13;12;16;14;16;12;15;14;14;14;15;14;41.6;1.0;1.0;1.05;43.7;35.0;52.4;强援池;0;PASS;未知;后卫 (右中);后卫 (右中), 后腰, 中场 (中)
2000181764;现役;Kees Smit;荷兰;AZ;荷甲;荷甲;majority_high;19;184;强势;精准;左脚;前腰;;后腰、中前卫;前腰;1.0;0.95;0.9;65.7;;59.1;£5500万 - £8800万;55.0;88.0;71.5;61.0;69.0;73.0;49.2;62.8;60.5;64.5;59.5;15;10;12;13;8;6;12;10;11;15;12;15;9;11;12;13;12;12;11;13;13;13;14;14;10;11;12;15;12;9;14;13;11;14;11;9;33.9;1.04;1.0;1.05;37.1;29.7;44.5;主力池;0;PASS;未知;;后腰, 中场/前腰 (中)
91208050;现役;Kevin Schade;德国;Brentford;英超;英超;manual;23;183;不错;精准;右脚;左边锋;前腰、中锋;右边锋;左边锋;1.0;0.95;0.9;63.9;60.7;57.5;£5500万 - £8700万;55.0;87.0;71.0;61.0;60.8;66.3;37.5;77.0;62.2;54.5;59.3;14;7;11;12;5;14;11;13;7;13;13;13;12;9;11;13;16;14;15;11;13;16;12;14;9;13;13;11;11;6;13;12;12;11;11;12;27.3;1.05;1.0;1.05;30.1;24.1;36.1;主力池;0;PASS;未知;前腰 (中), 前锋 (中);前腰 (右左中), 前锋 (中)
28122195;现役;Fábio Carvalho;葡萄牙;Brentford;英超;英超;manual;22;170;还行;精准;右脚;左边锋;右边锋、中锋;前腰;左边锋;1.0;0.95;0.9;64.9;61.7;58.4;£5500万 - £7100万;55.0;71.0;63.0;61.0;67.2;73.5;43.5;71.2;50.5;60.5;57.5;15;8;12;13;7;5;11;7;11;14;12;15;11;12;8;11;14;13;8;11;16;15;13;15;7;13;12;14;12;8;13;12;11;13;11;12;30.9;1.05;1.0;1.05;34.0;27.2;40.8;主力池;0;PASS;未知;前腰 (右), 前锋 (中);前腰 (右左中), 前锋 (中)
14080605;现役;Marcos Senesi;阿根廷;Bournemouth;英超;英超;manual;27;184;精准;还行;左脚;中后卫;;;中后卫;1.0;0.95;0.9;69.1;;;£5500万 - £6700万;55.0;67.0;61.0;46.0;71.5;61.2;73.0;64.5;69.2;68.5;67.5;15;15;6;15;16;6;7;15;7;13;8;10;10;6;12;15;12;14;15;14;11;14;14;11;12;10;15;14;15;14;13;15;12;13;14;10;49.3;1.0;1.0;1.045;51.5;41.2;61.8;强援池;0;PASS;未知;;后卫 (中)
49056280;现役;Malo Gusto;法国;Chelsea;英超;英超;manual;21;179;还行;精准;右脚;右后卫;;右翼卫;右后卫;1.0;0.95;0.9;63.9;;57.5;£5400万 - £8600万;54.0;86.0;70.0;47.0;61.2;59.3;59.5;80.2;64.8;59.0;69.5;13;13;6;12;12;10;9;10;6;12;6;10;15;6;12;15;16;15;10;12;14;17;12;12;8;14;17;11;17;11;14;14;9;12;14;13;27.3;0.98;1.0;1.05;28.1;22.5;33.7;主力池;0;PASS;未知;;后卫/翼卫 (右)
49050736;现役;Adrien Truffert;法国;Bournemouth;英超;英超;manual;23;173;精准;还行;左脚;左后卫;左翼卫、左边前卫;;左后卫;1.0;0.95;0.9;68.6;65.2;;£5400万 - £8500万;54.0;85.0;69.5;61.3;69.2;68.8;71.2;73.2;63.2;68.3;65.8;14;15;5;14;13;6;12;9;5;14;12;13;16;8;12;15;15;12;8;15;15;14;14;13;9;14;15;13;14;15;12;14;14;12;14;13;46.8;0.98;1.0;1.05;48.1;38.5;57.7;强援池;0;PASS;未知;翼卫/中场 (左);后卫/翼卫/中场 (左)
28115788;现役;Curtis Jones;英格兰;Liverpool;英超;英超;manual;23;185;不错;精准;右脚;前腰;左边锋;后腰、中前卫;前腰;1.0;0.95;0.9;70.3;66.8;63.3;£5400万 - £8500万;54.0;85.0;69.5;60.8;75.8;78.8;54.8;68.2;61.5;68.0;66.0;17;10;13;15;10;6;11;8;11;16;10;15;12;11;11;13;13;14;9;16;16;14;14;14;10;15;13;15;15;11;15;14;13;14;11;13;55.6;1.04;1.0;1.046;60.5;48.4;72.6;强援池;0;PASS;未知;前腰 (左中);后腰, 中场 (中), 前腰 (左中)
29125842;现役;Jarrod Bowen;英格兰;West Ham;英超;英超;manual;28;174;精准;还行;左脚;右边锋、中锋;右边前卫、左边锋;左边前卫;左边锋;1.0;0.95;0.9;67.5;64.1;60.8;£5400万 - £8500万;54.0;85.0;69.5;72.5;66.8;69.8;40.2;72.8;53.8;62.7;69.0;14;8;13;13;5;4;14;10;12;14;15;14;13;13;8;15;14;14;8;11;15;15;14;14;12;15;17;13;15;8;17;14;10;14;8;10;41.6;1.05;1.0;1.05;45.9;36.7;55.1;强援池;0;PASS;未知;中场 (右左);中场/前腰 (右左), 前锋 (中)
2000101285;现役;Nico O'Reilly;英格兰;Manchester City;英超;英超;manual;19;193;精准;还行;左脚;前腰;;左后卫、中前卫;前腰;1.0;0.95;0.9;67.5;;60.8;£5400万 - £6700万;54.0;67.0;60.5;55.2;68.0;73.0;60.8;74.5;66.0;68.3;64.0;15;12;6;13;11;9;8;10;12;13;11;15;12;12;12;15;14;12;15;13;15;16;13;16;7;13;14;14;13;13;15;14;13;14;12;10;41.6;1.04;1.0;1.05;45.4;36.3;54.5;强援池;0;PASS;未知;前腰 (中);后卫 (左), 中场/前腰 (中)
2000025485;现役;Habib Diarra;塞内加尔;Sunderland;英超;英超;manual;21;180;还行;精准;右脚;后腰;前腰;中前卫;后腰;1.0;0.95;0.9;64.9;61.7;58.4;£5400万 - £6600万;54.0;66.0;60.0;57.0;64.8;67.5;61.0;70.5;68.2;61.3;70.5;14;12;13;14;12;6;14;9;9;14;9;13;10;6;15;15;15;14;10;14;13;13;13;13;12;12;16;11;14;12;16;13;13;11;12;10;30.9;1.03;1.0;1.05;33.4;26.7;40.1;主力池;0;PASS;未知;后腰, 前腰 (中);后腰, 中场/前腰 (中)
28060397;现役;John Stones;英格兰;Manchester City;英超;英超;manual;30;188;不错;精准;右脚;中后卫;右后卫、后腰;;中后卫;1.0;0.95;0.9;74.0;70.3;;£5400万 - £6600万;54.0;66.0;60.0;54.0;73.5;70.5;75.0;72.2;74.5;75.5;75.8;16;16;12;16;13;8;6;14;5;14;8;14;6;4;15;15;15;15;16;12;13;14;15;12;13;15;17;14;16;15;13;15;16;17;17;13;78.6;1.0;1.0;0.989;77.8;62.2;93.4;球星池;0;PASS;未知;后卫 (右), 后腰;后卫 (右中), 后腰
19184436;现役;Joelinton;巴西;Newcastle;英超;英超;manual;28;186;还行;精准;右脚;中前卫;前腰;左边锋;中前卫;1.0;0.95;0.9;70.6;67.1;63.5;£5300万 - £8500万;53.0;85.0;69.0;60.5;67.2;72.2;64.2;68.2;84.0;70.8;84.8;14;15;11;13;7;6;10;16;8;15;11;16;11;7;19;18;14;13;15;15;10;13;15;14;12;14;20;13;19;14;15;15;13;14;20;17;57.3;1.02;1.0;1.041;60.8;48.6;73.0;强援池;0;PASS;未知;前腰 (中);中场 (中), 前腰 (左中)
14238164;现役;Carlos Alcaraz;阿根廷;Everton;英超;英超;manual;22;181;还行;精准;右脚;前腰;中前卫;;前腰;1.0;0.95;0.9;68.0;64.6;;£5300万 - £8500万;53.0;85.0;69.0;65.0;71.8;69.0;62.3;65.0;62.7;69.2;66.0;15;11;11;15;12;9;12;9;14;14;13;13;11;12;12;13;13;12;14;13;13;13;13;14;10;14;14;14;15;15;14;14;13;14;11;14;43.9;1.04;1.0;1.05;47.9;38.3;57.5;强援池;0;PASS;未知;中场 (中);中场/前腰 (中)
28115831;现役;James Garner;英格兰;Everton;英超;英超;manual;23;182;还行;精准;右脚;后腰;;中前卫;后腰;1.0;0.95;0.9;68.9;;62.0;£5300万 - £6900万;53.0;69.0;61.0;63.8;72.8;63.3;68.0;65.2;70.0;67.5;73.5;16;16;12;15;10;2;13;8;12;14;11;10;14;14;13;17;13;16;12;13;13;12;13;9;11;15;17;14;16;15;16;13;14;14;12;12;48.3;1.03;1.0;1.048;52.1;41.7;62.5;强援池;0;PASS;未知;后腰;后腰, 中场 (中)
2000011972;现役;Savinho;巴西;Manchester City;英超;英超;manual;20;173;精准;欠佳;左脚;左边锋;;右边锋;左边锋;1.0;0.95;0.9;69.2;;62.3;£5200万 - £8300万;52.0;83.0;67.5;56.5;75.0;85.8;31.2;80.8;51.0;60.5;54.8;17;4;10;14;5;12;9;3;12;18;10;17;14;13;7;13;16;13;8;14;17;17;13;18;1;15;14;15;12;5;15;13;12;12;6;8;49.8;1.05;1.0;1.05;54.9;43.9;65.9;强援池;0;PASS;未知;;前腰 (右左)
19371031;现役;João Gomes;巴西;Wolves;英超;英超;majority_high;23;176;欠佳;精准;右脚;后腰;;中前卫;后腰;1.0;0.95;0.9;68.9;;62.0;£5200万 - £6800万;52.0;68.0;60.0;61.3;65.2;68.8;73.5;65.5;67.0;67.0;75.5;13;16;10;14;14;11;12;10;7;14;11;14;10;10;14;13;13;15;11;12;14;13;13;15;10;14;16;12;16;15;16;13;13;14;16;16;48.3;1.03;1.0;1.045;52.0;41.6;62.4;强援池;0;PASS;未知;;后腰, 中场 (中)
91187791;现役;Nick Woltemade;德国;Newcastle;英超;英超;manual;22;198;不错;精准;右脚;前腰;;中锋;前腰;1.0;0.95;0.9;70.3;;63.3;£5200万 - £6800万;52.0;68.0;60.0;68.8;71.8;80.0;47.7;64.2;73.5;64.0;70.8;16;9;16;14;8;6;12;14;12;16;15;16;8;6;15;13;13;12;17;18;15;12;14;16;13;13;14;15;15;8;16;13;12;13;13;13;55.6;1.04;1.0;1.026;59.4;47.5;71.3;强援池;0;PASS;未知;;前腰 (中), 前锋 (中)
12080051;现役;Pape Matar Sarr;塞内加尔;Tottenham Hotspur;英超;英超;manual;22;184;还行;精准;右脚;后腰;前腰;中前卫;后腰;1.0;0.95;0.9;67.7;64.3;60.9;£5200万 - £6800万;52.0;68.0;60.0;56.5;62.2;67.0;68.0;68.8;72.2;69.5;71.8;13;13;9;13;12;8;10;10;8;14;9;13;7;7;14;16;13;14;12;15;14;14;16;13;10;13;14;12;14;14;16;12;15;15;16;11;42.5;1.03;1.0;1.05;46.0;36.8;55.2;强援池;0;PASS;未知;前腰 (中);后腰, 中场/前腰 (中)
28093567;现役;James Maddison;英格兰;Tottenham Hotspur;英超;英超;manual;28;175;不错;精准;右脚;前腰、中前卫;左边前卫、左边锋、右边锋;;前腰;1.0;0.95;0.9;71.0;67.5;;£5200万 - £6700万;52.0;67.0;59.5;69.0;76.0;80.5;51.8;66.5;61.5;64.8;65.5;17;11;14;16;7;4;14;5;16;15;14;16;14;12;10;13;13;15;8;17;16;13;13;16;12;13;14;15;13;11;15;11;12;15;12;8;59.6;1.04;1.0;1.017;63.0;50.4;75.6;强援池;0;PASS;未知;中场 (左), 前腰 (右左);中场 (左中), 前腰 (右左中)
37062185;现役;Cody Gakpo;荷兰;Liverpool;英超;英超;manual;25;189;还行;精准;右脚;左边锋、中锋;前腰、右边锋;;左边锋;1.0;0.95;0.9;69.2;65.7;;£5200万 - £6400万;52.0;64.0;58.0;68.2;68.7;75.0;47.5;72.8;66.2;63.8;64.8;15;8;12;14;8;6;14;12;11;15;13;15;13;14;13;14;14;12;13;15;16;15;14;14;11;14;13;13;14;9;14;12;13;15;12;11;49.8;1.05;1.0;1.036;54.2;43.4;65.0;强援池;0;PASS;未知;前腰 (右中), 前锋 (中);前腰 (右左中), 前锋 (中)
86066853;现役;Piero Hincapié;厄瓜多尔;Arsenal;英超;英超;manual;23;184;精准;欠佳;左脚;中后卫;左翼卫;左后卫;中后卫;1.0;0.95;0.9;73.5;69.8;66.2;£5200万 - £6400万;52.0;64.0;58.0;46.8;65.8;62.0;76.8;74.5;75.8;67.5;82.0;13;17;10;14;15;14;7;13;5;12;7;12;11;5;15;15;16;14;15;15;13;14;14;11;11;11;18;13;15;14;18;13;14;14;18;17;75.2;1.0;1.0;0.99;74.5;59.6;89.4;球星池;0;PASS;未知;翼卫 (左);后卫 (左中), 翼卫 (左)
49056369;现役;Hannibal;突尼斯;Burnley;英超;英超;manual;21;182;还行;精准;右脚;前腰;;中前卫;前腰;1.0;0.95;0.9;62.8;;56.5;£5200万 - £6300万;52.0;63.0;57.5;54.8;63.8;72.0;42.0;69.2;65.5;55.8;62.2;15;9;11;13;5;3;10;6;13;14;10;14;11;14;11;16;14;15;11;13;14;13;13;16;6;12;16;12;12;7;12;10;11;12;13;16;23.7;1.04;1.0;1.05;25.9;20.7;31.1;主力池;0;PASS;未知;;中场/前腰 (中)
2000036372;现役;Diego Gómez;巴拉圭;Brighton;英超;英超;manual;21;185;还行;精准;右脚;中前卫;后腰、左边锋;;中前卫;1.0;0.95;0.9;64.1;60.9;;£5100万 - £8100万;51.0;81.0;66.0;63.8;65.8;62.5;61.2;64.5;66.0;63.0;66.3;13;13;13;14;11;7;14;11;13;13;12;12;9;13;14;13;13;13;12;13;12;13;12;12;9;13;16;13;14;12;12;13;13;13;14;13;28.0;1.02;1.0;1.05;30.0;24.0;36.0;主力池;0;PASS;未知;后腰, 前腰 (左);后腰, 中场 (中), 前腰 (左)
2000257209;现役;Givairo Read;荷兰;Feyenoord;荷甲;荷甲;manual;18;183;欠佳;精准;右脚;右翼卫;左后卫、右边前卫;右后卫;右翼卫;1.0;0.95;0.9;63.5;60.3;57.1;£5100万 - £6300万;51.0;63.0;57.0;44.2;67.0;63.8;58.7;73.0;59.8;62.0;69.0;14;11;7;14;12;11;5;11;12;14;8;11;14;11;10;13;15;14;12;11;13;15;12;13;14;11;14;12;14;12;15;13;12;13;13;12;26.0;1.0;1.0;1.05;27.3;21.8;32.8;主力池;0;PASS;未知;后卫 (左), 中场 (右);后卫 (右左), 翼卫/中场 (右)
63013145;现役;Milan Škriniar;斯洛伐克;Fenerbahçe;土超;土超;manual;29;188;还行;精准;右脚;中后卫;;;中后卫;1.0;0.95;0.9;72.9;;;£5100万 - £6200万;51.0;62.0;56.5;49.8;58.5;48.0;82.0;57.8;74.8;73.0;79.2;11;15;9;13;18;9;6;15;6;11;10;8;6;3;17;14;13;18;15;9;8;10;16;10;15;9;16;10;14;18;18;16;14;14;16;15;71.2;1.0;1.0;0.993;70.7;56.6;84.8;球星池;0;PASS;未知;;后卫 (中)
28117372;现役;Nathan Collins;爱尔兰;Brentford;英超;英超;manual;23;193;还行;精准;右脚;中后卫;;;中后卫;1.0;0.95;0.9;70.5;;;£5000万 - £8000万;50.0;80.0;65.0;42.8;63.2;57.2;73.8;66.8;74.2;67.2;76.2;13;16;5;13;14;10;6;15;7;12;8;11;8;4;15;14;14;15;15;14;11;13;14;7;16;7;15;13;15;14;15;13;14;15;17;14;56.7;1.0;1.0;1.034;58.7;47.0;70.4;强援池;0;PASS;未知;;后卫 (中)
28113414;现役;Keane Lewis-Potter;英格兰;Brentford;英超;英超;manual;23;170;还行;精准;右脚;左边锋;左后卫、左翼卫;右边锋;左边锋;1.0;0.95;0.9;65.5;62.2;59.0;£5000万 - £7900万;50.0;79.0;64.5;62.5;65.8;66.5;54.5;70.0;60.5;64.5;69.8;13;13;12;13;7;9;12;10;10;13;12;14;14;9;11;14;14;14;10;11;14;14;13;13;9;13;15;13;13;10;17;14;13;14;13;12;33.2;1.05;1.0;1.05;36.6;29.3;43.9;主力池;0;PASS;未知;后卫/翼卫 (左);后卫/翼卫 (左), 前腰 (右左)
19375640;现役;André;巴西;Wolves;英超;英超;majority_high;23;177;还行;精准;右脚;后腰;;中前卫;后腰;1.0;0.95;0.9;67.3;;60.6;£5000万 - £7900万;50.0;79.0;64.5;58.5;68.0;65.8;70.2;65.5;63.8;70.5;67.0;13;14;10;14;14;9;11;11;9;14;10;13;9;8;13;14;13;14;8;14;13;13;14;12;11;13;14;14;14;15;14;14;13;15;13;13;40.7;1.03;1.0;1.05;44.0;35.2;52.8;强援池;0;PASS;未知;;后腰, 中场 (中)
14094572;现役;Rodrigo Bentancur;乌拉圭;Tottenham Hotspur;英超;英超;manual;27;187;不错;精准;右脚;后腰;;中前卫;后腰;1.0;0.95;0.9;67.5;;60.8;£5000万 - £7900万;50.0;79.0;64.5;53.0;66.8;69.8;70.3;64.8;70.5;64.2;66.5;14;15;8;13;14;7;11;12;12;15;10;14;10;10;14;15;13;14;13;15;14;12;13;11;10;10;15;14;15;14;12;12;13;12;13;16;41.6;1.03;1.0;1.05;45.0;36.0;54.0;强援池;0;PASS;未知;;后腰, 中场 (中)
29175220;现役;Morgan Gibbs-White;英格兰;Nottingham Forest;英超;英超;manual;24;178;不错;精准;右脚;前腰;右边锋;中前卫;前腰;1.0;0.95;0.9;69.2;65.7;62.3;£5000万 - £7900万;50.0;79.0;64.5;62.5;73.8;74.5;47.0;70.5;62.8;67.8;66.5;15;9;13;15;6;5;12;11;11;15;11;14;12;14;13;13;14;13;10;15;16;14;13;16;14;14;15;15;14;11;14;14;12;15;10;12;49.8;1.04;1.0;1.05;54.4;43.5;65.3;强援池;0;PASS;未知;前腰 (右);中场 (中), 前腰 (右中)
67220143;现役;Mikel Oyarzábal;西班牙;Real San Sebastián;西甲;西甲;majority_high;27;180;精准;还行;左脚;前腰;右边锋;左边锋、中锋;前腰;1.0;0.95;0.9;72.2;68.6;65.0;£5000万 - £6500万;50.0;65.0;57.5;72.8;76.2;75.0;60.5;61.5;66.5;71.8;75.5;16;11;18;15;11;12;12;12;14;15;15;15;12;14;13;13;12;14;13;14;14;12;14;14;18;16;16;16;14;13;16;15;14;14;13;13;66.8;1.04;1.0;1.001;69.5;55.6;83.4;强援池;0;PASS;未知;前腰 (右中);前腰 (右左中), 前锋 (中)
2000262615;现役;El Hadji Malick Diouf;塞内加尔;West Ham;英超;英超;manual;20;183;精准;欠佳;左脚;左后卫;中后卫;左翼卫;左后卫;1.0;0.95;0.9;65.4;62.1;58.9;£5000万 - £6500万;50.0;65.0;57.5;51.8;63.5;65.0;64.0;75.2;69.2;58.2;64.5;13;14;2;13;13;12;9;12;2;13;11;13;16;7;13;14;15;17;12;13;13;16;13;13;5;11;14;12;13;11;14;11;11;11;15;16;32.8;0.98;1.0;1.05;33.7;27.0;40.4;主力池;0;PASS;未知;后卫 (中);后卫 (左中), 翼卫 (左)
19342183;现役;Evanilson;巴西;Bournemouth;英超;英超;manual;25;183;不错;精准;右脚;中锋;;;中锋;1.0;0.95;0.9;68.0;;;£5000万 - £6500万;50.0;65.0;57.5;70.0;70.0;70.8;44.5;67.8;70.8;62.0;63.5;16;9;13;14;8;7;10;12;8;15;15;12;8;6;16;14;14;11;13;17;13;13;14;14;10;16;15;14;12;5;13;13;12;15;12;13;43.9;1.08;1.0;1.05;49.8;39.8;59.8;强援池;0;PASS;未知;;前锋 (中)
43139595;现役;Nicolò Barella;意大利;Inter Milan;意甲;意甲;manual;27;172;不错;精准;右脚;中前卫、后腰;;;中前卫;1.0;0.95;0.9;72.5;;;£5000万 - £6400万;50.0;64.0;57.0;65.8;77.0;73.8;67.2;73.3;71.0;66.2;85.0;15;16;11;16;11;4;14;6;14;16;12;14;13;12;12;17;14;17;7;16;14;15;14;14;14;15;18;16;17;13;19;13;10;12;18;20;68.7;1.02;1.0;0.997;69.8;55.8;83.8;强援池;0;PASS;未知;;中场 (中)
29141827;现役;Ezri Konsa;英格兰;Aston Villa;英超;英超;manual;27;183;还行;精准;右脚;中后卫;;;中后卫;1.0;0.95;0.9;71.5;;;£5000万 - £6400万;50.0;64.0;57.0;38.2;69.0;67.8;74.5;72.2;71.8;72.2;71.2;15;16;4;14;14;7;3;15;3;14;5;13;7;4;14;15;14;15;14;14;14;15;15;10;14;10;16;14;15;15;13;14;14;16;14;13;62.5;1.0;1.0;1.007;62.9;50.3;75.5;强援池;0;PASS;未知;;后卫 (中)
25042141;现役;Patrik Schick;捷克;Bayer 04 Leverkusen;德甲;德甲;manual;28;191;精准;还行;左脚;中锋;;;中锋;1.0;0.95;0.9;69.7;;;£5000万 - £6200万;50.0;62.0;56.0;77.5;62.0;70.3;42.2;65.5;71.5;65.2;64.5;15;6;13;12;6;6;12;17;12;15;17;13;8;4;15;13;14;10;17;16;13;12;17;13;13;16;13;11;12;7;12;13;13;16;15;13;52.4;1.08;1.0;1.025;58.0;46.4;69.6;强援池;0;PASS;未知;;前锋 (中)
2000127926;现役;Thierno Barry;法国;Everton;英超;英超;manual;22;195;欠佳;精准;右脚;中锋;左边锋、右边锋;;中锋;1.0;0.95;0.9;65.2;61.9;;£4900万 - £7900万;49.0;79.0;64.0;64.2;61.2;60.8;42.8;75.0;74.5;58.2;63.0;12;6;13;12;8;6;13;13;8;12;12;12;10;8;14;15;16;15;18;13;14;14;13;11;8;15;14;13;14;8;12;13;11;11;15;11;32.0;1.08;1.0;1.05;36.3;29.0;43.6;主力池;0;PASS;未知;前腰 (右左);前腰 (右左), 前锋 (中)
27164470;现役;Patrick Dorgu;丹麦;Manchester United;英超;英超;manual;20;185;精准;欠佳;左脚;左边锋;左边前卫、右边锋;左后卫、左翼卫;左边锋;1.0;0.95;0.9;63.1;59.9;56.8;£4900万 - £7900万;49.0;79.0;64.0;55.2;55.5;64.5;54.5;79.0;64.5;54.5;64.5;13;12;10;11;8;7;7;10;9;13;11;13;12;7;14;15;16;13;12;11;15;16;13;11;7;15;15;10;13;11;15;9;13;10;10;14;24.7;1.05;1.0;1.05;27.2;21.8;32.6;主力池;0;PASS;未知;中场 (左), 前腰 (右左);后卫/翼卫/中场 (左), 前腰 (右左)
2000108691;现役;Lewis Hall;英格兰;Newcastle;英超;英超;manual;20;179;精准;还行;左脚;左后卫;;左翼卫;左后卫;1.0;0.95;0.9;66.4;;59.8;£4900万 - £6400万;49.0;64.0;56.5;58.3;66.0;66.5;66.5;69.5;63.5;66.8;69.5;13;14;15;13;12;10;11;10;13;14;10;14;15;12;13;14;14;13;9;13;13;14;13;11;10;12;15;13;15;14;15;13;13;15;14;10;36.8;0.98;1.0;1.05;37.9;30.3;45.5;主力池;0;PASS;未知;;后卫/翼卫 (左)
28109599;现役;Emile Smith Rowe;英格兰;Fulham;英超;英超;manual;24;182;还行;精准;右脚;前腰;右边锋;中前卫、左边锋;前腰;1.0;0.95;0.9;69.2;65.7;62.3;£4900万 - £6300万;49.0;63.0;56.0;70.8;73.2;74.0;43.8;72.5;52.5;66.5;62.3;15;8;11;15;6;2;13;5;12;14;14;15;12;11;9;11;14;10;8;15;15;16;15;15;8;16;12;15;15;8;14;14;12;14;11;13;49.8;1.04;1.0;1.032;53.4;42.7;64.1;强援池;0;PASS;未知;前腰 (右);中场 (中), 前腰 (右左中)
29110623;现役;Ollie Watkins;英格兰;Aston Villa;英超;英超;manual;29;180;还行;精准;右脚;中锋;左边锋、右边锋;;中锋;1.0;0.95;0.9;69.2;65.7;;£4900万 - £6300万;49.0;63.0;56.0;70.8;63.0;65.8;44.3;73.8;75.5;60.3;78.0;13;7;14;13;6;5;12;15;7;13;15;13;12;8;15;17;14;18;13;12;15;15;15;13;13;16;19;12;17;9;16;12;12;11;15;10;49.8;1.08;1.0;1.032;55.5;44.4;66.6;强援池;0;PASS;未知;前腰 (右左);前腰 (右左), 前锋 (中)
49034219;现役;Jean-Philippe Mateta;法国;Crystal Palace;英超;英超;manual;27;192;不错;精准;右脚;中锋;;;中锋;1.0;0.95;0.9;66.2;;;£4900万 - £6300万;49.0;63.0;56.0;65.8;56.5;68.2;48.8;71.8;74.0;59.2;66.5;13;7;16;11;9;4;9;14;8;14;15;14;8;6;16;14;15;14;16;14;13;14;13;14;11;14;14;10;14;11;13;12;12;12;14;15;36.0;1.08;1.0;1.05;40.8;32.6;49.0;强援池;0;PASS;未知;;前锋 (中)
29129073;现役;Rico Henry;牙买加;Brentford;英超;英超;manual;27;170;精准;欠佳;左脚;左后卫;;左翼卫;左后卫;1.0;0.95;0.9;68.0;;61.2;£4900万 - £6000万;49.0;60.0;54.5;55.5;67.2;68.2;67.0;74.0;63.8;70.5;71.5;13;13;8;13;12;9;10;13;7;14;10;14;13;7;12;14;15;14;9;14;14;15;14;13;12;12;15;14;15;15;15;14;14;14;14;12;43.9;0.98;1.0;1.045;45.0;36.0;54.0;强援池;0;PASS;未知;;后卫/翼卫 (左)
37039829;现役;Kenny Tete;荷兰;Fulham;英超;英超;manual;29;180;还行;精准;右脚;右后卫;;右翼卫;右后卫;1.0;0.95;0.9;66.1;;59.5;£4900万 - £6000万;49.0;60.0;54.5;48.5;60.7;56.0;74.5;71.2;69.5;63.7;67.5;12;16;7;13;16;12;10;11;7;12;7;10;14;7;14;15;14;14;12;14;12;15;15;9;8;11;16;10;15;14;14;14;11;12;14;11;35.6;0.98;1.0;1.05;36.6;29.3;43.9;主力池;0;PASS;未知;;后卫/翼卫 (右)
78090138;现役;Darwin Núñez;乌拉圭;Al-Hilal;沙特联;沙特联;manual;25;187;不错;精准;右脚;中锋;左边锋;;中锋;1.0;0.95;0.9;68.0;64.6;;£4800万 - £7700万;48.0;77.0;62.5;69.8;62.8;67.2;47.0;76.8;68.0;60.5;66.2;15;10;14;11;7;4;12;12;9;13;15;12;12;4;14;14;17;13;15;12;14;14;14;15;5;15;15;13;15;8;15;13;10;12;13;16;43.9;1.08;1.0;1.05;49.8;39.8;59.8;强援池;0;PASS;未知;前腰 (左);前腰 (左), 前锋 (中)
49048348;现役;Dilane Bakwa;法国;Nottingham Forest;英超;英超;manual;22;179;精准;欠佳;左脚;左边锋;;右边锋;左边锋;1.0;0.95;0.9;65.6;;59.0;£4800万 - £7700万;48.0;77.0;62.5;56.0;64.8;77.5;36.5;75.2;56.2;58.2;60.8;15;5;8;13;5;6;8;8;8;16;10;16;14;7;11;12;15;12;9;11;15;16;13;17;8;15;13;11;13;7;13;11;12;14;13;8;33.6;1.05;1.0;1.05;37.0;29.6;44.4;主力池;0;PASS;未知;前腰 (左);前腰 (右左)
2000259904;现役;Giovanni Leoni;意大利;Liverpool;英超;英超;manual;18;195;不错;精准;右脚;中后卫;;;中后卫;1.0;0.95;0.9;61.9;;;£4800万 - £7600万;48.0;76.0;62.0;38.8;50.0;47.7;65.0;63.8;68.8;56.5;63.0;11;13;5;11;14;10;6;14;5;10;6;7;6;4;14;14;13;14;15;14;13;12;14;7;9;9;13;8;13;13;16;12;11;10;10;11;21.0;1.0;1.0;1.05;22.1;17.7;26.5;轮换池;0;PASS;未知;;后卫 (中)
29127852;现役;Lewis Cook;英格兰;Bournemouth;英超;英超;manual;27;175;还行;精准;右脚;后腰;右后卫;中前卫;后腰;1.0;0.95;0.9;69.1;65.6;62.2;£4800万 - £7600万;48.0;76.0;62.0;54.8;71.0;68.5;67.2;64.2;70.0;71.5;75.2;14;16;7;15;8;3;9;6;5;14;10;13;11;12;14;15;12;16;8;16;14;13;14;13;14;12;16;14;16;16;15;14;13;15;15;15;49.3;1.03;1.0;1.047;53.2;42.6;63.8;强援池;0;PASS;未知;后卫 (右);后卫 (右), 后腰, 中场 (中)
48042766;现役;Ismaïla Sarr;塞内加尔;Crystal Palace;英超;英超;manual;26;188;欠佳;精准;右脚;左边锋;左边前卫;前腰、右边前卫、右边锋、中锋;左边锋;1.0;0.95;0.9;66.0;62.7;59.4;£4800万 - £7600万;48.0;76.0;62.0;66.8;59.8;67.5;39.5;78.0;68.5;56.5;57.2;12;7;13;12;6;6;12;10;10;13;14;15;11;10;13;14;17;15;14;14;13;15;13;14;6;14;14;12;12;7;12;11;10;13;12;9;35.2;1.05;1.0;1.05;38.8;31.0;46.6;主力池;0;PASS;未知;中场 (左);中场 (右左), 前腰 (右左中), 前锋 (中)
48030711;现役;André-Franck Zambo Anguissa;喀麦隆;Napoli;意甲;意甲;manual;29;184;还行;精准;右脚;后腰;;中前卫;后腰;1.0;0.95;0.9;73.2;;65.9;£4800万 - £6200万;48.0;62.0;55.0;68.0;73.0;76.2;67.8;71.5;81.0;72.2;75.0;15;15;9;16;11;7;11;15;5;16;13;15;10;5;16;18;14;18;12;18;13;14;17;16;13;16;15;13;15;13;17;14;13;15;14;16;73.2;1.03;1.0;0.988;74.5;59.6;89.4;球星池;0;PASS;未知;后腰;后腰, 中场 (中)
48031641;现役;Olivier Boscagli;法国;Brighton;英超;英超;manual;27;181;精准;还行;左脚;中后卫;左后卫、后腰;;中后卫;1.0;0.95;0.9;66.8;63.5;;£4800万 - £5900万;48.0;59.0;53.5;54.8;68.5;59.5;65.3;66.0;68.5;65.8;74.5;13;13;11;14;12;5;12;13;15;14;8;10;13;12;12;16;13;13;12;15;12;13;12;9;14;13;16;14;16;14;15;13;14;14;15;10;38.5;1.0;1.0;1.05;40.4;32.3;48.5;强援池;0;PASS;未知;后卫 (左), 后腰;后卫 (左中), 后腰
62124117;现役;Saša Lukić;塞尔维亚;Fulham;英超;英超;manual;28;182;不错;精准;右脚;后腰;前腰;中前卫;后腰;1.0;0.95;0.9;65.3;62.0;58.8;£4800万 - £5800万;48.0;58.0;53.0;61.8;65.5;64.2;64.5;66.0;66.5;67.2;65.2;13;15;14;14;10;4;12;11;7;13;11;12;11;14;13;15;13;14;11;14;13;13;14;14;10;13;14;12;13;13;14;14;13;14;12;14;32.4;1.03;1.0;1.05;35.0;28.0;42.0;主力池;0;PASS;未知;前腰 (中);后腰, 中场/前腰 (中)
45104245;现役;Ao Tanaka;日本;Leeds;英超;英超;manual;26;180;欠佳;精准;右脚;中前卫;;后腰;中前卫;1.0;0.95;0.9;67.4;;60.7;£4800万 - £5800万;48.0;58.0;53.0;62.0;73.2;68.8;61.0;65.8;61.5;67.5;71.5;15;12;11;15;12;6;12;8;12;15;11;12;10;12;10;15;13;14;10;12;16;12;13;12;12;14;15;15;16;12;15;14;12;15;14;13;41.1;1.02;1.0;1.05;44.1;35.3;52.9;强援池;0;PASS;未知;;后腰, 中场 (中)
37084510;现役;Ryan Flamingo;荷兰;PSV;荷甲;荷甲;manual;22;187;还行;精准;右脚;中后卫;;后腰;中后卫;1.0;0.95;0.9;66.7;;60.0;£4700万 - £7500万;47.0;75.0;61.0;48.5;58.0;56.2;68.8;62.5;75.5;58.5;68.2;12;14;8;14;14;7;6;14;8;12;10;10;5;4;16;15;12;15;14;15;14;12;11;7;12;11;15;9;14;15;13;12;12;13;15;13;38.1;1.0;1.0;1.05;40.0;32.0;48.0;强援池;0;PASS;未知;;后卫 (中), 后腰
29147447;现役;Matty Cash;波兰;Aston Villa;英超;英超;manual;27;185;不错;精准;右脚;右翼卫;;右后卫;右翼卫;1.0;0.95;0.9;66.8;;60.1;£4700万 - £6000万;47.0;60.0;53.5;65.5;65.0;66.8;63.8;70.5;66.8;65.0;71.2;14;14;8;13;11;17;13;12;10;14;12;13;13;10;13;15;14;15;10;13;14;14;16;11;9;15;16;12;16;12;15;13;11;13;14;16;38.5;1.0;1.0;1.05;40.4;32.3;48.5;强援池;0;PASS;未知;翼卫 (右);后卫/翼卫 (右)
67211695;现役;Théo Hernández;法国;Al-Hilal;沙特联;沙特联;manual;27;184;精准;欠佳;左脚;左翼卫、左后卫;;;左翼卫;1.0;0.95;0.9;68.2;;;£4700万 - £6000万;47.0;60.0;53.5;67.5;64.8;64.5;64.2;77.2;70.8;66.0;68.2;13;13;10;13;12;12;14;13;11;13;12;13;15;11;14;15;17;15;13;13;14;14;14;11;14;16;13;12;12;13;14;14;12;14;15;18;44.9;1.0;1.0;1.04;46.6;37.3;55.9;强援池;0;PASS;未知;;后卫/翼卫 (左)
67197125;现役;Marco Asensio;西班牙;Fenerbahçe;土超;土超;manual;28;182;精准;还行;左脚;前腰;左边锋;中前卫、右边锋;前腰;1.0;0.95;0.9;74.9;71.2;67.4;£4700万 - £5700万;47.0;57.0;52.0;78.8;82.2;80.0;42.2;64.5;62.5;73.8;67.2;17;5;14;17;6;6;18;8;15;17;15;16;13;15;11;13;13;16;10;13;12;13;17;17;13;15;11;16;14;9;17;16;13;15;13;7;85.0;1.04;1.0;0.972;85.9;68.7;103.1;球星池;0;PASS;未知;前腰 (左);中场 (中), 前腰 (右左中)
2000103798;现役;Chemsdine Talbi;摩洛哥;Sunderland;英超;英超;manual;19;175;不错;精准;右脚;左边锋;;右边锋;左边锋;1.0;0.95;0.9;64.2;;57.8;£4600万 - £7400万;46.0;74.0;60.0;61.0;67.0;68.5;49.0;71.5;54.5;59.0;57.0;14;8;7;13;9;9;12;9;11;14;13;14;15;8;11;11;15;13;8;10;12;15;12;15;8;13;15;14;12;12;10;11;9;11;13;9;28.3;1.05;1.0;1.05;31.3;25.0;37.6;主力池;0;PASS;未知;;前腰 (右左)
52101552;现役;Jake O'Brien;爱尔兰;Everton;英超;英超;manual;23;197;还行;精准;右脚;中后卫;;右后卫;中后卫;1.0;0.95;0.9;65.7;;59.1;£4600万 - £7400万;46.0;74.0;60.0;42.5;51.2;49.8;70.2;72.0;71.8;56.8;69.2;11;15;4;11;14;15;4;16;6;13;8;9;10;4;15;14;16;10;18;14;9;14;12;3;15;11;14;7;12;14;14;12;13;13;15;14;33.9;1.0;1.0;1.05;35.6;28.5;42.7;主力池;0;PASS;未知;;后卫 (右中)
49041006;现役;Evann Guessand;科特迪瓦;Crystal Palace;英超;英超;manual;23;188;不错;精准;右脚;左边锋;;前腰、右边前卫、右边锋、中锋;左边锋;1.0;0.95;0.9;65.6;;59.0;£4600万 - £7300万;46.0;73.0;59.5;64.8;61.8;67.2;43.8;71.8;69.5;59.8;65.8;13;8;12;12;5;4;13;12;6;14;13;13;10;7;13;14;14;15;14;14;14;15;13;14;7;14;14;12;14;10;15;13;11;11;14;12;33.6;1.05;1.0;1.05;37.0;29.6;44.4;主力池;0;PASS;未知;前腰 (左);中场 (右), 前腰 (右左中), 前锋 (中)
29165656;现役;Ryan Sessegnon;英格兰;Fulham;英超;英超;manual;24;178;精准;欠佳;左脚;左边锋;左边前卫;左后卫、左翼卫;左边锋;1.0;0.95;0.9;65.4;62.1;58.9;£4600万 - £7300万;46.0;73.0;59.5;62.5;63.0;62.8;59.2;79.0;58.0;63.8;57.8;14;12;10;12;12;10;11;7;9;10;12;12;12;9;8;16;16;17;8;13;14;16;13;14;10;15;15;14;14;12;12;12;12;13;7;4;32.8;1.05;1.0;1.05;36.1;28.9;43.3;主力池;0;PASS;未知;中场 (左);后卫/翼卫/中场/前腰 (左)
62215974;现役;Jaka Bijol;斯洛文尼亚;Leeds;英超;英超;manual;25;190;欠佳;精准;右脚;中后卫;;;中后卫;1.0;0.95;0.9;68.5;;;£4600万 - £7300万;46.0;73.0;59.5;48.5;54.0;48.2;72.2;61.8;77.2;64.5;72.2;11;15;7;12;14;9;9;18;6;12;9;7;7;4;18;13;13;17;16;14;10;12;15;7;14;8;14;8;15;14;15;14;15;13;13;16;46.3;1.0;1.0;1.05;48.6;38.9;58.3;强援池;0;PASS;未知;;后卫 (中)
2000288469;现役;Veljko Milosavljević;塞尔维亚;Bournemouth;英超;英超;manual;17;192;还行;精准;右脚;中后卫;;;中后卫;1.0;0.95;0.9;63.0;;;£4600万 - £5600万;46.0;56.0;51.0;45.2;55.8;50.0;69.8;52.8;65.5;60.2;62.2;11;15;10;13;14;5;10;15;8;11;7;9;6;5;13;12;10;12;16;13;10;11;13;7;11;8;13;9;12;13;12;13;14;12;13;12;24.3;1.0;1.0;1.05;25.6;20.5;30.7;主力池;0;PASS;未知;;后卫 (中)
91205962;现役;Omar Marmoush;埃及;Manchester City;英超;英超;manual;25;183;还行;精准;右脚;左边锋;前腰、右边锋;中锋;左边锋;1.0;0.95;0.9;72.6;69.0;65.3;£4500万 - £7200万;45.0;72.0;58.5;74.5;69.8;76.5;45.0;78.5;64.8;69.0;68.8;15;8;16;13;7;6;14;11;18;14;14;16;12;15;13;13;16;14;11;15;16;16;16;16;12;16;15;15;13;7;16;14;13;16;11;13;69.3;1.05;1.0;0.999;72.7;58.2;87.2;球星池;0;PASS;未知;前腰 (右中);前腰 (右左中), 前锋 (中)
2000218544;现役;Rayan;巴西;Bournemouth;英超;英超;manual;18;185;精准;欠佳;左脚;中锋;;右边锋;中锋;1.0;0.95;0.9;64.9;;58.4;£4500万 - £7200万;45.0;72.0;58.5;66.8;56.0;65.8;40.8;73.5;68.5;55.5;61.2;13;7;11;11;7;7;13;11;11;13;14;13;11;7;15;13;15;14;13;14;14;15;12;13;7;14;13;9;12;7;15;13;11;13;12;10;30.9;1.08;1.0;1.05;35.0;28.0;42.0;主力池;0;PASS;未知;;前腰 (右), 前锋 (中)
28112986;现役;Callum Hudson-Odoi;英格兰;Nottingham Forest;英超;英超;manual;24;182;不错;精准;右脚;前腰;左边前卫、右边前卫;左边锋、右边锋;前腰;1.0;0.95;0.9;65.9;62.6;59.3;£4500万 - £7100万;45.0;71.0;58.0;56.0;74.0;75.2;39.2;75.2;52.3;60.7;50.5;15;7;11;15;7;5;8;7;12;16;11;15;14;12;8;12;15;12;11;12;15;16;11;15;5;14;12;14;10;7;12;15;11;13;8;8;34.7;1.04;1.0;1.05;37.9;30.3;45.5;主力池;0;PASS;未知;中场 (右左), 前腰 (中);中场 (右左), 前腰 (右左中)
55070307;现役;Rúben Neves;葡萄牙;Al-Hilal;沙特联;沙特联;manual;27;180;还行;精准;右脚;中前卫;;后腰;中前卫;1.0;0.95;0.9;70.8;;63.7;£4500万 - £5900万;45.0;59.0;52.0;64.0;82.0;68.8;64.2;58.7;64.2;74.2;71.5;17;13;17;17;11;7;15;9;14;15;11;12;13;15;12;14;11;14;11;14;12;12;15;10;16;10;13;17;17;14;15;15;13;16;12;14;58.4;1.02;1.0;1.004;59.9;47.9;71.9;强援池;0;PASS;未知;;后腰, 中场 (中)
29193659;现役;Jacob Ramsey;英格兰;Newcastle;英超;英超;manual;23;180;不错;精准;右脚;左边锋;;中前卫、前腰;左边锋;1.0;0.95;0.9;68.6;;61.7;£4500万 - £5900万;45.0;59.0;52.0;67.2;65.8;72.3;55.5;71.8;67.5;65.5;67.5;14;10;9;13;10;7;12;9;7;14;14;16;11;8;13;14;14;15;11;13;14;15;14;13;8;14;14;13;14;11;15;13;12;15;16;9;46.8;1.05;1.0;1.03;50.6;40.5;60.7;强援池;0;PASS;未知;;中场 (中), 前腰 (左中)
29189400;现役;Brennan Johnson;威尔士;Crystal Palace;英超;英超;manual;23;186;不错;精准;右脚;中锋;左边前卫;前腰、右边前卫、左边锋、右边锋;中锋;1.0;0.95;0.9;63.8;60.6;57.4;£4400万 - £7000万;44.0;70.0;57.0;73.5;52.8;55.8;38.8;74.8;58.8;56.0;53.5;11;6;14;10;7;6;11;8;11;11;16;10;11;10;10;13;15;13;12;14;13;16;14;12;8;17;12;11;13;7;12;10;10;14;8;7;27.0;1.08;1.0;1.05;30.6;24.5;36.7;主力池;0;PASS;未知;中场 (左), 前锋 (中);中场 (右左), 前腰 (右左中), 前锋 (中)
29194724;现役;Antoine Semenyo;加纳;Manchester City;英超;英超;manual;25;178;强势;精准;左脚;左边锋;;右边锋、中锋;左边锋;1.0;0.95;0.9;70.1;;63.1;£4400万 - £7000万;44.0;70.0;57.0;72.0;65.8;78.2;38.2;76.2;66.8;61.0;60.0;15;7;10;12;5;14;13;10;7;16;16;16;11;6;14;14;15;14;11;14;15;16;12;17;8;15;12;13;13;7;13;13;11;15;12;14;54.5;1.05;1.0;1.022;58.5;46.8;70.2;强援池;0;PASS;未知;;前腰 (右左), 前锋 (中)
29090530;现役;Solly March;英格兰;Brighton;英超;英超;manual;30;180;精准;欠佳;左脚;左边锋;左翼卫、右翼卫、左边前卫、右边前卫;右边锋;左边锋;1.0;0.95;0.9;66.5;63.2;59.9;£4400万 - £7000万;44.0;70.0;57.0;63.0;66.5;70.3;56.8;70.0;59.2;65.8;67.0;14;12;10;13;8;4;14;8;13;14;12;15;15;13;10;15;14;12;10;13;13;14;12;13;8;13;16;12;16;13;14;15;14;13;11;9;37.2;1.05;1.0;1.05;41.0;32.8;49.2;强援池;0;PASS;未知;翼卫/中场 (右左), 前腰 (左);翼卫/中场/前腰 (右左)
49038271;现役;Maxence Lacroix;法国;Crystal Palace;英超;英超;manual;24;190;还行;精准;右脚;中后卫;;;中后卫;1.0;0.95;0.9;68.9;;;£4400万 - £5700万;44.0;57.0;50.5;41.2;59.2;59.5;71.2;77.0;71.8;65.5;72.3;12;14;6;12;15;7;6;15;3;12;7;11;7;3;15;12;17;15;15;14;13;15;15;12;13;8;14;12;13;14;16;13;12;12;16;16;48.3;1.0;1.0;1.022;49.4;39.5;59.3;强援池;0;PASS;未知;;后卫 (中)
53143395;现役;Jørgen Strand Larsen;挪威;Crystal Palace;英超;英超;manual;24;194;还行;精准;右脚;中锋;;;中锋;1.0;0.95;0.9;67.1;;;£4400万 - £5700万;44.0;57.0;50.5;69.0;63.5;66.8;46.0;67.8;73.0;63.0;65.0;14;7;12;13;8;6;12;14;6;12;14;13;6;5;16;13;14;13;16;15;14;13;14;14;8;16;14;13;15;8;12;13;14;13;14;13;39.8;1.08;1.0;1.048;45.1;36.1;54.1;强援池;0;PASS;未知;;前锋 (中)
37065567;现役;Crysencio Summerville;荷兰;West Ham;英超;英超;manual;23;174;不错;精准;右脚;左边锋;左边前卫;右边锋;左边锋;1.0;0.95;0.9;63.2;60.0;56.9;£4400万 - £5700万;44.0;57.0;50.5;58.3;57.0;72.8;29.2;82.5;46.2;51.8;50.8;13;5;11;11;4;2;13;5;10;13;10;16;11;11;5;13;16;11;5;14;17;18;13;15;5;12;12;11;10;4;13;10;8;13;9;7;25.0;1.05;1.0;1.05;27.5;22.0;33.0;主力池;0;PASS;未知;中场 (左);中场 (左), 前腰 (右左)
27069975;现役;Joachim Andersen;丹麦;Fulham;英超;英超;manual;28;192;不错;精准;右脚;中后卫;;;中后卫;1.0;0.95;0.9;69.0;;;£4400万 - £5700万;44.0;57.0;50.5;49.5;72.0;59.8;70.2;59.5;71.2;71.5;69.5;14;14;10;16;14;5;8;14;11;13;8;10;12;8;15;13;11;14;17;13;11;13;16;11;14;9;12;14;14;13;15;13;15;16;13;16;48.8;1.0;1.0;1.021;49.8;39.8;59.8;强援池;0;PASS;未知;;后卫 (中)
62191195;现役;Nikola Milenković;塞尔维亚;Nottingham Forest;英超;英超;manual;27;195;欠佳;精准;右脚;中后卫;;;中后卫;1.0;0.95;0.9;69.7;;;£4400万 - £5700万;44.0;57.0;50.5;45.5;61.5;53.5;73.0;66.8;75.8;65.0;72.5;14;15;6;13;15;9;5;16;6;11;10;8;8;5;16;13;14;16;17;14;12;13;15;7;11;8;15;11;15;14;15;14;13;12;15;17;52.4;1.0;1.0;1.013;53.1;42.5;63.7;强援池;0;PASS;未知;;后卫 (中)
28111079;现役;Calvin Bassey;尼日利亚;Fulham;英超;英超;manual;25;185;精准;欠佳;左脚;中后卫;;左后卫;中后卫;1.0;0.95;0.9;69.1;;62.2;£4400万 - £5700万;44.0;57.0;50.5;46.5;51.5;56.8;70.8;72.8;83.3;60.8;63.8;12;14;9;11;15;14;7;15;7;10;7;12;12;9;18;19;15;16;16;13;10;14;13;11;10;12;15;7;12;14;10;13;13;13;16;15;49.3;1.0;1.0;1.02;50.3;40.2;60.4;强援池;0;PASS;未知;;后卫 (左中)
29162667;现役;Marcus Tavernier;英格兰;Bournemouth;英超;英超;manual;25;178;精准;不错;左脚;左边锋;中前卫、左边前卫;前腰、右边锋;左边锋;1.0;0.95;0.9;64.1;60.9;57.7;£4400万 - £5600万;44.0;56.0;50.0;58.0;61.8;71.2;49.3;72.2;57.7;56.8;63.8;16;8;10;12;10;6;11;6;11;13;10;14;12;14;10;15;14;10;10;13;14;15;14;14;12;15;15;11;16;10;12;11;10;10;11;10;28.0;1.05;1.0;1.05;30.9;24.7;37.1;主力池;0;PASS;未知;中场 (左中);中场 (左中), 前腰 (右左中)
11022221;现役;Vedat Muriqi;科索沃;Mallorca;西甲;西甲;majority_high;30;194;精准;还行;左脚;中锋;;;中锋;1.0;0.95;0.9;68.0;;;£4400万 - £5400万;44.0;54.0;49.0;70.2;61.0;56.2;55.0;58.0;85.2;69.5;87.0;12;9;15;12;8;6;12;17;6;11;14;10;9;5;18;17;12;15;17;17;10;10;16;12;14;15;19;13;19;11;17;14;16;14;18;16;43.9;1.08;1.0;1.031;48.9;39.1;58.7;强援池;0;PASS;未知;;前锋 (中)
24016925;现役;Mateo Kovačić;克罗地亚;Manchester City;英超;英超;manual;30;176;还行;精准;右脚;中前卫;;后腰;中前卫;1.0;0.95;0.9;70.4;;63.4;£4400万 - £5400万;44.0;54.0;49.0;55.0;72.8;77.0;67.0;70.8;65.0;71.8;74.5;16;15;12;14;12;7;9;10;12;16;8;16;10;10;13;14;14;12;9;16;12;15;15;14;11;13;17;15;15;13;17;14;11;17;14;14;56.2;1.02;1.0;1.002;57.4;45.9;68.9;强援池;0;PASS;未知;;后腰, 中场 (中)
2000181790;现役;Eli Junior Kroupi;法国;Bournemouth;英超;英超;manual;18;179;还行;精准;右脚;中锋;前腰;;中锋;1.0;0.95;0.9;66.1;62.8;;£4300万 - £6900万;43.0;69.0;56.0;70.0;65.5;72.2;40.8;72.2;53.5;62.8;57.7;16;7;15;12;7;5;13;11;10;13;15;14;11;8;7;13;14;14;10;13;16;15;13;14;7;13;14;13;13;7;13;14;12;15;8;9;35.6;1.08;1.0;1.05;40.3;32.2;48.4;强援池;0;PASS;未知;前腰 (中);前腰 (中), 前锋 (中)
28084930;现役;Alex Iwobi;尼日利亚;Fulham;英超;英超;manual;28;180;欠佳;精准;右脚;前腰;右边锋;中前卫、左边锋;前腰;1.0;0.95;0.9;68.7;65.3;61.8;£4300万 - £6800万;43.0;68.0;55.5;67.0;71.2;69.2;56.0;68.2;66.0;70.5;65.2;14;11;11;14;8;4;13;8;9;13;13;14;14;9;12;16;13;13;12;15;13;14;13;15;8;15;15;15;15;14;15;15;13;14;10;9;47.3;1.04;1.0;1.037;51.0;40.8;61.2;强援池;0;PASS;未知;前腰 (右);中场 (中), 前腰 (右左中)
2000006186;现役;Lesley Ugochukwu;法国;Burnley;英超;英超;manual;20;188;还行;精准;右脚;后腰;;中前卫;后腰;1.0;0.95;0.9;63.9;;57.5;£4300万 - £6800万;43.0;68.0;55.5;53.2;63.5;61.2;65.8;61.5;69.8;63.0;59.8;12;14;10;14;12;5;11;13;10;13;9;12;10;10;16;14;12;12;14;13;13;12;13;11;6;11;14;12;14;14;11;12;12;13;13;11;27.3;1.03;1.0;1.05;29.5;23.6;35.4;主力池;0;PASS;未知;;后腰, 中场 (中)
2000007415;现役;Andrey Santos;巴西;Chelsea;英超;英超;manual;20;181;还行;精准;右脚;后腰;;中前卫;后腰;1.0;0.95;0.9;66.2;;59.6;£4300万 - £5600万;43.0;56.0;49.5;58.0;66.5;67.8;67.8;66.0;66.0;64.8;66.0;14;14;9;14;14;9;12;14;9;13;11;13;9;8;13;14;13;14;12;13;14;13;13;15;10;12;14;13;15;13;13;13;13;12;13;13;36.0;1.03;1.0;1.05;38.9;31.1;46.7;主力池;0;PASS;未知;后腰;后腰, 中场 (中)
28100477;现役;Joe Rodon;威尔士;Leeds;英超;英超;manual;27;193;还行;精准;右脚;中后卫;;;中后卫;1.0;0.95;0.9;65.4;;;£4300万 - £5300万;43.0;53.0;48.0;28.8;53.7;59.0;67.0;73.0;69.5;60.7;71.8;12;14;5;12;12;10;3;15;3;11;2;13;7;4;16;13;15;12;16;10;13;15;14;9;14;8;14;8;14;14;15;13;12;12;16;14;32.8;1.0;1.0;1.05;34.4;27.5;41.3;主力池;0;PASS;未知;;后卫 (中)
93023425;现役;Victor Lindelöf;瑞典;Aston Villa;英超;英超;manual;30;187;不错;精准;右脚;中后卫;;;中后卫;1.0;0.95;0.9;66.8;;;£4300万 - £5300万;43.0;53.0;48.0;38.8;66.5;62.8;70.5;66.5;69.0;66.2;59.2;14;14;12;14;15;10;4;15;6;14;7;12;10;3;13;16;13;16;14;13;13;13;14;7;11;6;13;12;14;15;12;14;13;13;9;8;38.5;1.0;1.0;1.046;40.3;32.2;48.4;强援池;0;PASS;未知;;后卫 (中)
2000227373;现役;Stefanos Tzimas;希腊;Brighton;英超;英超;manual;19;186;还行;精准;右脚;中锋;;;中锋;1.0;0.95;0.9;63.6;;;£4300万 - £5300万;43.0;53.0;48.0;65.8;52.7;67.5;40.2;70.8;62.2;55.2;66.8;14;7;13;10;6;6;11;13;10;12;14;14;8;6;12;13;14;12;13;12;13;15;13;15;10;14;14;9;11;6;16;11;13;13;13;13;26.3;1.08;1.0;1.05;29.8;23.8;35.8;主力池;0;PASS;未知;;前锋 (中)
2000102845;现役;Mika Godts;比利时;Ajax;荷甲;荷甲;manual;19;176;还行;精准;右脚;左边锋;前腰;右边锋;左边锋;1.0;0.95;0.9;63.5;60.3;57.1;£4300万 - £5300万;43.0;53.0;48.0;55.0;66.2;74.0;38.8;71.2;51.8;56.2;61.2;14;7;14;14;5;8;9;8;9;14;12;16;13;13;7;12;14;13;7;12;15;15;11;16;7;10;14;12;10;7;14;12;12;12;14;9;26.0;1.05;1.0;1.05;28.6;22.9;34.3;主力池;0;PASS;未知;前腰 (中);前腰 (右左中)
49037698;现役;Amine Adli;摩洛哥;Bournemouth;英超;英超;manual;24;174;精准;还行;左脚;左边锋;左边前卫、右边前卫;前腰、右边锋;左边锋;1.0;0.95;0.9;65.2;61.9;58.7;£4200万 - £6800万;42.0;68.0;55.0;60.5;63.0;72.0;42.8;75.8;56.0;56.8;62.5;14;8;12;13;7;6;11;12;12;13;12;15;11;12;10;12;15;12;10;12;16;16;13;16;7;13;14;12;13;7;14;11;11;12;12;13;32.0;1.05;1.0;1.05;35.3;28.2;42.4;主力池;0;PASS;未知;中场 (右左);中场 (右左), 前腰 (右左中)
28127066;现役;Jaden Philogene;英格兰;Ipswich;英冠;英冠;majority_high;22;181;不错;精准;右脚;左边锋;;左边前卫、右边前卫、右边锋;左边锋;1.0;0.95;0.9;65.3;;58.8;£4200万 - £6700万;42.0;67.0;54.5;68.8;61.5;72.8;46.5;74.8;50.5;54.5;52.5;16;10;8;12;6;3;16;6;9;13;15;15;13;9;8;12;15;11;10;9;14;16;13;16;7;13;15;11;11;11;9;10;7;10;12;8;32.4;1.05;1.0;1.05;35.7;28.6;42.8;主力池;0;PASS;未知;;中场/前腰 (右左)
43500350;现役;Wilfried Gnonto;意大利;Leeds;英超;英超;manual;21;170;还行;精准;右脚;左边锋;;前腰、右边锋、中锋;左边锋;1.0;0.95;0.9;63.6;;57.2;£4200万 - £6700万;42.0;67.0;54.5;59.8;56.8;72.2;34.8;73.0;64.5;52.0;62.8;15;5;10;11;3;2;9;8;5;14;13;13;11;6;14;11;14;17;5;18;16;16;12;15;5;14;12;10;14;8;15;8;13;11;12;14;26.3;1.05;1.0;1.05;29.0;23.2;34.8;主力池;0;PASS;未知;;前腰 (右左中), 前锋 (中)
85104424;现役;Kingsley Coman;法国;Al-Nassr;沙特联;沙特联;manual;28;179;还行;精准;右脚;左边锋、右边锋;左边前卫、右边前卫;;左边锋;1.0;0.95;0.9;68.3;64.9;;£4200万 - £6700万;42.0;67.0;54.5;57.8;70.5;82.0;44.0;76.8;56.5;59.5;61.0;17;8;11;14;8;6;12;8;10;15;10;17;12;12;9;13;15;10;10;15;17;16;13;16;9;13;13;13;13;7;13;13;11;12;12;12;45.3;1.05;1.0;1.041;49.5;39.6;59.4;强援池;0;PASS;未知;中场 (右左);中场/前腰 (右左)
29186052;现役;Matt O'Riley;丹麦;Brighton;英超;英超;manual;24;187;精准;不错;左脚;前腰;;中前卫;前腰;1.0;0.95;0.9;68.0;;61.2;£4200万 - £6700万;42.0;67.0;54.5;67.2;74.5;69.2;54.0;60.5;64.8;69.5;58.8;15;12;8;14;8;5;12;11;8;15;13;13;12;14;13;13;12;14;14;14;12;12;14;13;9;16;12;17;13;11;14;14;12;15;8;12;43.9;1.04;1.0;1.045;47.7;38.2;57.2;强援池;0;PASS;未知;;中场/前腰 (中)
19273276;现役;Éder Militão;巴西;Real Madrid;西甲;西甲;manual;27;186;欠佳;精准;右脚;中后卫;;;中后卫;1.0;0.95;0.9;72.9;;;£4200万 - £6600万;42.0;66.0;54.0;53.8;64.0;60.8;76.2;72.8;78.2;67.5;74.2;12;16;13;14;15;11;11;16;10;12;8;12;10;9;16;15;15;18;14;15;14;14;15;10;16;12;16;12;13;16;15;14;12;12;16;15;71.2;1.0;1.0;0.989;70.4;56.3;84.5;球星池;0;PASS;未知;;后卫 (中)
28113828;现役;Jeremie Frimpong;荷兰;Liverpool;英超;英超;manual;24;172;还行;精准;右脚;右边锋;;右后卫、右翼卫、右边前卫;右边锋;1.0;0.95;0.9;67.1;;60.4;£4200万 - £6600万;42.0;66.0;54.0;58.5;61.2;73.0;51.0;85.8;58.2;55.2;63.5;14;11;10;12;9;8;9;6;7;12;12;16;13;10;9;15;17;16;6;12;17;18;12;16;6;15;15;12;13;9;14;11;10;10;13;14;39.8;1.05;1.0;1.05;43.9;35.1;52.7;强援池;0;PASS;未知;前腰 (右);后卫/翼卫/中场/前腰 (右)
29142052;现役;Max Kilman;英格兰;West Ham;英超;英超;manual;27;194;精准;不错;左脚;中后卫;;;中后卫;1.0;0.95;0.9;63.5;;;£4200万 - £6600万;42.0;66.0;54.0;42.0;66.5;65.2;67.2;67.2;60.5;63.8;57.2;14;14;2;14;14;7;7;12;10;13;6;13;11;4;11;13;14;11;15;13;13;13;13;11;6;11;12;13;12;14;15;12;12;13;9;7;26.0;1.0;1.0;1.05;27.3;21.8;32.8;主力池;0;PASS;未知;;后卫 (中)
28111507;现役;Tyrick Mitchell;英格兰;Crystal Palace;英超;英超;manual;25;175;精准;还行;左脚;左后卫;;左翼卫;左后卫;1.0;0.95;0.9;67.1;;60.4;£4200万 - £5500万;42.0;55.0;48.5;48.0;60.7;60.2;73.5;75.5;68.8;65.2;67.8;12;17;7;12;13;11;8;11;7;11;7;12;12;7;13;16;15;16;9;15;15;15;13;10;8;13;15;13;16;15;13;12;14;13;13;15;39.8;0.98;1.0;1.043;40.7;32.6;48.8;强援池;0;PASS;未知;;后卫/翼卫 (左)
29179717;现役;Pedro Neto;葡萄牙;Chelsea;英超;英超;manual;24;172;精准;还行;左脚;左边锋;前腰;右边锋;左边锋;1.0;0.95;0.9;66.1;62.8;59.5;£4200万 - £5200万;42.0;52.0;47.0;61.8;64.5;78.7;32.0;78.0;50.2;51.8;62.5;16;5;10;13;5;3;13;7;11;13;13;18;14;13;7;12;16;14;7;11;16;16;9;16;7;13;16;11;11;6;15;12;10;12;11;11;35.6;1.05;1.0;1.05;39.2;31.4;47.0;主力池;0;PASS;未知;前腰 (中);前腰 (右左中)
28121369;现役;Armando Broja;阿尔巴尼亚;Burnley;英超;英超;manual;23;191;还行;精准;右脚;左边锋;右边锋;中锋;左边锋;1.0;0.95;0.9;61.9;58.8;55.7;£4200万 - £5100万;42.0;51.0;46.5;62.0;49.0;68.0;37.5;72.5;65.2;51.5;58.2;13;8;12;8;5;7;8;12;7;13;14;15;8;7;14;13;15;10;14;15;12;15;13;13;11;14;13;9;12;6;12;11;8;12;11;14;21.0;1.05;1.0;1.05;23.2;18.6;27.8;轮换池;0;PASS;未知;前腰 (右左);前腰 (右左), 前锋 (中)
71080414;现役;Viktor Tsygankov;乌克兰;Girona;西甲;西甲;manual;27;178;精准;不错;左脚;前腰;左边前卫、左边锋;右边前卫、右边锋;前腰;1.0;0.95;0.9;66.4;63.1;59.8;£4100万 - £6600万;41.0;66.0;53.5;61.5;72.0;74.5;41.2;71.3;57.2;60.0;59.2;16;8;15;14;6;9;12;7;14;15;11;15;13;14;12;13;14;12;9;12;14;15;12;14;13;14;11;15;11;8;15;12;11;13;9;10;36.8;1.04;1.0;1.05;40.2;32.2;48.2;强援池;0;PASS;未知;中场 (左), 前腰 (左中);中场 (右左), 前腰 (右左中)
91144914;现役;Kevin Danso;奥地利;Tottenham Hotspur;英超;英超;manual;26;190;还行;精准;右脚;中后卫;;;中后卫;1.0;0.95;0.9;66.7;;;£4100万 - £6600万;41.0;66.0;53.5;52.5;54.5;49.5;68.8;73.0;74.5;60.2;68.2;10;13;10;13;14;17;7;15;5;12;10;8;7;5;15;13;16;16;17;14;12;14;14;7;10;13;15;8;12;15;15;13;12;11;15;13;38.1;1.0;1.0;1.05;40.0;32.0;48.0;强援池;0;PASS;未知;;后卫 (中)
37055844;现役;Donyell Malen;荷兰;Roma;意甲;意甲;manual;26;176;还行;精准;右脚;左边锋;;右边锋、中锋;左边锋;1.0;0.95;0.9;66.9;;60.2;£4100万 - £6600万;41.0;66.0;53.5;70.0;61.5;71.2;36.8;78.5;60.8;56.8;55.5;14;6;13;12;6;6;13;12;11;13;15;15;12;12;13;13;16;13;10;13;16;16;14;14;7;14;13;12;11;6;13;11;10;13;9;11;38.9;1.05;1.0;1.05;42.9;34.3;51.5;强援池;0;PASS;未知;;前腰 (右左), 前锋 (中)
12095038;现役;Malick Yalcouyé;马里;Swansea;英冠;英冠;majority_high;19;169;还行;精准;右脚;中前卫;前腰;后腰;中前卫;1.0;0.95;0.9;60.6;57.6;54.5;£4100万 - £6500万;41.0;65.0;53.0;52.5;60.2;60.5;56.5;68.8;60.0;60.7;69.2;12;12;8;12;9;5;11;6;7;13;8;12;9;7;10;16;13;15;7;10;14;14;12;10;7;13;16;12;14;12;15;13;11;13;15;15;17.5;1.02;1.0;1.05;18.7;15.0;22.4;轮换池;0;PASS;未知;前腰 (中);后腰, 中场/前腰 (中)
28090452;现役;Ola Aina;尼日利亚;Nottingham Forest;英超;英超;manual;28;184;强势;精准;左脚;左翼卫;左边前卫、右边前卫;左后卫、右后卫、右翼卫;左翼卫;1.0;0.95;0.9;60.3;57.3;54.3;£4100万 - £6500万;41.0;65.0;53.0;41.0;55.7;60.5;51.0;83.2;60.2;54.8;58.8;12;12;5;11;9;12;6;11;4;11;7;12;12;5;10;14;17;16;11;12;13;18;9;14;7;11;15;10;13;9;12;13;12;12;9;11;16.7;1.0;1.0;1.05;17.6;14.1;21.1;基础池;0;PASS;未知;中场 (右左);后卫/翼卫/中场 (右左)
28120046;现役;Taylor Harwood-Bellis;英格兰;Southampton;英冠;英冠;majority_high;22;188;还行;精准;右脚;中后卫;;;中后卫;1.0;0.95;0.9;64.0;;;£4100万 - £6500万;41.0;65.0;53.0;39.5;55.2;50.0;69.8;62.2;65.5;61.2;66.8;12;14;7;12;15;10;6;14;7;10;7;9;7;7;14;12;13;14;14;12;12;12;13;5;13;6;13;10;13;14;15;12;13;14;12;13;27.6;1.0;1.0;1.05;29.0;23.2;34.8;主力池;0;PASS;未知;;后卫 (中)
55041623;现役;João Cancelo;葡萄牙;Barcelona;西甲;西甲;manual;30;182;不错;精准;右脚;左翼卫;;左后卫、右后卫、右翼卫;左翼卫;1.0;0.95;0.9;68.0;;61.2;£4100万 - £5300万;41.0;53.0;47.0;64.8;78.7;79.8;57.8;67.8;61.0;66.5;60.0;17;13;11;16;9;14;13;10;12;16;12;16;16;13;12;13;14;12;10;14;14;13;15;16;7;14;13;16;12;11;13;12;11;13;12;15;43.9;1.0;1.0;1.025;45.0;36.0;54.0;强援池;0;PASS;未知;;后卫/翼卫 (右左)
67201783;现役;Emiliano Buendía;阿根廷;Aston Villa;英超;英超;manual;28;172;还行;精准;右脚;前腰;左边前卫、右边前卫、左边锋;右边锋;前腰;1.0;0.95;0.9;69.6;66.1;62.6;£4100万 - £5300万;41.0;53.0;47.0;64.5;75.5;77.0;52.5;66.0;59.2;64.0;72.2;16;12;12;15;8;12;12;12;15;15;14;15;13;14;9;13;13;14;10;12;15;13;13;18;11;12;16;16;13;9;16;13;10;13;16;16;51.9;1.04;1.0;1.006;54.3;43.4;65.2;强援池;0;PASS;未知;中场 (右左), 前腰 (左);中场 (右左), 前腰 (右左中)
14108651;现役;Giovani Lo Celso;阿根廷;Real Betis;西甲;西甲;manual;28;177;精准;还行;左脚;前腰;;中前卫、左边前卫;前腰;1.0;0.95;0.9;71.1;;64.0;£4100万 - £5300万;41.0;53.0;47.0;65.8;80.5;80.0;55.0;63.8;57.2;68.3;57.0;17;11;15;17;9;7;13;10;15;17;12;15;12;14;10;13;12;12;8;15;15;13;13;16;10;14;9;16;15;12;12;13;12;15;11;10;60.2;1.04;1.0;0.991;62.0;49.6;74.4;强援池;0;PASS;未知;;中场 (左中), 前腰 (中)
13194021;现役;Cheick Doucouré;马里;Crystal Palace;英超;英超;manual;25;180;还行;精准;右脚;后腰;;中前卫;后腰;1.0;0.95;0.9;66.9;;60.2;£4100万 - £5100万;41.0;51.0;46.0;55.2;71.2;64.0;71.5;63.3;59.0;68.5;68.8;14;15;10;15;14;10;11;12;8;14;9;12;9;8;12;13;13;10;10;12;13;12;15;10;10;12;14;15;14;14;15;13;13;13;14;14;38.9;1.03;1.0;1.038;41.6;33.3;49.9;强援池;0;PASS;未知;;后腰, 中场 (中)
37074900;现役;Sepp van den Berg;荷兰;Brentford;英超;英超;manual;23;192;还行;精准;右脚;中后卫;右后卫;;中后卫;1.0;0.95;0.9;68.8;65.4;;£4000万 - £6400万;40.0;64.0;52.0;42.8;63.5;56.8;71.8;69.0;70.0;66.8;75.2;13;14;6;13;15;12;6;14;5;12;7;10;9;5;14;13;15;12;16;14;12;13;14;8;12;9;16;13;14;14;16;13;14;14;16;15;47.8;1.0;1.0;1.027;49.1;39.3;58.9;强援池;0;PASS;未知;后卫 (右);后卫 (右中)
14110846;现役;Exequiel Palacios;阿根廷;Bayer 04 Leverkusen;德甲;德甲;manual;26;176;还行;精准;右脚;中前卫;;后腰;中前卫;1.0;0.95;0.9;72.4;;65.2;£4000万 - £6400万;40.0;64.0;52.0;57.8;80.5;71.5;72.2;62.5;63.2;76.5;78.8;16;16;15;17;12;6;12;8;11;16;8;13;11;11;13;16;12;8;8;14;13;12;16;12;13;12;16;16;15;14;17;16;14;16;17;16;68.0;1.02;1.0;0.989;68.7;55.0;82.4;强援池;0;PASS;未知;;后腰, 中场 (中)
43252460;现役;Alessandro Bastoni;意大利;Inter Milan;意甲;意甲;manual;25;190;精准;还行;左脚;中后卫;;;中后卫;1.0;0.95;0.9;75.2;;;£4000万 - £6400万;40.0;64.0;52.0;54.5;76.5;67.0;75.5;74.0;78.5;72.5;77.8;14;16;8;16;15;15;8;15;7;15;10;12;14;4;16;14;16;17;15;16;13;14;16;12;12;12;16;16;17;14;16;14;13;14;17;15;87.2;1.0;1.0;0.97;84.6;67.7;101.5;球星池;0;PASS;未知;;后卫 (中)
37065620;现役;Brian Brobbey;荷兰;Sunderland;英超;英超;manual;22;180;不错;精准;右脚;中锋;;;中锋;1.0;0.95;0.9;65.3;;;£4000万 - £6400万;40.0;64.0;52.0;63.8;59.0;65.5;34.0;70.0;76.5;58.8;69.2;14;4;10;11;5;4;12;12;12;13;13;11;6;7;18;14;14;14;12;16;14;14;13;15;8;14;17;11;14;5;14;15;12;12;17;6;32.4;1.08;1.0;1.05;36.7;29.4;44.0;主力池;0;PASS;未知;;前锋 (中)
67217522;现役;Pau Torres;西班牙;Aston Villa;英超;英超;manual;28;191;精准;还行;左脚;中后卫;;;中后卫;1.0;0.95;0.9;70.5;;;£4000万 - £6400万;40.0;64.0;52.0;40.0;71.5;61.2;74.0;63.8;73.8;68.5;68.2;15;16;8;16;14;7;7;16;5;14;6;12;8;7;16;16;13;14;17;10;11;12;14;5;12;6;15;13;14;15;13;14;14;15;14;12;56.7;1.0;1.0;1.007;57.2;45.8;68.6;强援池;0;PASS;未知;;后卫 (中)
2000351894;现役;Mateus Mané;葡萄牙;Wolves;英超;英超;majority_high;17;175;强势;精准;左脚;左边锋;;前腰、右边锋、中锋;左边锋;1.0;0.95;0.9;57.6;;51.8;£4000万 - £6400万;40.0;64.0;52.0;57.3;57.5;64.0;42.8;64.0;50.5;50.2;42.5;12;8;11;14;9;2;11;10;9;13;12;13;10;7;10;11;13;17;5;10;13;13;11;15;7;11;14;8;10;8;5;10;9;12;6;9;10.9;1.05;1.0;1.05;12.0;9.6;14.4;基础池;0;PASS;未知;;前腰 (右左中), 前锋 (中)
2000082598;现役;Stefan Bajčetić;西班牙;Liverpool;英超;英超;manual;20;187;欠佳;精准;右脚;中后卫;;后腰、中前卫;中后卫;1.0;0.95;0.9;63.8;;57.4;£4000万 - £6400万;40.0;64.0;52.0;42.2;62.3;66.0;67.0;66.8;59.3;64.2;66.0;14;14;7;13;13;6;6;12;7;14;6;13;7;3;11;12;13;11;11;14;14;14;14;9;5;10;14;11;15;13;15;13;13;14;13;13;27.0;1.0;1.0;1.05;28.3;22.6;34.0;主力池;0;PASS;未知;;后卫 (中), 后腰, 中场 (中)
2000051578;现役;Facundo Buonanotte;阿根廷;Leeds;英超;英超;manual;20;174;精准;还行;左脚;前腰;中前卫、右边前卫、左边锋;右边锋;前腰;1.0;0.95;0.9;65.2;61.9;58.7;£4000万 - £6400万;40.0;64.0;52.0;65.5;68.0;72.0;51.0;65.0;59.0;57.5;64.5;14;11;13;14;9;8;14;9;12;14;13;15;12;13;10;13;12;13;7;16;14;14;11;14;10;14;14;14;13;8;13;11;13;12;13;13;32.0;1.04;1.0;1.05;35.0;28.0;42.0;主力池;0;PASS;未知;中场 (右中), 前腰 (左);中场 (右中), 前腰 (右左中)
28104124;现役;Trent Alexander-Arnold;英格兰;Real Madrid;西甲;西甲;manual;26;180;不错;精准;右脚;右后卫、中前卫;右翼卫、后腰;;中前卫;1.0;0.95;0.9;70.8;67.3;;£4000万 - £6400万;40.0;64.0;52.0;57.8;86.5;72.5;56.8;69.5;65.5;67.7;67.5;17;12;11;19;10;9;12;11;15;17;8;11;17;15;13;13;14;15;11;15;14;14;13;14;12;15;14;17;15;11;15;13;12;15;11;13;58.4;1.02;1.0;1.004;59.9;47.9;71.9;强援池;0;PASS;未知;后腰, 中场 (中);后卫/翼卫 (右), 后腰, 中场 (中)
2000102722;现役;Wilson Odobert;法国;Tottenham Hotspur;英超;英超;manual;20;182;欠佳;精准;右脚;左边锋;;左边前卫、右边前卫、右边锋;左边锋;1.0;0.95;0.9;66.2;;59.6;£4000万 - £6300万;40.0;63.0;51.5;60.7;67.5;76.5;38.5;74.0;54.3;59.0;59.2;15;6;9;13;6;5;12;10;9;15;12;17;13;7;6;13;15;13;11;13;15;15;12;13;7;13;12;13;12;7;14;13;12;13;12;9;36.0;1.05;1.0;1.05;39.7;31.8;47.6;主力池;0;PASS;未知;;中场/前腰 (右左)
75042244;现役;Taty Castellanos;阿根廷;West Ham;英超;英超;manual;26;179;还行;精准;右脚;中锋;;;中锋;1.0;0.95;0.9;67.9;;;£4000万 - £6300万;40.0;63.0;51.5;69.0;66.3;69.2;41.2;67.8;69.8;63.2;76.8;15;7;14;13;4;4;12;18;12;14;14;12;10;4;13;13;13;15;13;16;15;14;16;14;10;15;15;13;17;8;18;13;12;12;15;17;43.4;1.08;1.0;1.039;48.7;39.0;58.4;强援池;0;PASS;未知;;前锋 (中)
2000138516;现役;Paul Wanner;奥地利;PSV;荷甲;荷甲;manual;19;185;精准;不错;左脚;前腰;右边前卫;中前卫、右边锋;前腰;1.0;0.95;0.9;63.5;60.3;57.1;£4000万 - £6300万;40.0;63.0;51.5;54.8;67.5;76.5;43.8;66.0;56.0;58.0;50.2;16;9;13;13;7;6;12;9;12;16;10;15;10;12;8;14;13;12;12;12;14;13;12;16;6;10;11;13;11;7;10;12;12;12;10;8;26.0;1.04;1.0;1.05;28.3;22.6;34.0;主力池;0;PASS;未知;中场 (右);中场/前腰 (右中)
14077011;现役;Nicolás Domínguez;阿根廷;Nottingham Forest;英超;英超;manual;26;179;还行;精准;右脚;后腰;;中前卫;后腰;1.0;0.95;0.9;68.8;;61.9;£4000万 - £5200万;40.0;52.0;46.0;53.2;76.5;65.0;67.8;60.7;66.5;68.5;76.0;15;17;9;16;9;5;11;13;6;15;8;11;11;5;11;17;11;15;11;11;13;12;13;11;12;13;16;16;15;14;16;14;13;13;16;17;47.8;1.03;1.0;1.013;49.8;39.8;59.8;强援池;0;PASS;未知;;后腰, 中场 (中)
29233143;现役;Harvey Elliott;英格兰;Aston Villa;英超;英超;manual;21;170;精准;还行;左脚;前腰;中前卫;右边锋;前腰;1.0;0.95;0.9;69.6;66.1;62.6;£4000万 - £5200万;40.0;52.0;46.0;60.8;75.2;76.0;54.0;64.8;58.0;68.8;74.5;16;10;12;15;9;7;11;7;12;16;9;14;15;13;9;14;12;13;6;16;16;13;14;14;10;16;16;15;17;10;16;13;15;16;13;14;51.9;1.04;1.0;1.004;54.1;43.3;64.9;强援池;0;PASS;未知;中场 (中);中场 (中), 前腰 (右中)
27088231;现役;Mathias Jensen;丹麦;Brentford;英超;英超;manual;29;180;强势;精准;左脚;中前卫;;后腰;中前卫;1.0;0.95;0.9;66.1;;59.5;£4000万 - £5200万;40.0;52.0;46.0;58.3;72.2;67.0;60.0;60.5;60.8;70.0;68.5;14;13;11;14;9;17;11;9;12;14;10;13;13;13;12;13;12;13;10;12;12;12;14;14;13;13;15;16;14;12;14;14;14;14;13;9;35.6;1.02;1.0;1.05;38.1;30.5;45.7;主力池;0;PASS;未知;;后腰, 中场 (中)
37071126;现役;Tijjani Reijnders;荷兰;Manchester City;英超;英超;manual;26;185;不错;精准;右脚;前腰;后腰;中前卫;前腰;1.0;0.95;0.9;71.3;67.7;64.2;£3900万 - £6300万;39.0;63.0;51.0;72.5;75.0;72.8;53.2;71.0;66.5;69.8;67.5;15;8;12;15;10;8;15;11;12;15;14;14;12;13;12;15;14;15;11;14;15;14;14;14;12;16;14;16;16;11;13;14;15;14;13;8;61.3;1.04;1.0;0.997;63.6;50.9;76.3;强援池;0;PASS;未知;后腰;后腰, 中场/前腰 (中)
91194540;现役;Anton Stach;德国;Leeds;英超;英超;manual;26;193;还行;精准;右脚;中后卫;;后腰、中前卫;中后卫;1.0;0.95;0.9;71.0;;63.9;£3900万 - £6200万;39.0;62.0;50.5;55.0;61.5;60.0;72.0;63.8;77.8;67.5;77.8;12;16;12;13;12;7;13;12;15;12;8;12;11;14;16;16;13;15;16;14;11;12;18;12;13;10;16;12;16;14;17;12;12;12;16;16;59.6;1.0;1.0;0.999;59.5;47.6;71.4;强援池;0;PASS;未知;后卫 (中);后卫 (中), 后腰, 中场 (中)
14157184;现役;Alexis Mac Allister;阿根廷;Liverpool;英超;英超;manual;26;174;还行;精准;右脚;前腰;;后腰、中前卫;前腰;1.0;0.95;0.9;72.6;;65.3;£3900万 - £6200万;39.0;62.0;50.5;68.2;78.0;72.5;66.8;62.5;63.5;77.8;75.0;16;14;14;16;10;4;13;10;13;16;11;13;13;14;12;15;12;14;8;14;14;12;16;13;10;16;16;15;17;14;16;16;16;17;13;14;69.3;1.04;1.0;0.985;71.0;56.8;85.2;球星池;0;PASS;未知;;后腰, 中场/前腰 (中)
61043070;现役;John McGinn;苏格兰;Aston Villa;英超;英超;manual;30;178;精准;还行;左脚;左边锋;前腰、左边前卫、右边前卫;中前卫、右边锋;左边锋;1.0;0.95;0.9;67.7;64.3;60.9;£3900万 - £6200万;39.0;62.0;50.5;66.0;65.0;68.0;60.8;70.0;72.5;62.5;78.8;14;12;10;14;10;9;13;13;10;13;14;14;12;13;16;15;14;17;9;14;13;14;14;13;15;13;17;12;17;13;16;11;13;12;15;15;42.5;1.05;1.0;1.039;46.4;37.1;55.7;强援池;0;PASS;未知;中场 (右左), 前腰 (中);中场/前腰 (右左中)
96047750;现役;Jan Bednarek;波兰;Porto;葡超;葡超;manual;28;189;还行;精准;右脚;中后卫;;;中后卫;1.0;0.95;0.9;69.9;;;£3900万 - £6200万;39.0;62.0;50.5;38.0;58.0;53.5;73.5;65.0;76.0;67.5;75.2;13;13;5;13;15;5;5;14;3;11;7;9;7;2;15;15;13;17;15;13;11;13;16;8;17;5;15;9;16;16;13;14;14;13;17;15;53.5;1.0;1.0;1.011;54.0;43.2;64.8;强援池;0;PASS;未知;;后卫 (中)
76050675;现役;Daniel Muñoz;哥伦比;Crystal Palace;英超;英超;manual;28;181;欠佳;精准;右脚;右后卫;;右翼卫、右边前卫;右后卫;1.0;0.95;0.9;67.0;;60.3;£3900万 - £5100万;39.0;51.0;45.0;57.5;60.0;65.8;65.5;72.2;73.7;62.3;75.2;12;13;8;12;13;9;12;13;9;14;10;14;13;10;13;17;14;18;13;13;12;15;14;13;12;13;18;11;15;13;15;12;12;12;15;16;39.4;0.98;1.0;1.034;39.9;31.9;47.9;主力池;0;PASS;未知;;后卫/翼卫/中场 (右)
2000098727;现役;Rico Lewis;英格兰;Manchester City;英超;英超;manual;20;169;欠佳;精准;右脚;右后卫;右翼卫、后腰、中前卫;;右后卫;1.0;0.95;0.9;66.8;63.5;;£3900万 - £5000万;39.0;50.0;44.5;48.0;63.5;66.5;66.3;73.8;65.2;66.2;76.0;13;13;12;13;12;10;5;12;6;13;8;13;10;4;13;15;14;13;8;13;17;15;12;12;12;13;16;12;13;15;17;14;13;14;17;15;38.5;0.98;1.0;1.035;39.1;31.3;46.9;主力池;0;PASS;未知;翼卫 (右), 后腰, 中场 (中);后卫/翼卫 (右), 后腰, 中场 (中)
292380027;现役;Tim Iroegbunam;英格兰;Everton;英超;英超;manual;21;183;不错;精准;右脚;后腰;;中前卫;后腰;1.0;0.95;0.9;65.8;;59.2;£3900万 - £5000万;39.0;50.0;44.5;55.2;63.5;67.0;67.8;66.8;69.2;65.2;62.7;14;15;7;13;13;6;13;7;9;13;8;13;9;10;15;13;13;15;13;14;13;14;13;14;6;13;14;12;14;13;13;13;13;14;12;14;34.3;1.03;1.0;1.05;37.1;29.7;44.5;主力池;0;PASS;未知;后腰;后腰, 中场 (中)
16199713;现役;Igor;巴西;Brighton;英超;英超;manual;26;185;精准;还行;左脚;中后卫;左后卫、左翼卫;;中后卫;1.0;0.95;0.9;68.3;64.9;;£3900万 - £4800万;39.0;48.0;43.5;43.2;62.8;60.5;70.8;67.8;74.0;64.8;65.5;13;15;7;13;14;12;9;14;6;13;6;11;11;6;16;15;14;15;14;13;12;13;14;11;8;8;14;12;12;14;14;12;12;14;15;15;45.3;1.0;1.0;1.012;45.9;36.7;55.1;强援池;0;PASS;未知;后卫/翼卫 (左);后卫 (左中), 翼卫 (左)
83176849;现役;Merih Demiral;土耳其;Al-Ahli;沙特联;沙特联;manual;26;190;欠佳;精准;右脚;中后卫;;;中后卫;1.0;0.95;0.9;67.3;;;£3900万 - £4700万;39.0;47.0;43.0;39.0;47.2;41.5;78.2;59.5;69.2;58.3;80.2;9;17;5;11;16;8;6;17;4;10;7;7;6;4;16;12;14;12;16;9;9;10;15;6;14;7;14;7;15;14;18;12;13;10;19;19;40.7;1.0;1.0;1.024;41.7;33.4;50.0;强援池;0;PASS;未知;;后卫 (中)
45092714;现役;Daichi Kamada;日本;Crystal Palace;英超;英超;manual;28;184;不错;精准;右脚;前腰;左边锋、右边锋;后腰、中前卫;前腰;1.0;0.95;0.9;63.7;60.5;57.3;£3800万 - £6000万;38.0;60.0;49.0;62.5;65.5;67.8;57.2;63.8;59.5;61.0;59.2;14;12;14;13;10;4;13;7;13;14;12;13;12;14;10;13;13;14;11;13;14;12;12;13;7;13;13;13;14;12;12;12;12;12;11;12;26.6;1.04;1.0;1.05;29.1;23.3;34.9;主力池;0;PASS;未知;前腰 (右左);后腰, 中场 (中), 前腰 (右左中)
16182894;现役;Dayot Upamecano;法国;Bayern Munich;德甲;德甲;manual;26;186;还行;精准;右脚;中后卫;;;中后卫;1.0;0.95;0.9;76.1;;;£3800万 - £6000万;38.0;60.0;49.0;46.0;73.2;63.2;81.5;74.8;75.8;75.5;77.2;13;17;10;16;17;10;8;14;3;13;6;12;8;3;17;13;16;12;16;16;12;15;16;12;12;9;16;16;16;16;16;14;13;16;17;16;94.1;1.0;1.0;0.961;90.4;72.3;108.5;球星池;0;PASS;未知;;后卫 (中)
85136376;现役;Nicolas Pépé;科特迪瓦;Villarreal;西甲;西甲;manual;29;183;精准;欠佳;左脚;左边锋;;右边锋;左边锋;1.0;0.95;0.9;70.3;;63.3;£3800万 - £6000万;38.0;60.0;49.0;75.8;70.2;81.2;38.0;76.2;54.8;61.0;45.8;17;5;15;14;6;2;16;8;15;16;14;16;13;12;10;13;15;11;8;12;16;16;16;18;5;17;11;13;12;8;7;11;8;13;12;6;55.6;1.05;1.0;1.003;58.6;46.9;70.3;强援池;0;PASS;未知;前腰 (左);前腰 (右左)
43161651;现役;Federico Chiesa;意大利;Liverpool;英超;英超;manual;27;180;不错;精准;右脚;左边锋、右边锋;前腰、中锋;;左边锋;1.0;0.95;0.9;68.3;64.9;;£3800万 - £4900万;38.0;49.0;43.5;67.2;68.2;74.8;41.5;73.0;58.8;62.0;72.2;14;6;10;14;7;4;13;9;5;15;13;16;14;10;13;12;15;11;8;13;14;15;13;16;11;15;15;13;16;8;16;12;12;15;13;16;45.3;1.05;1.0;1.012;48.2;38.6;57.8;强援池;0;PASS;未知;前腰 (中), 前锋 (中);前腰 (右左中), 前锋 (中)
72051563;现役;Chris Richards;美国;Crystal Palace;英超;英超;manual;24;188;不错;精准;右脚;中后卫;左后卫、右后卫;;中后卫;1.0;0.95;0.9;67.4;64.0;;£3800万 - £4900万;38.0;49.0;43.5;41.0;56.2;55.8;70.0;71.2;72.0;62.0;73.2;12;14;6;11;13;16;6;15;4;12;6;10;9;4;15;14;15;13;15;13;12;14;14;9;12;11;14;11;14;14;15;12;15;10;17;15;41.1;1.0;1.0;1.024;42.1;33.7;50.5;强援池;0;PASS;未知;后卫 (右左);后卫 (右左中)
98041215;现役;Rubén Vargas;瑞士;Sevilla;西甲;西甲;manual;26;179;不错;精准;右脚;左边锋;左边前卫、右边前卫、右边锋;前腰;左边锋;1.0;0.95;0.9;65.2;61.9;58.7;£3800万 - £4900万;38.0;49.0;43.5;57.7;65.5;70.5;47.0;75.8;54.8;61.0;63.2;14;9;12;13;8;16;11;8;11;14;11;14;13;13;9;12;16;14;8;12;15;15;12;15;6;12;13;12;14;8;14;14;13;13;12;15;32.0;1.05;1.0;1.05;35.3;28.2;42.4;主力池;0;PASS;未知;中场 (右左), 前腰 (右);中场 (右左), 前腰 (右左中)
2000288697;现役;Harrison Armstrong;英格兰;Everton;英超;英超;manual;18;185;不错;精准;右脚;后腰;前腰;中前卫;后腰;1.0;0.95;0.9;62.1;59.0;55.9;£3800万 - £4700万;38.0;47.0;42.5;45.7;62.5;63.7;56.2;67.2;70.0;61.2;65.5;14;11;9;12;9;7;7;10;7;13;8;12;11;6;14;14;14;15;14;13;12;13;12;12;11;10;14;13;12;13;14;11;12;13;14;12;21.6;1.03;1.0;1.05;23.3;18.6;28.0;轮换池;0;PASS;未知;前腰 (中);后腰, 中场/前腰 (中)
78067241;现役;Nahitan Nández;乌拉圭;Al-Qadsiah;沙特联;沙特联;majority_high;29;172;还行;精准;右脚;后腰;右边前卫;右翼卫、中前卫;后腰;1.0;0.95;0.9;67.1;63.7;60.4;£3800万 - £4600万;38.0;46.0;42.0;58.0;61.2;60.8;68.2;64.2;69.0;65.0;86.7;12;15;9;12;12;7;12;8;7;11;9;12;12;11;11;16;10;18;8;15;15;15;14;11;14;15;18;13;19;12;18;13;15;12;17;19;39.8;1.03;1.0;1.023;42.0;33.6;50.4;强援池;0;PASS;未知;后腰, 中场 (右);翼卫 (右), 后腰, 中场 (右中)
28106342;现役;Kiernan Dewsbury-Hall;英格兰;Everton;英超;英超;manual;26;178;精准;还行;左脚;前腰;;中前卫;前腰;1.0;0.95;0.9;68.6;;61.7;£3700万 - £6000万;37.0;60.0;48.5;67.8;72.2;69.2;58.2;63.5;69.5;67.5;70.8;13;12;10;15;9;5;11;10;14;15;15;14;12;13;14;16;12;18;10;12;15;12;12;13;11;15;17;15;15;14;15;14;12;14;12;13;46.8;1.04;1.0;1.021;49.7;39.8;59.6;强援池;0;PASS;未知;前腰 (中);中场/前腰 (中)
20041862;现役;Alphonso Davies;加拿大;Bayern Munich;德甲;德甲;manual;24;185;精准;还行;左脚;左后卫、左翼卫;左边前卫、左边锋;;左边锋;1.0;0.95;0.9;68.1;64.7;;£3700万 - £6000万;37.0;60.0;48.5;52.0;60.5;70.5;57.8;90.5;67.2;59.5;72.7;13;13;12;12;10;14;10;9;11;12;8;16;11;11;13;15;19;12;13;13;14;19;12;16;12;13;15;12;13;10;17;12;12;12;15;14;44.4;1.05;1.0;1.028;47.9;38.3;57.5;强援池;0;PASS;未知;中场/前腰 (左);后卫/翼卫/中场/前腰 (左)
18074558;现役;Timothy Castagne;比利时;Fulham;英超;英超;manual;29;185;不错;精准;右脚;左翼卫;;左后卫、右后卫、右翼卫;左翼卫;1.0;0.95;0.9;62.1;;55.9;£3700万 - £5900万;37.0;59.0;48.0;51.7;61.7;61.5;58.5;70.0;62.7;59.0;65.5;13;12;5;13;11;8;8;9;6;12;10;12;14;8;11;15;14;12;13;13;13;14;12;11;9;13;15;11;15;12;14;12;12;12;11;12;21.6;1.0;1.0;1.05;22.7;18.2;27.2;轮换池;0;PASS;未知;;后卫/翼卫 (右左)
2000058232;现役;Chadi Riad;摩洛哥;Crystal Palace;英超;英超;manual;21;186;精准;还行;左脚;中后卫;;;中后卫;1.0;0.95;0.9;64.5;;;£3700万 - £5900万;37.0;59.0;48.0;38.7;58.7;59.2;65.8;66.8;68.5;60.0;67.8;13;13;7;12;13;9;7;14;5;12;6;12;7;5;13;13;14;14;15;14;12;13;13;7;10;8;14;11;15;14;14;13;12;10;14;14;29.4;1.0;1.0;1.05;30.9;24.7;37.1;主力池;0;PASS;未知;;后卫 (中)
83169822;现役;João Félix;葡萄牙;Al-Nassr;沙特联;沙特联;manual;25;181;不错;精准;右脚;前腰;中锋;左边锋;前腰;1.0;0.95;0.9;71.7;68.1;64.5;£3700万 - £5900万;37.0;59.0;48.0;75.5;79.2;86.0;36.5;69.0;55.8;63.5;43.0;18;7;13;16;5;7;14;11;14;18;15;17;14;14;10;11;14;13;10;14;15;14;15;18;7;17;8;15;10;6;9;13;8;15;9;8;63.7;1.04;1.0;0.988;65.5;52.4;78.6;强援池;0;PASS;未知;前锋 (中);前腰 (左中), 前锋 (中)
37060600;现役;Ferdi Kadıoğlu;土耳其;Brighton;英超;英超;manual;25;174;还行;精准;右脚;左翼卫;;左后卫、右后卫、右翼卫;左翼卫;1.0;0.95;0.9;63.3;;57.0;£3700万 - £5900万;37.0;59.0;48.0;53.0;67.5;67.3;52.8;72.2;57.5;62.2;67.5;14;12;8;13;9;8;11;5;11;14;8;13;13;10;10;16;14;14;7;11;13;15;12;14;12;13;15;14;15;9;15;13;12;14;10;12;25.3;1.0;1.0;1.05;26.6;21.3;31.9;主力池;0;PASS;未知;;后卫/翼卫 (右左)
2000054475;现役;Antoni Milambo;荷兰;Brentford;英超;英超;manual;19;179;还行;精准;右脚;前腰;;中前卫;前腰;1.0;0.95;0.9;64.1;;57.7;£3700万 - £4900万;37.0;49.0;43.0;57.3;67.5;69.2;44.0;66.5;62.0;61.2;64.5;14;8;8;13;7;11;11;11;12;15;11;13;11;12;11;14;13;14;10;13;15;13;13;13;8;12;14;14;16;7;13;13;13;13;13;8;28.0;1.04;1.0;1.05;30.6;24.5;36.7;主力池;0;PASS;未知;;中场/前腰 (中)
2000250907;现役;Ibrahim Osman;加纳;Birmingham;英冠;英冠;majority_high;20;177;欠佳;精准;右脚;左边锋;左边前卫、右边前卫、中锋;右边锋;左边锋;1.0;0.95;0.9;63.7;60.5;57.3;£3700万 - £4900万;37.0;49.0;43.0;56.5;58.8;76.8;29.8;79.2;52.3;48.5;57.5;16;3;11;12;4;6;9;9;8;15;11;16;10;8;9;11;16;14;9;11;16;17;13;14;4;15;12;9;12;5;15;9;13;8;9;10;26.6;1.05;1.0;1.05;29.4;23.5;35.3;主力池;0;PASS;未知;中场 (右左), 前锋 (中);中场/前腰 (右左), 前锋 (中)
91143519;现役;Vitaly Janelt;德国;Brentford;英超;英超;manual;26;184;精准;还行;左脚;后腰;;中前卫;后腰;1.0;0.95;0.9;68.0;;61.2;£3700万 - £4800万;37.0;48.0;42.5;62.2;67.2;63.8;67.2;61.5;72.5;66.2;77.0;13;14;9;14;12;13;13;13;10;14;12;13;13;11;14;15;12;16;12;14;12;12;14;9;12;12;16;13;15;13;16;13;14;14;17;16;43.9;1.03;1.0;1.013;45.8;36.6;55.0;强援池;0;PASS;未知;后腰;后腰, 中场 (中)
83188780;现役;Matheus Nunes;葡萄牙;Manchester City;英超;英超;manual;26;184;不错;精准;右脚;右边锋;右翼卫、前腰;右后卫、中前卫;右边锋;1.0;0.95;0.9;69.3;65.8;62.4;£3600万 - £5800万;36.0;58.0;47.0;64.2;69.0;71.0;58.2;72.2;72.0;67.8;74.5;15;11;11;13;9;12;13;10;11;14;12;14;16;13;14;15;15;17;12;13;13;14;13;15;8;14;16;14;16;12;15;13;16;14;16;15;50.3;1.05;1.0;1.009;53.3;42.6;64.0;强援池;0;PASS;未知;翼卫 (右), 前腰 (右中);后卫/翼卫 (右), 中场 (中), 前腰 (右中)
28067800;现役;Jack Grealish;英格兰;Everton;英超;英超;manual;29;175;强势;精准;左脚;前腰、左边锋;右边前卫、右边锋;左边前卫;前腰;1.0;0.95;0.9;67.0;63.6;60.3;£3600万 - £5800万;36.0;58.0;47.0;55.2;70.0;77.0;47.2;66.0;64.8;64.5;67.7;14;9;12;14;6;3;10;11;10;15;9;17;14;13;13;14;12;15;7;14;15;14;13;16;12;13;15;14;13;10;14;13;12;14;15;9;39.4;1.04;1.0;1.04;42.6;34.1;51.1;强援池;0;PASS;未知;中场/前腰 (右);中场 (右左), 前腰 (右左中)
37059452;现役;Pascal Struijk;荷兰;Leeds;英超;英超;manual;25;190;精准;不错;左脚;中后卫;左后卫;;中后卫;1.0;0.95;0.9;66.9;63.6;;£3600万 - £5800万;36.0;58.0;47.0;48.0;66.7;57.5;70.0;62.3;69.8;63.7;66.0;13;15;14;15;14;8;6;17;3;12;8;11;10;3;14;13;13;14;16;13;11;12;13;8;13;11;13;13;14;14;13;12;12;14;14;13;38.9;1.0;1.0;1.041;40.5;32.4;48.6;强援池;0;PASS;未知;后卫 (左);后卫 (左中)
2000128974;现役;Eliezer Mayenda;西班牙;Sunderland;英超;英超;manual;19;180;精准;欠佳;左脚;右边锋;;中锋;右边锋;1.0;0.95;0.9;66.0;;59.4;£3600万 - £5700万;36.0;57.0;46.5;65.8;65.5;67.5;39.8;73.7;65.2;60.7;61.0;12;5;13;14;5;5;11;11;5;14;14;15;8;5;15;11;16;13;11;14;12;15;14;13;6;14;14;14;13;10;12;11;11;12;14;13;35.2;1.05;1.0;1.05;38.8;31.0;46.6;主力池;0;PASS;未知;前腰 (右);前腰 (右), 前锋 (中)
48034615;现役;Nordi Mukiele;法国;Sunderland;英超;英超;manual;27;187;欠佳;精准;右脚;中后卫;;右后卫、右翼卫;中后卫;1.0;0.95;0.9;69.2;;62.3;£3600万 - £4700万;36.0;47.0;41.5;47.8;63.0;62.0;70.5;71.2;73.8;63.2;73.5;13;15;8;13;14;16;8;13;6;13;7;12;12;6;15;14;15;14;15;15;12;14;15;10;11;12;16;12;15;13;15;12;12;12;16;16;49.8;1.0;1.0;0.998;49.7;39.8;59.6;强援池;0;PASS;未知;;后卫 (右中), 翼卫 (右)
98031331;现役;Manuel Akanji;瑞士;Inter Milan;意甲;意甲;manual;29;187;不错;精准;右脚;中后卫;右后卫;;中后卫;1.0;0.95;0.9;71.4;67.8;;£3600万 - £4700万;36.0;47.0;41.5;49.3;64.0;59.0;72.0;73.2;80.0;68.8;68.8;12;15;8;14;14;10;11;14;9;13;7;11;8;4;17;17;15;16;15;14;13;14;14;9;11;9;13;12;14;14;14;14;14;16;16;13;61.9;1.0;1.0;0.978;60.6;48.5;72.7;强援池;0;PASS;未知;后卫 (右);后卫 (右中)
2000187623;现役;Jaydee Canvot;法国;Crystal Palace;英超;英超;manual;18;188;不错;精准;右脚;中后卫;右后卫、后腰;;中后卫;1.0;0.95;0.9;63.1;59.9;;£3600万 - £4700万;36.0;47.0;41.5;46.3;57.5;57.5;64.2;65.5;69.0;56.8;63.0;12;13;7;12;14;6;8;13;6;13;8;10;7;6;13;14;13;14;15;14;13;13;12;9;8;11;13;11;13;12;14;11;12;11;13;12;24.7;1.0;1.0;1.05;25.9;20.7;31.1;主力池;0;PASS;未知;后卫 (右), 后腰;后卫 (右中), 后腰
13174979;现役;Yves Bissouma;马里;Tottenham Hotspur;英超;英超;manual;28;182;欠佳;精准;右脚;后腰;中前卫;;后腰;1.0;0.95;0.9;67.9;64.5;;£3600万 - £4700万;36.0;47.0;41.5;57.5;63.0;74.0;71.5;74.5;71.0;59.8;67.0;15;17;13;14;14;7;13;12;13;14;9;16;11;8;15;16;14;14;12;13;14;16;12;14;11;12;14;10;15;14;14;10;10;15;14;13;43.4;1.03;1.0;1.012;45.3;36.2;54.4;强援池;0;PASS;未知;中场 (中);后腰, 中场 (中)
18105831;现役;Ismael Saibari;摩洛哥;PSV;荷甲;荷甲;manual;23;185;不错;精准;右脚;前腰;中锋;中前卫、左边锋、右边锋;前腰;1.0;0.95;0.9;66.2;62.9;59.6;£3600万 - £4700万;36.0;47.0;41.5;62.3;69.8;73.7;36.0;70.0;60.7;60.5;65.0;15;6;12;13;5;7;12;13;12;15;13;14;12;8;12;13;14;10;13;12;15;14;12;17;9;12;12;15;14;5;15;13;13;13;13;12;36.0;1.04;1.0;1.035;38.7;31.0;46.4;主力池;0;PASS;未知;前锋 (中);中场 (中), 前腰 (右左中), 前锋 (中)
67174729;现役;Adama Traoré;西班牙;West Ham;英超;英超;manual;28;178;还行;精准;右脚;左边锋;左边前卫;右边前卫、右边锋;左边锋;1.0;0.95;0.9;62.9;59.8;56.6;£3600万 - £4400万;36.0;44.0;40.0;51.0;49.2;71.5;40.5;88.0;66.8;44.5;51.0;12;7;9;11;7;7;11;10;8;10;11;18;12;6;17;10;19;12;14;14;14;19;9;18;5;9;9;8;9;10;14;6;8;10;11;12;24.0;1.05;1.0;1.05;26.5;21.2;31.8;主力池;0;PASS;未知;中场/前腰 (左);中场/前腰 (右左)
28097985;现役;Tammy Abraham;英格兰;Aston Villa;英超;英超;manual;27;194;不错;精准;右脚;中锋;;;中锋;1.0;0.95;0.9;65.5;;;£3600万 - £4400万;36.0;44.0;40.0;63.8;64.5;67.5;44.0;67.2;71.0;59.5;73.5;14;8;14;13;6;7;10;15;9;14;13;13;8;5;15;13;14;13;16;14;13;13;13;13;12;15;15;13;16;8;16;12;13;12;14;14;33.2;1.08;1.0;1.041;37.3;29.8;44.8;主力池;0;PASS;未知;;前锋 (中)
61042900;现役;Ryan Christie;苏格兰;Bournemouth;英超;英超;manual;29;178;精准;还行;左脚;前腰;后腰、右边锋;中前卫;前腰;1.0;0.95;0.9;66.4;63.1;59.8;£3500万 - £5600万;35.0;56.0;45.5;59.8;69.8;69.5;56.0;68.0;65.2;64.0;68.8;15;13;11;14;7;1;12;5;12;14;10;13;12;11;12;17;13;15;9;13;15;13;15;13;12;15;18;14;15;11;12;13;13;10;11;15;36.8;1.04;1.0;1.045;40.0;32.0;48.0;强援池;0;PASS;未知;后腰, 前腰 (右中);后腰, 中场 (中), 前腰 (右中)
37025551;现役;Nathan Aké;荷兰;Manchester City;英超;英超;manual;29;180;精准;还行;左脚;中后卫;左后卫、后腰;;中后卫;1.0;0.95;0.9;71.5;67.9;;£3500万 - £4500万;35.0;45.0;40.0;44.2;67.8;63.8;76.0;71.8;71.0;69.2;74.2;14;15;3;14;16;10;10;15;6;14;8;13;10;2;15;15;14;14;12;13;13;15;14;6;13;5;16;13;14;15;15;14;15;15;16;12;62.5;1.0;1.0;0.975;60.9;48.7;73.1;强援池;0;PASS;未知;后卫 (左), 后腰;后卫 (左中), 后腰
83169817;现役;Florentino Luís;葡萄牙;Burnley;英超;英超;manual;25;184;还行;精准;右脚;后腰;;中前卫;后腰;1.0;0.95;0.9;66.6;;59.9;£3500万 - £4300万;35.0;43.0;39.0;45.0;58.0;51.5;78.8;64.2;68.2;69.8;71.5;11;17;10;12;14;8;8;10;5;12;8;8;5;4;12;16;12;16;12;13;13;13;18;8;9;6;16;12;17;16;14;13;15;11;13;14;37.6;1.03;1.0;1.021;39.6;31.7;47.5;主力池;0;PASS;未知;;后腰, 中场 (中)
19377081;现役;Igor Jesus;巴西;Nottingham Forest;英超;英超;manual;23;182;还行;精准;右脚;中锋;;;中锋;1.0;0.95;0.9;66.6;;;£3500万 - £4300万;35.0;43.0;39.0;70.5;62.3;65.8;42.2;66.8;69.5;61.0;68.3;14;7;13;12;6;7;12;14;8;13;15;13;11;6;14;13;13;13;14;15;13;14;14;11;12;15;15;12;14;7;13;13;13;14;15;11;37.6;1.08;1.0;1.021;41.5;33.2;49.8;强援池;0;PASS;未知;;前锋 (中)
2000019509;现役;Léo Scienza;巴西;Southampton;英冠;英冠;majority_high;26;173;还行;精准;右脚;左边锋;前腰、左边前卫、右边锋;;左边锋;1.0;0.95;0.9;65.8;62.5;;£3500万 - £4300万;35.0;43.0;39.0;62.8;68.0;78.8;31.2;74.0;49.8;57.2;48.5;16;6;14;13;4;15;14;6;17;15;11;16;12;15;8;12;15;12;6;13;16;15;13;17;3;13;10;13;11;4;12;13;9;13;9;10;34.3;1.05;1.0;1.033;37.2;29.8;44.6;主力池;0;PASS;未知;中场 (左), 前腰 (右中);中场 (左), 前腰 (右左中)
2000330773;现役;Yang Min-Hyeok;韩国;Coventry;英冠;英冠;majority_high;18;173;不错;精准;右脚;左边锋;;右边锋;左边锋;1.0;0.95;0.9;61.6;;55.4;£3500万 - £4300万;35.0;43.0;39.0;58.3;62.0;73.2;42.8;63.8;56.5;54.0;49.5;15;8;11;13;6;5;10;7;7;14;12;14;12;7;7;13;12;18;7;14;15;13;12;17;8;14;13;10;10;8;6;11;13;9;11;11;20.2;1.05;1.0;1.05;22.2;17.8;26.6;轮换池;0;PASS;未知;;前腰 (右左)
28115792;现役;Neco Williams;威尔士;Nottingham Forest;英超;英超;manual;23;183;还行;精准;右脚;左翼卫;;左后卫、右后卫、右翼卫;左翼卫;1.0;0.95;0.9;63.5;;57.1;£3400万 - £5500万;34.0;55.0;44.5;57.2;63.5;66.5;60.0;69.5;63.5;56.2;66.2;13;13;14;13;11;10;12;11;13;14;11;14;14;8;11;14;14;15;11;13;13;14;10;11;9;12;15;12;14;13;14;11;11;11;13;14;26.0;1.0;1.0;1.05;27.3;21.8;32.8;主力池;0;PASS;未知;;后卫/翼卫 (右左)
29123128;现役;Dominic Calvert-Lewin;英格兰;Leeds;英超;英超;manual;27;187;欠佳;精准;右脚;中锋;;;中锋;1.0;0.95;0.9;64.0;;;£3400万 - £5400万;34.0;54.0;44.0;59.8;58.8;65.0;37.5;76.2;70.5;56.8;68.0;13;5;13;11;6;2;9;18;7;16;12;11;11;9;15;14;16;12;16;13;14;15;12;12;5;14;16;10;15;6;14;13;14;13;14;13;27.6;1.08;1.0;1.05;31.4;25.1;37.7;主力池;0;PASS;未知;;前锋 (中)
2000087400;现役;Dário Essugo;葡萄牙;Chelsea;英超;英超;manual;19;178;不错;精准;右脚;后腰;中前卫;;后腰;1.0;0.95;0.9;63.9;60.7;;£3400万 - £5400万;34.0;54.0;44.0;51.0;60.7;62.5;65.2;66.5;68.8;58.0;71.0;13;14;10;13;12;8;11;8;8;12;8;12;9;6;13;15;13;16;9;15;14;13;13;11;8;12;16;12;15;13;15;10;12;10;15;15;27.3;1.03;1.0;1.05;29.5;23.6;35.4;主力池;0;PASS;未知;中场 (中);后腰, 中场 (中)
91138280;现役;Leroy Sané;德国;Galatasaray;土超;土超;manual;29;183;精准;还行;左脚;左边锋、右边锋;前腰、左边前卫、右边前卫;;左边锋;1.0;0.95;0.9;70.7;67.2;;£3400万 - £5300万;34.0;53.0;43.5;68.2;73.5;78.5;41.2;80.2;57.8;64.0;54.8;16;8;13;15;5;7;16;8;16;14;12;17;12;14;11;12;17;12;12;12;16;16;15;16;10;14;10;15;12;8;12;13;10;13;10;13;57.9;1.05;1.0;0.988;60.0;48.0;72.0;强援池;0;PASS;未知;中场 (右左), 前腰 (中);中场 (右左), 前腰 (右左中)
62182055;现役;Dušan Vlahović;塞尔维亚;Juventus;意甲;意甲;manual;24;191;精准;还行;左脚;中锋;;;中锋;1.0;0.95;0.9;70.8;;;£3400万 - £4400万;34.0;44.0;39.0;77.2;61.8;66.5;44.0;72.2;75.0;64.8;69.8;15;9;17;12;5;8;14;16;16;11;16;13;10;8;16;16;15;12;15;15;12;14;17;15;10;15;14;12;10;5;17;13;14;15;15;15;58.4;1.08;1.0;0.978;61.7;49.4;74.0;强援池;0;PASS;未知;;前锋 (中)
98034601;现役;Denis Zakaria;瑞士;Monaco;法甲;法甲;manual;28;191;欠佳;精准;右脚;后腰;;中前卫;后腰;1.0;0.95;0.9;70.7;;63.6;£3400万 - £4200万;34.0;42.0;38.0;58.5;65.5;68.5;72.3;69.5;78.5;66.8;76.2;14;16;8;14;13;12;11;12;6;14;10;14;8;5;16;16;13;15;15;16;12;15;15;12;15;14;16;12;15;14;15;13;13;13;16;17;57.9;1.03;1.0;0.977;58.2;46.6;69.8;强援池;0;PASS;未知;;后腰, 中场 (中)
18110473;现役;Maxim De Cuyper;比利时;Brighton;英超;英超;manual;24;182;精准;还行;左脚;左边前卫;;左后卫、左翼卫;左边前卫;1.0;0.95;0.9;64.6;;58.1;£3400万 - £4200万;34.0;42.0;38.0;60.0;69.0;63.3;61.0;69.5;60.0;62.5;67.0;14;14;13;14;11;10;12;11;8;13;11;11;14;13;10;13;14;13;12;11;14;14;11;13;11;13;13;14;16;11;13;13;12;14;15;12;29.8;1.01;1.0;1.049;31.6;25.3;37.9;主力池;0;PASS;未知;中场 (左);后卫/翼卫/中场 (左)
67229630;现役;Youssef En-Nesyri;摩洛哥;Al-Ittihad;沙特联;沙特联;manual;27;188;精准;还行;左脚;中锋;;;中锋;1.0;0.95;0.9;65.4;;;£3300万 - £5300万;33.0;53.0;43.0;71.2;57.8;55.2;44.5;67.2;68.3;63.5;69.8;12;5;12;12;9;11;10;17;10;9;15;12;10;8;14;14;15;12;16;11;11;12;16;10;11;17;14;11;13;7;16;14;14;14;15;9;32.8;1.08;1.0;1.05;37.2;29.8;44.6;主力池;0;PASS;未知;;前锋 (中)
2000031536;现役;Soungoutou Magassa;法国;West Ham;英超;英超;manual;21;188;还行;精准;右脚;中后卫;;后腰;中后卫;1.0;0.95;0.9;64.3;;57.9;£3300万 - £5300万;33.0;53.0;43.0;49.8;60.7;55.5;67.0;62.0;67.8;61.2;63.2;11;14;8;13;14;6;11;14;7;12;7;10;11;10;14;15;12;12;14;13;13;12;13;10;10;12;13;12;14;13;13;12;12;12;12;14;28.7;1.0;1.0;1.05;30.1;24.1;36.1;主力池;0;PASS;未知;;后卫 (中), 后腰
48037822;现役;Ibrahima Konaté;法国;Liverpool;英超;英超;manual;25;194;还行;精准;右脚;中后卫;;;中后卫;1.0;0.95;0.9;71.7;;;£3300万 - £5200万;33.0;52.0;42.5;36.3;61.5;65.5;76.0;72.2;77.5;64.5;71.8;14;16;6;14;16;12;4;16;6;14;5;13;5;3;18;14;15;14;16;14;14;14;14;8;12;8;15;9;15;15;14;14;12;14;16;16;63.7;1.0;1.0;0.978;62.3;49.8;74.8;强援池;0;PASS;未知;;后卫 (中)
2000036812;现役;Callum Doyle;英格兰;Wrexham;英冠;英冠;majority_high;21;190;精准;欠佳;左脚;中后卫;;左后卫;中后卫;1.0;0.95;0.9;66.2;;59.6;£3300万 - £5200万;33.0;52.0;42.5;51.5;71.3;61.5;68.8;50.2;66.8;68.5;65.0;14;15;9;15;13;9;12;14;9;12;7;13;13;9;15;14;9;12;14;10;11;10;15;9;11;10;13;15;14;13;13;13;12;15;14;13;36.0;1.0;1.0;1.038;37.3;29.8;44.8;主力池;0;PASS;未知;;后卫 (左中)
29080394;现役;Adam Webster;英格兰;Brighton;英超;英超;manual;30;190;强势;精准;左脚;中后卫;;;中后卫;1.0;0.95;0.9;66.9;;;£3300万 - £5200万;33.0;52.0;42.5;40.8;63.8;59.8;72.0;62.7;65.8;66.0;68.8;13;16;7;13;14;6;7;14;5;13;6;13;6;5;13;14;14;13;15;10;10;11;13;7;15;8;14;13;13;14;14;14;13;14;14;12;38.9;1.0;1.0;1.028;40.0;32.0;48.0;强援池;0;PASS;未知;;后卫 (中)
83111483;现役;Rafael Leão;葡萄牙;AC Milan;意甲;意甲;manual;25;188;不错;精准;右脚;左边锋;;中锋;左边锋;1.0;0.95;0.9;70.3;;63.3;£3300万 - £4300万;33.0;43.0;38.0;67.2;66.0;83.8;27.5;85.2;68.5;51.2;47.8;16;4;13;13;4;6;13;13;9;17;14;17;13;8;13;13;17;16;16;15;18;18;13;17;10;14;8;12;12;4;11;9;8;12;8;8;55.6;1.05;1.0;0.98;57.2;45.8;68.6;强援池;0;PASS;未知;;前腰 (左), 前锋 (中)
13160655;现役;Reinildo;莫桑比克;Sunderland;英超;英超;manual;30;180;精准;欠佳;左脚;中后卫;左翼卫;左后卫;中后卫;1.0;0.95;0.9;70.3;66.8;63.3;£3300万 - £4300万;33.0;43.0;38.0;50.0;59.2;58.8;77.5;71.0;66.5;67.8;78.8;12;15;6;12;15;9;8;13;8;12;8;12;12;8;12;16;14;14;11;11;14;14;14;8;6;13;17;11;17;17;17;13;16;13;17;16;55.6;1.0;1.0;0.98;54.5;43.6;65.4;强援池;0;PASS;未知;翼卫 (左);后卫 (左中), 翼卫 (左)
28100123;现役;Aaron Wan-Bissaka;刚果民主共和国;West Ham;英超;英超;manual;27;182;欠佳;精准;右脚;右后卫;;;右后卫;1.0;0.95;0.9;64.8;;;£3300万 - £4300万;33.0;43.0;38.0;42.5;49.8;64.0;72.8;78.2;69.8;56.2;63.0;11;19;5;11;12;8;5;8;4;12;7;13;11;5;13;15;15;15;10;15;18;16;12;12;6;12;13;6;16;13;10;12;12;12;17;15;30.5;0.98;1.0;1.046;31.3;25.0;37.6;主力池;0;PASS;未知;;后卫 (右)
85111795;现役;Serhou Guirassy;几内亚;Borussia Dortmund;德甲;德甲;manual;28;187;不错;精准;右脚;中锋;;;中锋;1.0;0.95;0.9;71.8;;;£3300万 - £4300万;33.0;43.0;38.0;78.2;69.8;70.3;48.0;65.0;73.5;69.8;71.8;15;8;12;14;7;6;13;16;13;15;17;13;8;6;16;13;13;12;16;16;13;13;17;13;14;16;12;14;15;8;16;14;14;16;15;13;64.3;1.08;1.0;0.969;67.3;53.8;80.8;强援池;0;PASS;未知;;前锋 (中)
48044499;现役;Jean-Clair Todibo;法国;West Ham;英超;英超;manual;25;190;还行;精准;右脚;中后卫;;;中后卫;1.0;0.95;0.9;69.7;;;£3300万 - £4300万;33.0;43.0;38.0;44.8;62.5;62.0;73.2;71.2;74.0;65.8;67.8;13;15;5;14;15;7;8;14;4;13;8;12;5;3;16;14;15;17;14;13;12;14;15;11;11;7;12;12;14;14;15;11;14;14;14;14;52.4;1.0;1.0;0.985;51.6;41.3;61.9;强援池;0;PASS;未知;;后卫 (中)
53110135;现役;Kristoffer Ajer;挪威;Brentford;英超;英超;manual;26;196;欠佳;精准;右脚;中后卫;右后卫;;中后卫;1.0;0.95;0.9;68.7;65.3;;£3300万 - £4300万;33.0;43.0;38.0;53.2;64.0;60.7;69.2;64.5;72.0;64.8;77.8;14;14;11;13;14;12;8;15;7;13;10;12;8;6;14;14;13;15;16;13;11;13;14;7;15;11;15;13;14;13;18;12;14;14;15;16;47.3;1.0;1.0;0.994;47.0;37.6;56.4;强援池;0;PASS;未知;后卫 (右);后卫 (右中)
2000301027;现役;Ayden Heaven;英格兰;Manchester United;英超;英超;manual;18;189;精准;不错;左脚;中后卫;;;中后卫;1.0;0.95;0.9;65.2;;;£3300万 - £4300万;33.0;43.0;38.0;35.5;58.8;58.0;67.2;73.5;69.8;61.5;62.2;13;14;9;13;14;10;3;13;5;14;5;10;6;5;13;14;15;15;14;15;13;15;14;5;7;7;13;9;14;13;14;13;11;15;13;10;32.0;1.0;1.0;1.039;33.3;26.6;40.0;主力池;0;PASS;未知;;后卫 (中)
2000192797;现役;Leo Sauer;斯洛伐克;Feyenoord;荷甲;荷甲;manual;19;184;欠佳;精准;右脚;左边锋;前腰、左边前卫、右边前卫;右边锋;左边锋;1.0;0.95;0.9;61.7;58.6;55.5;£3300万 - £4100万;33.0;41.0;37.0;56.0;60.0;71.0;34.0;73.0;59.8;52.2;42.5;14;5;13;12;6;11;10;10;10;14;11;15;12;11;10;12;15;14;13;12;14;15;11;14;7;12;11;10;12;5;2;12;11;12;12;8;20.4;1.05;1.0;1.05;22.5;18.0;27.0;轮换池;0;PASS;未知;中场 (右左), 前腰 (中);中场 (右左), 前腰 (右左中)
2000261214;现役;Trey Nyoni;英格兰;Liverpool;英超;英超;manual;17;180;还行;精准;右脚;前腰;后腰;中前卫;前腰;1.0;0.95;0.9;62.7;59.6;56.4;£3200万 - £5200万;32.0;52.0;42.0;51.8;69.8;69.0;42.2;66.0;48.0;62.5;56.0;15;8;7;15;6;3;9;6;8;15;8;12;8;8;8;12;13;10;7;13;16;13;13;12;5;13;13;13;13;8;13;13;13;15;7;11;23.4;1.04;1.0;1.05;25.5;20.4;30.6;主力池;0;PASS;未知;后腰;后腰, 中场/前腰 (中)
91204520;现役;Merlin Röhl;德国;Everton;英超;英超;manual;22;192;不错;精准;右脚;前腰;;后腰、中前卫;前腰;1.0;0.95;0.9;63.4;;57.1;£3200万 - £5200万;32.0;52.0;42.0;50.0;64.0;72.8;55.5;71.0;61.8;57.5;68.8;15;12;10;13;10;7;10;12;6;14;8;15;10;6;11;15;15;10;14;12;14;13;12;15;11;12;15;12;15;10;15;11;12;11;12;13;25.6;1.04;1.0;1.05;28.0;22.4;33.6;主力池;0;PASS;未知;;后腰, 中场/前腰 (中)
28095352;现役;David Brooks;威尔士;Bournemouth;英超;英超;manual;27;173;精准;还行;左脚;前腰;;右边前卫、右边锋;前腰;1.0;0.95;0.9;68.4;;61.6;£3200万 - £5100万;32.0;51.0;41.5;62.3;76.0;76.2;45.2;71.7;45.2;67.2;55.8;16;10;8;15;7;4;8;8;10;14;13;15;13;9;7;11;15;9;6;15;16;14;14;16;5;15;15;16;13;8;14;15;10;15;6;6;45.8;1.04;1.0;1.006;47.9;38.3;57.5;强援池;0;PASS;未知;前腰 (中);中场 (右), 前腰 (右中)
29175064;现役;Ethan Ampadu;威尔士;Leeds;英超;英超;manual;24;182;不错;精准;右脚;中后卫;中前卫;后腰;中后卫;1.0;0.95;0.9;68.0;64.6;61.2;£3200万 - £5100万;32.0;51.0;41.5;41.2;62.0;54.8;72.5;64.0;68.0;68.5;73.5;12;15;7;13;14;16;5;12;6;12;6;10;9;6;13;13;13;13;13;15;11;13;15;7;15;9;14;12;15;14;15;14;14;15;16;12;43.9;1.0;1.0;1.011;44.4;35.5;53.3;强援池;0;PASS;未知;中场 (中);后卫 (中), 后腰, 中场 (中)
28106878;现役;Marcus Edwards;英格兰;Burnley;英超;英超;manual;26;168;精准;还行;左脚;左边锋;前腰;右边锋;左边锋;1.0;0.95;0.9;67.8;64.4;61.0;£3200万 - £5100万;32.0;51.0;41.5;67.5;72.8;84.0;37.5;71.8;50.5;58.8;36.5;17;6;14;15;6;5;12;11;13;15;14;18;13;13;6;12;14;14;7;15;16;15;13;18;5;15;7;14;8;7;6;11;11;12;8;8;43.0;1.05;1.0;1.013;45.7;36.6;54.8;强援池;0;PASS;未知;前腰 (中);前腰 (右左中)
93065006;现役;Gabriel Gudmundsson;瑞典;Leeds;英超;英超;manual;25;181;精准;欠佳;左脚;左边锋;;左后卫、左翼卫、左边前卫;左边锋;1.0;0.95;0.9;64.3;;57.9;£3200万 - £5100万;32.0;51.0;41.5;55.5;59.3;72.5;54.0;76.2;61.2;54.8;58.2;15;12;6;13;8;5;12;9;7;13;10;15;13;9;11;14;15;11;10;17;15;16;13;13;8;13;14;8;14;12;12;11;10;10;10;9;28.7;1.05;1.0;1.05;31.6;25.3;37.9;主力池;0;PASS;未知;;后卫/翼卫/中场/前腰 (左)
91206164;现役;Malick Thiaw;德国;Newcastle;英超;英超;manual;23;194;不错;精准;右脚;中后卫;;;中后卫;1.0;0.95;0.9;68.8;;;£3200万 - £5100万;32.0;51.0;41.5;43.5;61.2;55.7;72.2;65.5;73.8;66.8;69.2;13;15;9;12;15;14;7;15;4;13;7;9;8;5;16;14;14;15;16;14;12;12;14;7;12;8;13;12;14;14;16;14;14;14;12;15;47.8;1.0;1.0;1.002;47.9;38.3;57.5;强援池;0;PASS;未知;;后卫 (中)
13136664;现役;Franck Kessié;科特迪瓦;Al-Ahli;沙特联;沙特联;manual;28;183;还行;精准;右脚;后腰;;中前卫;后腰;1.0;0.95;0.9;69.3;;62.4;£3200万 - £5100万;32.0;51.0;41.5;67.2;64.5;59.5;70.8;62.0;74.2;68.0;82.8;13;15;18;14;13;8;12;13;6;12;13;12;7;5;15;16;12;17;12;13;12;12;14;8;14;14;17;12;19;14;17;15;14;14;16;17;50.3;1.03;1.0;0.997;51.6;41.3;61.9;强援池;0;PASS;未知;;后腰, 中场 (中)
37071180;现役;Quilindschy Hartman;荷兰;Burnley;英超;英超;manual;23;183;精准;还行;左脚;左后卫;;左翼卫;左后卫;1.0;0.95;0.9;63.9;;57.5;£3200万 - £5100万;32.0;51.0;41.5;50.8;60.0;58.8;64.5;74.5;59.8;59.8;76.5;12;14;8;12;12;12;11;8;13;12;7;11;14;13;9;15;15;12;11;11;14;15;12;11;12;13;17;12;16;13;16;11;11;13;16;16;27.3;0.98;1.0;1.05;28.1;22.5;33.7;主力池;0;PASS;未知;;后卫/翼卫 (左)
43409366;现役;Lorenzo Lucca;意大利;Nottingham Forest;英超;英超;manual;24;201;还行;精准;右脚;中锋;;;中锋;1.0;0.95;0.9;66.0;;;£3200万 - £5000万;32.0;50.0;41.0;70.8;57.0;59.8;41.5;65.5;77.5;60.7;65.0;13;7;14;11;6;8;13;17;12;11;15;11;7;5;17;14;14;13;18;16;12;12;15;12;10;14;12;11;11;7;16;14;11;13;14;15;35.2;1.08;1.0;1.036;39.3;31.4;47.2;主力池;0;PASS;未知;;前锋 (中)
2000127879;现役;Rayane Bounida;摩洛哥;Ajax;荷甲;荷甲;manual;18;179;不错;精准;右脚;左边锋;;前腰、右边锋;左边锋;1.0;0.95;0.9;61.2;;55.1;£3200万 - £4200万;32.0;42.0;37.0;53.2;63.0;79.2;27.5;67.8;48.2;48.5;51.8;16;4;14;11;4;4;10;6;15;16;11;16;10;15;8;12;13;8;8;11;16;14;9;17;4;11;11;13;9;4;13;10;10;10;12;7;19.1;1.05;1.0;1.05;21.0;16.8;25.2;轮换池;0;PASS;未知;;前腰 (右左中)
28103591;现役;Trevoh Chalobah;英格兰;Chelsea;英超;英超;manual;25;192;不错;精准;右脚;中后卫;右后卫;;中后卫;1.0;0.95;0.9;69.5;66.0;;£3200万 - £4200万;32.0;42.0;37.0;46.5;63.5;60.7;72.8;74.8;69.8;70.0;68.8;13;16;6;12;14;6;9;13;10;14;8;10;11;6;13;14;15;15;15;14;12;16;14;12;8;8;15;12;15;14;15;16;14;14;13;12;51.3;1.0;1.0;0.984;50.5;40.4;60.6;强援池;0;PASS;未知;后卫 (右);后卫 (右中)
2000184611;现役;Josh Acheampong;英格兰;Chelsea;英超;英超;manual;18;187;不错;精准;右脚;中后卫;右翼卫;右后卫;中后卫;1.0;0.95;0.9;61.7;58.6;55.5;£3200万 - £4200万;32.0;42.0;37.0;51.5;53.5;56.8;64.0;72.8;62.7;59.3;59.8;13;14;8;11;12;12;11;13;2;14;8;10;9;5;13;13;15;7;15;16;9;16;12;6;6;11;15;7;12;13;13;13;13;15;10;10;20.4;1.0;1.0;1.05;21.5;17.2;25.8;轮换池;0;PASS;未知;翼卫 (右);后卫 (右中), 翼卫 (右)
25055083;现役;Ladislav Krejčí;捷克;Wolves;英超;英超;majority_high;25;191;精准;还行;左脚;中后卫;后腰;;中后卫;1.0;0.95;0.9;68.4;65.0;;£3200万 - £4100万;32.0;41.0;36.5;58.8;60.2;60.2;69.0;65.5;73.2;63.2;76.8;12;14;14;14;14;8;14;15;9;12;11;12;9;7;15;15;13;12;15;15;12;13;14;11;14;8;16;10;14;12;16;12;15;14;16;15;45.8;1.0;1.0;0.993;45.5;36.4;54.6;强援池;0;PASS;未知;后腰;后卫 (中), 后腰
29179807;现役;Jayden Bogle;英格兰;Leeds;英超;英超;manual;24;178;还行;精准;右脚;右翼卫;;右后卫;右翼卫;1.0;0.95;0.9;65.5;;59.0;£3200万 - £4100万;32.0;41.0;36.5;50.5;71.0;70.2;58.2;72.8;63.7;61.2;65.5;15;11;7;15;12;11;5;10;8;13;11;14;14;9;11;16;14;15;9;14;14;15;12;14;8;13;15;14;16;12;14;12;12;11;11;11;33.2;1.0;1.0;1.029;34.1;27.3;40.9;主力池;0;PASS;未知;;后卫/翼卫 (右)
28122837;现役;Troy Parrott;爱尔兰;AZ;荷甲;荷甲;majority_high;22;185;不错;精准;右脚;中锋;;;中锋;1.0;0.95;0.9;64.1;;;£3200万 - £4000万;32.0;40.0;36.0;67.5;61.3;62.3;41.0;63.2;63.5;62.5;70.0;12;6;15;12;6;5;9;12;11;13;15;12;11;8;12;14;12;12;13;13;13;13;14;13;10;15;15;12;15;8;16;14;13;13;12;13;28.0;1.08;1.0;1.05;31.7;25.4;38.0;主力池;0;PASS;未知;;前锋 (中)
61043456;现役;Andrew Robertson;苏格兰;Liverpool;英超;英超;manual;30;178;精准;笨拙;左脚;左后卫;;左翼卫;左后卫;1.0;0.95;0.9;69.8;;62.8;£3100万 - £5000万;31.0;50.0;40.5;38.8;68.0;67.2;71.0;76.5;71.7;66.8;81.0;14;15;7;14;14;13;5;10;9;15;2;12;16;14;12;18;15;17;9;15;15;15;14;11;16;14;17;12;17;13;16;13;14;15;16;17;52.9;0.98;1.0;0.99;51.3;41.0;61.6;强援池;0;PASS;未知;;后卫/翼卫 (左)
19265858;现役;Richarlison;巴西;Tottenham Hotspur;英超;英超;manual;27;181;不错;精准;右脚;左边锋;右边锋;中锋;左边锋;1.0;0.95;0.9;61.8;58.7;55.6;£3100万 - £4900万;31.0;49.0;40.0;57.7;54.2;59.8;51.5;75.0;65.8;54.0;69.5;13;12;12;11;6;8;11;17;9;10;13;11;11;10;13;16;15;11;11;12;14;15;12;14;9;10;16;10;13;10;14;10;12;10;16;15;20.7;1.05;1.0;1.05;22.8;18.2;27.4;轮换池;0;PASS;未知;前腰 (右);前腰 (右左), 前锋 (中)
27161400;现役;Victor Kristiansen;丹麦;Leicester;英冠;英冠;majority_high;22;181;精准;还行;左脚;中后卫;;左后卫、左翼卫;中后卫;1.0;0.95;0.9;62.1;;55.9;£3100万 - £4900万;31.0;49.0;40.0;48.8;60.7;60.8;59.0;62.7;65.0;59.0;72.8;13;13;5;12;11;12;9;11;10;12;8;12;12;12;12;14;12;15;11;12;12;13;12;11;10;12;15;12;14;10;17;12;12;13;15;15;21.6;1.0;1.0;1.05;22.7;18.2;27.2;轮换池;0;PASS;未知;后卫 (中);后卫 (左中), 翼卫 (左)
2000045039;现役;Jordan James;威尔士;Leicester;英冠;英冠;majority_high;20;178;不错;精准;右脚;前腰;;后腰、中前卫;前腰;1.0;0.95;0.9;63.7;;57.3;£3100万 - £4100万;31.0;41.0;36.0;64.5;66.0;60.0;59.3;62.8;60.8;65.2;69.2;13;12;5;14;10;7;13;11;8;12;13;12;10;7;12;13;13;12;10;13;12;12;14;9;12;14;16;13;14;12;14;14;13;13;13;12;26.6;1.04;1.0;1.05;29.1;23.3;34.9;主力池;0;PASS;未知;前腰 (中);后腰, 中场/前腰 (中)
49047581;现役;Rayan Aït-Nouri;阿尔及利亚;Manchester City;英超;英超;manual;23;180;精准;还行;左脚;左翼卫;;左后卫;左翼卫;1.0;0.95;0.9;68.0;;61.2;£3100万 - £3800万;31.0;38.0;34.5;56.5;67.8;78.5;67.2;72.2;61.3;68.0;62.7;15;15;8;13;12;8;9;11;7;15;10;17;14;11;11;14;15;13;10;13;14;14;13;18;7;14;13;13;12;14;15;13;12;15;13;11;43.9;1.0;1.0;0.992;43.6;34.9;52.3;强援池;0;PASS;未知;;后卫/翼卫 (左)
28116496;现役;Oliver Skipp;英格兰;Leicester;英冠;英冠;majority_high;24;175;还行;精准;右脚;后腰;;中前卫;后腰;1.0;0.95;0.9;63.8;;57.4;£3000万 - £4800万;30.0;48.0;39.0;50.5;60.8;56.2;65.2;63.7;67.0;63.7;73.5;12;14;9;13;12;6;9;11;7;12;7;11;6;8;12;16;12;16;9;13;12;13;13;7;11;13;17;12;15;13;15;13;12;15;15;15;27.0;1.03;1.0;1.05;29.2;23.4;35.0;主力池;0;PASS;未知;;后腰, 中场 (中)
28126246;现役;Samuel Edozie;英格兰;Southampton;英冠;英冠;majority_high;21;181;还行;精准;右脚;左边锋;左边前卫;;左边锋;1.0;0.95;0.9;61.5;58.4;;£3000万 - £4800万;30.0;48.0;39.0;51.0;59.2;69.0;44.8;74.0;61.8;50.5;57.5;14;10;7;12;7;4;8;6;7;12;11;14;10;7;10;14;15;14;11;14;14;15;8;16;6;13;13;11;12;9;13;11;10;10;12;9;19.9;1.05;1.0;1.05;21.9;17.5;26.3;轮换池;0;PASS;未知;中场 (左);中场/前腰 (左)
29178504;现役;Djed Spence;英格兰;Tottenham Hotspur;英超;英超;manual;24;184;还行;精准;右脚;左后卫;;右后卫、右翼卫;左后卫;1.0;0.95;0.9;63.3;;57.0;£3000万 - £4800万;30.0;48.0;39.0;55.2;52.2;54.0;68.0;78.5;65.5;64.0;55.0;10;15;6;10;13;10;7;7;6;10;11;10;12;6;13;16;15;13;12;12;14;17;15;13;7;13;12;11;12;12;10;11;14;14;11;11;25.3;0.98;1.0;1.05;26.0;20.8;31.2;主力池;0;PASS;未知;;后卫 (右左), 翼卫 (右)
2000142236;现役;Romain Esse;英格兰;Coventry;英冠;英冠;majority_high;19;178;精准;强势;右脚;左边锋;前腰;左边前卫、右边前卫、右边锋;左边锋;1.0;0.95;0.9;57.1;54.2;51.4;£3000万 - £4800万;30.0;48.0;39.0;47.7;53.5;68.5;43.2;66.8;52.8;47.3;48.5;13;9;7;11;8;5;9;8;7;13;10;14;11;10;8;12;13;13;9;13;14;14;11;16;6;9;11;9;9;8;12;8;8;10;9;8;10.0;1.05;1.0;1.05;11.0;8.8;13.2;基础池;0;PASS;未知;前腰 (中);中场 (右左), 前腰 (右左中)
51054011;现役;Edson Álvarez;墨西哥;Fenerbahçe;土超;土超;manual;27;190;还行;精准;右脚;中后卫;中前卫;后腰;中后卫;1.0;0.95;0.9;68.3;64.9;61.5;£3000万 - £4000万;30.0;40.0;35.0;49.3;60.2;57.0;73.3;59.2;70.2;63.5;75.8;12;15;11;13;15;7;9;12;8;13;8;11;7;6;15;15;12;13;15;10;11;11;13;9;14;11;15;11;16;14;15;13;15;12;16;14;45.3;1.0;1.0;0.99;44.9;35.9;53.9;强援池;0;PASS;未知;后卫/中场 (中);后卫 (中), 后腰, 中场 (中)
28066083;现役;Serge Gnabry;德国;Bayern Munich;德甲;德甲;manual;29;176;强势;精准;左脚;中锋;左边前卫、右边前卫;前腰、左边锋、右边锋;中锋;1.0;0.95;0.9;68.9;65.5;62.0;£3000万 - £3900万;30.0;39.0;34.5;75.2;69.8;72.8;49.0;69.5;56.5;66.3;61.5;15;9;12;14;8;7;15;11;12;14;15;15;12;12;12;13;14;10;8;12;14;14;16;15;13;16;12;14;13;8;12;13;13;14;12;11;48.3;1.08;1.0;0.984;51.3;41.0;61.6;强援池;0;PASS;未知;中场 (右左), 前锋 (中);中场 (右左), 前腰 (右左中), 前锋 (中)
2000275657;现役;Jay Robinson;英格兰;Southampton;英冠;英冠;majority_high;17;176;不错;精准;右脚;左边锋;;;左边锋;1.0;0.95;0.9;60.4;;;£3000万 - £3700万;30.0;37.0;33.5;51.8;63.5;69.8;47.3;64.5;56.5;54.2;55.0;14;10;9;13;8;7;10;9;9;14;10;15;11;8;10;13;13;11;10;13;12;13;11;13;9;11;12;12;12;9;11;11;10;11;11;10;17.0;1.05;1.0;1.05;18.7;15.0;22.4;轮换池;0;PASS;未知;;前腰 (左)
2000023537;现役;Ben Nelson;英格兰;Leicester;英冠;英冠;majority_high;20;193;强势;精准;左脚;中后卫;;;中后卫;1.0;0.95;0.9;63.5;;;£3000万 - £3700万;30.0;37.0;33.5;36.0;58.7;62.3;67.2;60.0;64.0;64.2;62.0;13;14;4;12;13;5;5;13;5;13;6;11;7;4;14;12;12;12;14;12;12;12;14;15;10;6;12;11;13;14;14;12;12;13;12;11;26.0;1.0;1.0;1.05;27.3;21.8;32.8;主力池;0;PASS;未知;;后卫 (中)
48036558;现役;Jean-Ricner Bellegarde;海地;Wolves;英超;英超;majority_high;26;170;欠佳;精准;右脚;左边锋;右边锋;中前卫、前腰;左边锋;1.0;0.95;0.9;63.9;60.7;57.5;£2900万 - £4700万;29.0;47.0;38.0;56.3;64.0;71.8;46.2;70.0;62.3;57.0;61.0;15;9;12;13;8;6;13;8;10;14;9;15;13;11;15;14;14;13;7;12;14;14;13;13;7;12;14;11;13;8;14;12;11;12;11;10;27.3;1.05;1.0;1.05;30.1;24.1;36.1;主力池;0;PASS;未知;前腰 (右左);中场 (中), 前腰 (右左中)
53101282;现役;Sander Berge;挪威;Fulham;英超;英超;manual;26;195;还行;精准;右脚;中前卫;前腰;后腰;中前卫;1.0;0.95;0.9;67.0;63.6;60.3;£2900万 - £4700万;29.0;47.0;38.0;57.0;71.8;66.8;65.8;63.8;65.2;70.0;64.2;15;14;12;15;11;6;10;9;9;13;10;13;11;9;13;14;13;14;12;14;13;12;14;11;11;13;12;14;15;14;14;15;15;13;10;12;39.4;1.02;1.0;1.013;40.7;32.6;48.8;强援池;0;PASS;未知;前腰 (中);后腰, 中场/前腰 (中)
2000284118;现役;Yunus Emre Konak;土耳其;Oxford United;英冠;英冠;majority_high;19;181;还行;精准;右脚;后腰;中前卫;;后腰;1.0;0.95;0.9;63.4;60.2;;£2900万 - £4700万;29.0;47.0;38.0;48.5;57.3;57.2;69.5;58.8;67.5;61.0;70.5;12;15;9;12;14;7;8;12;7;12;9;11;8;6;13;14;12;15;11;13;11;11;14;10;7;9;15;11;14;12;15;11;13;13;16;17;25.6;1.03;1.0;1.05;27.7;22.2;33.2;主力池;0;PASS;未知;中场 (中);后腰, 中场 (中)
2000040214;现役;Jhon Solís;哥伦比;Birmingham;英冠;英冠;majority_high;20;189;还行;精准;右脚;后腰;;中前卫;后腰;1.0;0.95;0.9;62.8;;56.5;£2900万 - £4700万;29.0;47.0;38.0;51.8;64.0;58.0;61.0;65.5;69.8;62.7;61.8;13;12;8;14;11;6;10;12;8;12;9;11;9;5;14;15;13;14;14;13;12;13;14;8;9;11;14;12;13;13;12;13;12;12;13;11;23.7;1.03;1.0;1.05;25.6;20.5;30.7;主力池;0;PASS;未知;;后腰, 中场 (中)
66014588;现役;Hwang Hee-Chan;韩国;Wolves;英超;英超;majority_high;28;177;不错;精准;右脚;中锋;左边前卫、右边前卫、右边锋;左边锋;中锋;1.0;0.95;0.9;63.6;60.4;57.2;£2900万 - £4600万;29.0;46.0;37.5;64.8;57.0;64.0;43.8;71.3;61.0;57.7;68.0;13;8;12;11;6;2;10;11;8;10;15;14;10;8;11;13;14;13;11;13;14;15;12;13;10;13;14;12;14;9;15;11;12;13;13;16;26.3;1.08;1.0;1.05;29.8;23.8;35.8;主力池;0;PASS;未知;中场 (右左), 前腰 (右);中场/前腰 (右左), 前锋 (中)
67248170;现役;Jorge Cuenca;西班牙;Fulham;英超;英超;manual;25;189;精准;还行;左脚;中后卫;;;中后卫;1.0;0.95;0.9;66.9;;;£2900万 - £4600万;29.0;46.0;37.5;43.8;62.0;55.0;71.3;72.0;67.2;65.8;66.2;12;15;6;13;14;9;8;13;6;14;7;9;7;7;15;12;15;14;14;12;12;15;14;7;9;8;14;12;14;14;14;13;14;14;13;12;38.9;1.0;1.0;1.013;39.4;31.5;47.3;主力池;0;PASS;未知;;后卫 (中)
49038967;现役;Bafodé Diakité;法国;Bournemouth;英超;英超;manual;24;185;欠佳;精准;右脚;中后卫;右后卫;;中后卫;1.0;0.95;0.9;66.7;63.4;;£2900万 - £3700万;29.0;37.0;33.0;58.7;60.0;58.5;69.0;65.5;70.8;63.0;66.8;12;14;9;14;15;13;8;15;4;12;12;10;13;5;15;14;13;14;14;14;13;13;14;13;13;13;13;9;13;13;15;12;12;15;13;12;38.1;1.0;1.0;1.001;38.1;30.5;45.7;主力池;0;PASS;未知;后卫 (右);后卫 (右中)
55070285;现役;João Palhinha;葡萄牙;Tottenham Hotspur;英超;英超;manual;29;190;欠佳;精准;右脚;后腰;中前卫;;后腰;1.0;0.95;0.9;71.8;68.2;;£2900万 - £3600万;29.0;36.0;32.5;53.0;58.2;57.0;82.7;62.0;80.8;68.3;88.0;12;19;12;12;14;8;13;15;8;12;8;11;8;6;16;16;13;15;16;16;11;11;16;8;13;9;19;11;16;16;19;13;16;12;19;18;64.3;1.03;1.0;0.959;63.5;50.8;76.2;强援池;0;PASS;未知;中场 (中);后腰, 中场 (中)
2000300033;现役;Romelle Donovan;英格兰;Brentford;英超;英超;manual;18;171;精准;欠佳;左脚;右边锋;中前卫;前腰;右边锋;1.0;0.95;0.9;60.5;57.5;54.5;£2900万 - £3600万;29.0;36.0;32.5;60.2;56.5;61.8;41.2;69.5;60.0;53.0;59.8;13;8;11;11;7;10;13;9;9;11;12;12;11;8;11;14;14;14;9;12;13;14;11;14;5;12;14;11;12;7;14;11;10;12;12;11;17.2;1.05;1.0;1.05;19.0;15.2;22.8;轮换池;0;PASS;未知;中场 (中), 前腰 (右);中场 (中), 前腰 (右中)
2000187717;现役;Tommy Watson;英格兰;Millwall;英冠;英冠;majority_high;18;190;不错;精准;右脚;左边锋;中锋;右边锋;左边锋;1.0;0.95;0.9;61.4;58.3;55.3;£2900万 - £3600万;29.0;36.0;32.5;64.8;56.0;66.5;38.8;68.0;55.0;53.7;55.0;11;7;12;11;6;7;13;8;13;12;13;15;14;14;8;9;14;13;14;15;15;14;12;14;7;13;12;12;11;7;14;8;11;14;9;6;19.6;1.05;1.0;1.05;21.6;17.3;25.9;轮换池;0;PASS;未知;前锋 (中);前腰 (右左), 前锋 (中)
85140301;现役;Christopher Nkunku;法国;AC Milan;意甲;意甲;manual;27;178;不错;精准;右脚;左边锋、前腰、中锋;右边锋;;左边锋;1.0;0.95;0.9;70.4;66.9;;£2900万 - £3600万;29.0;36.0;32.5;72.8;69.5;78.0;38.5;77.0;56.5;63.7;61.5;16;7;15;14;4;4;13;10;16;15;14;16;13;14;11;12;15;11;10;12;15;17;16;17;8;16;12;13;12;6;15;12;12;15;12;11;56.2;1.05;1.0;0.968;57.1;45.7;68.5;强援池;0;PASS;未知;前腰 (右左), 前锋 (中);前腰 (右左中), 前锋 (中)
43091113;现役;Bryan Cristante;意大利;Roma;意甲;意甲;manual;29;186;不错;精准;右脚;后腰;;中前卫;后腰;1.0;0.95;0.9;70.6;;63.5;£2900万 - £3500万;29.0;35.0;32.0;68.2;70.0;60.0;73.0;55.2;79.5;69.5;74.2;14;16;12;15;12;8;14;17;8;13;13;11;11;8;15;16;11;17;16;16;10;10;15;8;14;14;16;14;17;16;14;13;13;14;16;10;57.3;1.03;1.0;0.965;57.0;45.6;68.4;强援池;0;PASS;未知;;后腰, 中场 (中)
37053977;现役;Azor Matusiwa;荷兰;Ipswich;英冠;英冠;majority_high;26;173;还行;精准;右脚;后腰;右后卫、右翼卫、右边前卫;中前卫;后腰;1.0;0.95;0.9;65.1;61.8;58.6;£2900万 - £3500万;29.0;35.0;32.0;47.5;65.8;61.7;66.8;60.5;64.8;64.5;73.8;13;13;6;13;13;8;10;11;8;14;6;11;11;6;13;13;12;13;11;14;12;12;13;11;14;13;17;14;15;15;15;12;12;12;14;13;31.6;1.03;1.0;1.018;33.2;26.6;39.8;主力池;0;PASS;未知;后卫/翼卫/中场 (右);后卫/翼卫 (右), 后腰, 中场 (右中)
13196616;现役;Edmond Tapsoba;布基纳法索;Bayer 04 Leverkusen;德甲;德甲;manual;25;192;还行;精准;右脚;中后卫;;;中后卫;1.0;0.95;0.9;70.9;;;£2800万 - £4400万;28.0;44.0;36.0;46.8;70.2;62.5;73.8;67.2;72.8;72.8;67.0;13;15;15;15;15;13;9;14;8;13;6;12;8;3;15;14;14;14;15;15;12;13;15;11;11;8;12;15;14;15;15;14;13;16;14;13;59.0;1.0;1.0;0.971;57.3;45.8;68.8;强援池;0;PASS;未知;;后卫 (中)
28110488;现役;Dwight McNeil;英格兰;Everton;英超;英超;manual;25;183;精准;欠佳;左脚;左边锋;右边前卫、右边锋、中锋;左边前卫;左边锋;1.0;0.95;0.9;65.2;61.9;58.7;£2800万 - £4400万;28.0;44.0;36.0;64.2;69.0;68.8;56.5;64.2;61.3;62.5;65.8;15;12;9;14;10;6;14;7;9;14;12;13;14;13;10;14;13;16;11;10;14;12;13;14;6;14;13;13;15;10;16;13;12;13;14;8;32.0;1.05;1.0;1.032;34.7;27.8;41.6;主力池;0;PASS;未知;中场/前腰 (右), 前锋 (中);中场/前腰 (右左), 前锋 (中)
16184707;现役;Christoph Baumgartner;奥地利;RB Leipzig;德甲;德甲;manual;25;180;还行;精准;右脚;左边锋;右边锋;中前卫、前腰;左边锋;1.0;0.95;0.9;69.6;66.1;62.6;£2800万 - £3600万;28.0;36.0;32.0;72.5;67.2;70.0;60.0;68.8;68.0;67.5;79.8;14;12;14;13;10;13;13;15;12;14;14;14;12;12;12;15;13;15;13;12;15;14;16;14;14;17;17;14;16;11;17;13;13;13;16;16;51.9;1.05;1.0;0.972;52.9;42.3;63.5;强援池;0;PASS;未知;前腰 (右左);中场 (中), 前腰 (右左中)
89063073;现役;Kim Min-Jae;韩国;Bayern Munich;德甲;德甲;manual;28;190;不错;精准;右脚;中后卫;;;中后卫;1.0;0.95;0.9;72.6;;;£2800万 - £3500万;28.0;35.0;31.5;41.8;63.5;56.0;78.2;68.5;76.8;67.5;76.8;12;16;7;14;16;8;7;15;3;12;6;10;7;3;16;13;14;15;16;16;12;14;16;8;13;8;16;13;12;16;18;12;12;13;17;16;69.3;1.0;1.0;0.953;66.0;52.8;79.2;强援池;0;PASS;未知;;后卫 (中)
45095577;现役;Ritsu Doan;日本;Eintracht Frankfurt;德甲;德甲;majority_high;26;172;精准;还行;左脚;左边锋;前腰、右边前卫;右边锋;左边锋;1.0;0.95;0.9;68.9;65.5;62.0;£2800万 - £3500万;28.0;35.0;31.5;65.0;69.2;76.0;54.0;72.8;61.2;64.0;69.2;16;11;12;13;9;8;15;11;13;15;12;15;12;13;11;14;14;16;8;12;16;15;13;15;11;13;16;14;16;10;13;13;13;13;13;13;48.3;1.05;1.0;0.976;49.5;39.6;59.4;强援池;0;PASS;未知;中场 (右), 前腰 (左中);中场 (右), 前腰 (右左中)
37060896;现役;Joey Veerman;荷兰;PSV;荷甲;荷甲;manual;26;185;不错;精准;右脚;前腰;后腰;中前卫;前腰;1.0;0.95;0.9;68.3;64.9;61.5;£2700万 - £4400万;27.0;44.0;35.5;66.2;76.8;66.5;49.0;62.0;66.5;67.5;73.0;14;7;15;17;7;7;16;11;17;14;10;12;11;17;10;15;12;15;13;14;13;12;14;14;14;15;14;17;15;13;16;11;12;14;15;14;45.3;1.04;1.0;0.992;46.7;37.4;56.0;强援池;0;PASS;未知;后腰, 前腰 (中);后腰, 中场/前腰 (中)
67215284;现役;Marc Cucurella;西班牙;Chelsea;英超;英超;manual;26;173;精准;欠佳;左脚;左翼卫、左后卫;中后卫、左边前卫;;左翼卫;1.0;0.95;0.9;67.9;64.5;;£2700万 - £4400万;27.0;44.0;35.5;59.8;68.5;64.0;63.0;75.0;65.2;66.0;81.8;14;14;7;13;12;12;8;6;7;14;12;11;13;10;12;16;14;13;8;14;15;16;16;10;13;15;18;14;15;8;18;15;14;12;16;18;43.4;1.0;1.0;0.996;43.2;34.6;51.8;强援池;0;PASS;未知;后卫 (中), 中场 (左);后卫 (左中), 翼卫/中场 (左)
2000013430;现役;Pablo Felipe;葡萄牙;West Ham;英超;英超;manual;21;184;还行;精准;右脚;中锋;;;中锋;1.0;0.95;0.9;65.3;;;£2700万 - £4300万;27.0;43.0;35.0;66.8;55.2;61.0;58.3;63.2;73.2;63.2;78.2;12;13;13;11;9;4;12;13;5;12;14;12;8;5;14;14;13;16;13;16;12;12;15;12;11;12;17;10;14;10;18;13;12;15;16;19;32.4;1.08;1.0;1.026;35.9;28.7;43.1;主力池;0;PASS;未知;;前锋 (中)
2000379552;现役;Shumaira Mheuka;英格兰;Chelsea;英超;英超;manual;17;185;不错;精准;右脚;中锋;;;中锋;1.0;0.95;0.9;56.5;;;£2700万 - £4300万;27.0;43.0;35.0;56.5;45.0;51.8;41.0;65.2;61.0;56.8;55.5;13;4;13;6;6;7;7;8;10;10;15;10;5;8;13;9;14;15;12;14;6;15;13;8;11;9;12;10;8;12;13;12;13;9;10;7;9.0;1.08;1.0;1.05;10.2;8.2;12.2;基础池;0;PASS;未知;;前锋 (中)
92074020;现役;Christian Pulisic;美国;AC Milan;意甲;意甲;manual;26;178;不错;精准;右脚;前腰、左边锋、右边锋;;中锋;前腰;1.0;0.95;0.9;71.6;;64.4;£2700万 - £4300万;27.0;43.0;35.0;77.2;74.8;77.8;38.8;71.8;59.0;67.0;64.8;15;7;14;15;3;4;15;5;12;16;15;16;14;15;11;13;14;13;8;14;15;15;15;16;12;18;13;15;14;7;13;14;14;14;12;12;63.1;1.04;1.0;0.965;63.3;50.6;76.0;强援池;0;PASS;未知;前腰 (左);前腰 (右左中), 前锋 (中)
53063430;现役;Alexander Sørloth;挪威;Atlético Madrid;西甲;西甲;manual;29;194;精准;不错;左脚;中锋;;;中锋;1.0;0.95;0.9;68.6;;;£2700万 - £4300万;27.0;43.0;35.0;72.5;61.8;63.3;40.5;70.5;78.0;62.8;68.0;13;6;14;12;6;6;12;15;10;12;16;13;7;7;16;15;15;15;17;16;13;13;13;10;9;15;14;13;15;7;14;14;14;15;14;13;46.8;1.08;1.0;0.988;49.9;39.9;59.9;强援池;0;PASS;未知;;前锋 (中)
76038475;现役;Jefferson Lerma;哥伦比;Crystal Palace;英超;英超;manual;30;179;欠佳;精准;右脚;中后卫;;后腰、中前卫;中后卫;1.0;0.95;0.9;66.6;;59.9;£2700万 - £3600万;27.0;36.0;31.5;48.5;58.0;58.5;68.3;63.8;71.8;62.3;70.8;12;14;9;12;13;15;10;15;9;12;7;11;9;9;14;14;12;15;14;14;14;13;14;9;9;11;15;11;13;13;15;12;14;12;16;15;37.6;1.0;1.0;0.998;37.6;30.1;45.1;主力池;0;PASS;未知;;后卫 (中), 后腰, 中场 (中)
28110835;现役;Dan Ballard;北爱尔兰;Sunderland;英超;英超;manual;25;187;还行;精准;右脚;中后卫;;;中后卫;1.0;0.95;0.9;67.0;;;£2700万 - £3500万;27.0;35.0;31.0;40.8;53.5;51.0;70.3;65.0;73.5;60.2;75.8;11;14;7;12;15;6;8;18;5;13;6;8;4;3;17;15;14;12;16;11;10;12;13;9;14;7;15;9;16;13;15;11;14;14;16;16;39.4;1.0;1.0;0.992;39.1;31.3;46.9;主力池;0;PASS;未知;;后卫 (中)
76023027;现役;Davinson Sánchez;哥伦比;Galatasaray;土超;土超;manual;28;187;还行;精准;右脚;中后卫;;;中后卫;1.0;0.95;0.9;70.2;;;£2700万 - £3500万;27.0;35.0;31.0;42.2;62.8;60.0;73.3;70.0;75.5;66.2;70.0;13;17;7;13;14;9;8;16;7;13;6;11;7;5;16;15;15;15;16;13;12;13;13;10;14;8;14;12;14;14;14;14;12;15;15;15;55.1;1.0;1.0;0.966;53.2;42.6;63.8;强援池;0;PASS;未知;;后卫 (中)
85086031;现役;Adrien Rabiot;法国;AC Milan;意甲;意甲;manual;29;191;精准;还行;左脚;后腰;左边前卫;中前卫;后腰;1.0;0.95;0.9;72.3;68.7;65.1;£2700万 - £3500万;27.0;35.0;31.0;69.2;72.0;69.5;72.0;73.8;82.2;66.7;68.0;15;16;12;16;12;8;15;14;9;15;13;14;14;11;17;18;16;19;14;15;12;13;15;10;14;14;16;13;17;16;10;11;12;14;14;13;67.4;1.03;1.0;0.954;66.2;53.0;79.4;强援池;0;PASS;未知;后腰, 中场 (左);后腰, 中场 (左中)
24016529;现役;Marcelo Brozović;克罗地亚;Al-Nassr;沙特联;沙特联;manual;32;181;还行;精准;右脚;后腰;;中前卫;后腰;1.0;0.95;0.9;69.7;;62.7;£2700万 - £3400万;27.0;34.0;30.5;61.5;76.2;65.0;67.8;52.5;66.2;73.0;82.0;17;14;11;16;11;5;12;11;13;15;11;10;12;15;12;14;10;15;11;13;11;10;15;10;14;12;17;14;19;14;16;15;15;16;16;17;52.4;1.03;1.0;0.968;52.2;41.8;62.6;强援池;0;PASS;未知;;后腰, 中场 (中)
14129337;现役;Nahuel Molina;阿根廷;Atlético Madrid;西甲;西甲;manual;26;175;不错;精准;右脚;右边前卫;右翼卫;右后卫;右边前卫;1.0;0.95;0.9;67.1;63.7;60.4;£2700万 - £3300万;27.0;33.0;30.0;61.8;68.5;67.0;63.5;74.5;62.3;64.5;69.8;14;13;6;14;12;13;12;8;11;13;11;13;14;12;12;14;15;15;8;12;15;15;13;13;11;16;15;14;13;12;15;12;14;13;14;13;39.8;1.01;1.0;0.988;39.7;31.8;47.6;主力池;0;PASS;未知;翼卫/中场 (右);后卫/翼卫/中场 (右)
2000070396;现役;Caspar Jander;德国;Southampton;英冠;英冠;majority_high;21;183;欠佳;精准;右脚;后腰;;中前卫;后腰;1.0;0.95;0.9;64.6;;58.1;£2600万 - £4200万;26.0;42.0;34.0;51.5;65.8;65.5;62.0;64.2;64.8;62.2;75.8;14;14;12;14;10;6;11;7;13;13;8;13;11;13;11;16;12;13;11;12;13;13;12;12;12;11;16;12;15;12;16;13;13;13;16;16;29.8;1.03;1.0;1.034;31.7;25.4;38.0;主力池;0;PASS;未知;;后腰, 中场 (中)
2000102796;现役;Joshua Quarshie;德国;Southampton;英冠;英冠;majority_high;20;196;不错;精准;右脚;中后卫;;;中后卫;1.0;0.95;0.9;60.1;;;£2600万 - £4200万;26.0;42.0;34.0;34.2;48.2;43.2;59.0;75.5;70.0;50.0;67.3;9;12;6;11;12;17;6;13;3;9;5;8;6;2;15;12;18;12;17;14;9;14;11;6;12;8;14;9;12;12;15;10;10;9;14;16;16.2;1.0;1.0;1.05;17.1;13.7;20.5;基础池;0;PASS;未知;;后卫 (中)
71099066;现役;Artem Dovbyk;乌克兰;Roma;意甲;意甲;manual;27;189;精准;还行;左脚;中锋;;;中锋;1.0;0.95;0.9;66.0;;;£2600万 - £4200万;26.0;42.0;34.0;67.8;56.5;59.8;44.5;71.2;75.5;61.0;69.0;12;8;15;10;6;6;11;16;10;13;16;11;8;7;16;15;15;15;16;15;11;14;14;12;10;12;15;12;15;8;15;13;14;12;12;12;35.2;1.08;1.0;1.013;38.5;30.8;46.2;主力池;0;PASS;未知;;前锋 (中)
19352610;现役;Rodrigo Muniz;巴西;Fulham;英超;英超;manual;23;185;还行;精准;右脚;中锋;;;中锋;1.0;0.95;0.9;65.6;;;£2600万 - £4200万;26.0;42.0;34.0;71.3;55.8;63.5;42.7;69.5;65.0;62.0;61.3;13;7;11;9;7;10;11;15;6;13;16;11;9;8;12;13;14;12;15;13;14;14;15;15;8;15;14;12;11;7;13;13;11;14;14;11;33.6;1.08;1.0;1.019;36.9;29.5;44.3;主力池;0;PASS;未知;;前锋 (中)
71075952;现役;Mykola Matviienko;乌克兰;Shakhtar;乌超;乌超;majority_medium;28;182;精准;不错;左脚;中后卫;;左后卫;中后卫;1.0;0.95;0.9;64.3;;57.9;£2600万 - £4200万;26.0;42.0;34.0;44.8;65.8;57.3;64.0;65.0;67.2;57.5;72.5;12;13;7;14;14;13;7;12;12;12;6;11;11;12;13;13;13;15;12;13;13;13;11;8;14;15;15;14;15;12;15;12;11;10;16;12;28.7;1.0;1.0;1.039;29.8;23.8;35.8;主力池;0;PASS;未知;;后卫 (左中)
29126231;现役;Kyle Walker-Peters;英格兰;West Ham;英超;英超;manual;27;174;不错;精准;右脚;右翼卫;;左后卫、右后卫;右翼卫;1.0;0.95;0.9;64.1;;57.7;£2600万 - £3400万;26.0;34.0;30.0;53.8;62.0;68.2;62.2;70.5;63.0;60.8;65.2;13;14;7;12;11;5;8;8;6;14;10;15;13;8;10;16;14;18;6;14;13;14;12;11;8;14;15;12;15;13;14;12;11;13;12;12;28.0;1.0;1.0;1.025;28.7;23.0;34.4;主力池;0;PASS;未知;;后卫 (右左), 翼卫 (右)
2000280807;现役;Harry Amass;英格兰;Norwich;英冠;英冠;majority_high;17;181;精准;欠佳;左脚;左翼卫;;左后卫;左翼卫;1.0;0.95;0.9;61.3;;55.2;£2600万 - £3400万;26.0;34.0;30.0;46.0;63.8;71.2;56.8;68.2;58.5;60.0;49.8;14;12;4;13;10;6;5;11;6;14;8;14;12;10;9;13;13;13;9;15;16;14;12;14;8;13;14;12;12;12;4;11;10;14;13;12;19.3;1.0;1.0;1.05;20.3;16.2;24.4;轮换池;0;PASS;未知;;后卫/翼卫 (左)
23168001;现役;Salem Al-Dawsari;沙特阿拉伯;Al-Hilal;沙特联;沙特联;manual;33;172;还行;精准;右脚;左边锋;左边前卫;;左边锋;1.0;0.95;0.9;69.0;65.5;;£2600万 - £3300万;26.0;33.0;29.5;69.0;71.3;81.8;37.5;66.8;59.8;65.0;58.8;17;6;12;13;5;10;12;7;12;15;14;17;12;14;10;12;12;17;8;16;15;15;14;17;16;15;11;15;10;7;14;13;12;15;9;8;48.8;1.05;1.0;0.971;49.7;39.8;59.6;强援池;0;PASS;未知;中场 (左);中场/前腰 (左)
51042313;现役;Hirving Lozano;墨西哥;San Diego FC;美职联;美职联;majority_high;29;175;还行;精准;右脚;左边锋;中锋;右边锋;左边锋;1.0;0.95;0.9;65.6;62.3;59.0;£2600万 - £3200万;26.0;32.0;29.0;69.0;69.2;74.5;39.5;68.0;44.8;61.8;53.5;15;8;14;14;5;7;12;12;12;15;14;15;13;9;7;9;14;10;9;11;15;14;14;16;7;15;11;13;11;6;12;13;12;14;9;12;33.6;1.05;1.0;1.001;35.3;28.2;42.4;主力池;0;PASS;未知;前锋 (中);前腰 (右左), 前锋 (中)
29115800;现役;Joe Gomez;英格兰;Liverpool;英超;英超;manual;27;188;欠佳;精准;右脚;中后卫;左后卫、右后卫;;中后卫;1.0;0.95;0.9;69.3;65.8;;£2500万 - £4000万;25.0;40.0;32.5;28.0;59.8;62.5;73.8;76.8;73.0;63.2;68.5;14;15;1;13;15;16;1;15;4;15;1;11;13;3;15;15;15;15;14;14;15;16;14;5;13;11;14;7;16;15;12;14;14;14;14;14;50.3;1.0;1.0;0.976;49.1;39.3;58.9;强援池;0;PASS;未知;后卫 (右左);后卫 (右左中)
2000191846;现役;Jayden Danns;英格兰;Liverpool;英超;英超;manual;19;187;欠佳;精准;右脚;左边锋;前腰;中锋;左边锋;1.0;0.95;0.9;63.6;60.4;57.2;£2500万 - £4000万;25.0;40.0;32.5;65.0;63.0;68.0;45.0;65.2;56.5;59.8;65.5;14;10;12;12;6;5;11;12;12;13;14;14;8;4;12;10;13;11;11;12;13;14;14;14;9;13;14;14;14;6;14;11;13;13;12;14;26.3;1.05;1.0;1.045;28.8;23.0;34.6;主力池;0;PASS;未知;前腰 (左中);前腰 (左中), 前锋 (中)
28113416;现役;Jacob Greaves;英格兰;Ipswich;英冠;英冠;majority_high;24;193;精准;欠佳;左脚;中后卫;;左后卫;中后卫;1.0;0.95;0.9;65.6;;59.0;£2500万 - £4000万;25.0;40.0;32.5;47.5;64.5;57.3;67.2;64.8;71.0;59.5;64.8;12;14;5;14;14;7;6;13;5;12;9;12;13;5;13;16;13;14;16;13;13;12;13;5;13;12;15;13;14;14;12;11;10;12;13;12;33.6;1.0;1.0;1.013;34.0;27.2;40.8;主力池;0;PASS;未知;;后卫 (左中)
28124570;现役;Bashir Humphreys;英格兰;Burnley;英超;英超;manual;21;187;精准;强势;右脚;中后卫;左后卫;;中后卫;1.0;0.95;0.9;62.5;59.4;;£2500万 - £4000万;25.0;40.0;32.5;39.8;54.5;55.5;64.2;65.0;66.0;60.8;64.0;12;13;5;11;12;8;6;13;6;11;6;11;9;6;13;14;13;13;14;12;12;13;14;8;9;9;13;10;12;13;15;12;13;12;13;10;22.8;1.0;1.0;1.05;23.9;19.1;28.7;轮换池;0;PASS;未知;后卫 (左);后卫 (左中)
18115949;现役;Jackson Tchatchoua;喀麦隆;Wolves;英超;英超;majority_high;23;180;欠佳;精准;右脚;右翼卫;;右后卫、右边前卫;右翼卫;1.0;0.95;0.9;61.1;;55.0;£2500万 - £3100万;25.0;31.0;28.0;46.0;55.5;62.5;53.8;79.8;63.2;57.0;55.8;12;12;5;11;9;10;8;7;5;13;7;12;11;11;12;14;18;15;10;14;12;15;13;14;6;12;12;10;13;10;12;11;11;12;10;12;18.8;1.0;1.0;1.05;19.7;15.8;23.6;轮换池;0;PASS;未知;;后卫/翼卫/中场 (右)
45030953;现役;Wataru Endo;日本;Liverpool;英超;英超;manual;31;178;欠佳;精准;右脚;中后卫;中前卫;后腰;中后卫;1.0;0.95;0.9;72.7;69.1;65.4;£2500万 - £3100万;25.0;31.0;28.0;47.3;64.5;59.5;77.0;64.8;73.5;72.0;82.0;13;16;11;14;14;8;6;15;5;13;6;11;7;3;12;16;12;17;14;15;14;13;17;6;13;12;17;12;18;15;17;14;16;15;16;15;69.9;1.0;1.0;0.95;66.4;53.1;79.7;强援池;0;PASS;未知;后卫/中场 (中);后卫 (中), 后腰, 中场 (中)
2000087605;现役;Will Alves;英格兰;Huddersfield;英甲;英甲;majority_high;19;175;不错;精准;右脚;左边锋;中前卫、右边锋;前腰;左边锋;1.0;0.95;0.9;56.5;53.7;50.9;£2500万 - £3100万;25.0;31.0;28.0;47.0;59.8;72.2;31.8;63.0;45.0;46.2;45.2;15;7;6;11;4;10;9;7;10;14;10;14;10;10;6;9;12;11;9;12;14;14;10;17;12;9;8;13;8;5;10;7;8;10;9;8;9.0;1.05;1.0;1.05;9.9;7.9;11.9;基础池;0;PASS;未知;中场 (中), 前腰 (右);中场 (中), 前腰 (右左中)
2000189761;现役;Jacob Wright;英格兰;Norwich;英冠;英冠;majority_high;19;178;欠佳;精准;右脚;中前卫;;后腰;中前卫;1.0;0.95;0.9;60.8;;54.7;£2500万 - £3000万;25.0;30.0;27.5;49.0;71.5;58.2;57.0;52.5;57.7;60.5;65.2;15;13;8;15;9;4;8;8;13;13;8;10;13;14;11;13;10;13;9;12;12;10;12;5;12;12;14;15;14;12;14;11;11;14;11;14;18.0;1.02;1.0;1.05;19.3;15.4;23.2;轮换池;0;PASS;未知;;后腰, 中场 (中)
67197145;现役;Lucas Hernández;法国;Paris Saint-Germain;法甲;法甲;manual;28;184;精准;欠佳;左脚;中后卫;;左后卫;中后卫;1.0;0.95;0.9;72.6;;65.3;£2500万 - £3000万;25.0;30.0;27.5;46.8;66.5;63.5;78.2;65.0;72.8;69.8;77.8;13;16;7;14;16;12;7;14;8;14;6;12;13;6;15;14;13;13;14;15;12;13;15;11;13;13;15;12;15;16;17;14;13;14;17;18;69.3;1.0;1.0;0.95;65.8;52.6;79.0;强援池;0;PASS;未知;;后卫 (左中)
13136629;现役;Taiwo Awoniyi;尼日利亚;Nottingham Forest;英超;英超;manual;27;183;还行;精准;右脚;中锋;;;中锋;1.0;0.95;0.9;65.6;;;£2500万 - £3000万;25.0;30.0;27.5;68.0;57.2;72.0;31.2;75.8;69.5;49.5;58.7;14;4;12;11;4;5;11;14;8;14;16;15;9;7;16;13;15;13;11;16;15;16;13;13;5;15;13;11;11;5;13;9;11;9;13;14;33.6;1.08;1.0;0.996;36.1;28.9;43.3;主力池;0;PASS;未知;;前锋 (中)
2000158356;现役;Jair;巴西;Nottingham Forest;英超;英超;manual;19;197;欠佳;精准;右脚;中后卫;;;中后卫;1.0;0.95;0.9;62.3;;;£2400万 - £3900万;24.0;39.0;31.5;39.8;58.2;51.5;67.8;62.2;62.0;61.0;61.8;13;15;10;11;13;12;5;15;6;10;5;8;8;8;12;12;13;11;18;11;12;12;13;9;13;12;12;13;12;14;14;12;12;10;10;13;22.2;1.0;1.0;1.05;23.3;18.6;28.0;轮换池;0;PASS;未知;;后卫 (中)
67258842;现役;Carlos Vicente;西班牙;Birmingham;英冠;英冠;majority_high;25;179;不错;精准;右脚;右边锋;;右边前卫;右边锋;1.0;0.95;0.9;63.9;;57.5;£2400万 - £3900万;24.0;39.0;31.5;59.8;59.2;63.8;47.2;74.5;63.5;59.7;69.5;13;9;12;10;8;8;10;9;8;12;11;13;13;13;12;15;15;15;9;12;14;15;13;12;14;15;15;13;13;8;15;13;12;12;13;13;27.3;1.05;1.0;1.035;29.7;23.8;35.6;主力池;0;PASS;未知;;中场/前腰 (右)
66034886;现役;Hwang In-Beom;韩国;Feyenoord;荷甲;荷甲;manual;28;177;不错;精准;右脚;前腰;后腰;中前卫;前腰;1.0;0.95;0.9;68.3;64.9;61.5;£2400万 - £3800万;24.0;38.0;31.0;58.5;75.8;72.5;52.0;62.0;54.5;70.2;73.3;16;8;11;16;9;5;12;8;12;15;9;14;11;12;8;15;11;12;8;12;14;13;14;13;13;14;16;14;18;12;15;16;14;14;11;13;45.3;1.04;1.0;0.98;46.2;37.0;55.4;强援池;0;PASS;未知;后腰, 前腰 (中);后腰, 中场/前腰 (中)
49040114;现役;Enzo Le Fée;法国;Sunderland;英超;英超;manual;24;170;还行;精准;右脚;前腰;中前卫;左边锋;前腰;1.0;0.95;0.9;67.4;64.0;60.7;£2400万 - £3800万;24.0;38.0;31.0;56.8;74.5;74.5;52.5;68.2;53.0;65.2;64.2;15;9;12;15;11;5;12;6;14;16;9;14;13;15;7;14;13;13;5;15;15;14;13;15;11;13;14;15;15;10;14;14;12;13;11;7;41.1;1.04;1.0;0.988;42.3;33.8;50.8;强援池;0;PASS;未知;中场/前腰 (中);中场 (中), 前腰 (左中)
28100360;现役;Sean Longstaff;英格兰;Leeds;英超;英超;manual;27;187;还行;精准;右脚;后腰;;中前卫;后腰;1.0;0.95;0.9;66.9;;60.2;£2400万 - £3800万;24.0;38.0;31.0;63.2;61.0;61.0;68.2;60.8;71.2;65.5;79.8;13;14;11;12;11;11;11;11;11;13;12;12;11;15;12;18;12;15;11;13;11;11;14;10;15;15;17;12;17;15;15;12;14;13;18;13;38.9;1.03;1.0;0.993;39.8;31.8;47.8;主力池;0;PASS;未知;;后腰, 中场 (中)
2000183396;现役;Ollie Scarles;英格兰;West Ham;英超;英超;manual;19;183;精准;还行;左脚;左后卫;中后卫、后腰、左边前卫、左边锋;左翼卫;左后卫;1.0;0.95;0.9;59.7;56.7;53.7;£2400万 - £3800万;24.0;38.0;31.0;53.0;59.0;56.5;59.8;65.5;59.5;57.7;61.0;12;12;11;12;13;7;7;6;5;10;11;12;12;11;10;14;13;12;12;12;13;13;11;8;11;12;13;12;13;12;13;12;10;13;12;10;15.3;0.98;1.0;1.05;15.7;12.6;18.8;基础池;0;PASS;未知;后卫 (中), 后腰, 中场/前腰 (左);后卫 (左中), 翼卫 (左), 后腰, 中场/前腰 (左)
43424702;现役;Edoardo Bove;意大利;Watford;英冠;英冠;majority_high;22;176;还行;精准;右脚;后腰;前腰;中前卫;后腰;1.0;0.95;0.9;64.2;61.0;57.8;£2400万 - £3800万;24.0;38.0;31.0;58.3;65.5;64.8;66.5;59.0;56.2;64.5;73.2;14;14;8;14;12;4;10;8;7;13;11;12;10;8;12;10;11;10;8;13;13;13;13;13;9;14;16;12;15;14;16;13;12;13;16;14;28.3;1.03;1.0;1.028;30.0;24.0;36.0;主力池;0;PASS;未知;前腰 (中);后腰, 中场/前腰 (中)
2000350903;现役;Sean Steur;荷兰;Ajax;荷甲;荷甲;manual;17;183;不错;精准;右脚;前腰;;中前卫;前腰;1.0;0.95;0.9;58.5;;52.6;£2400万 - £3100万;24.0;31.0;27.5;49.5;61.8;65.0;37.0;61.2;52.8;55.2;64.0;13;6;10;12;6;6;13;12;13;14;6;13;10;11;8;9;12;14;12;11;14;13;11;11;6;12;13;12;13;6;16;13;12;12;12;13;12.7;1.04;1.0;1.05;13.8;11.0;16.6;基础池;0;PASS;未知;前腰 (中);中场/前腰 (中)
2000006517;现役;Ruairi McConville;北爱尔兰;Norwich;英冠;英冠;majority_high;19;193;欠佳;精准;右脚;中后卫;;;中后卫;1.0;0.95;0.9;61.8;;;£2400万 - £2900万;24.0;29.0;26.5;34.2;53.2;48.0;66.0;62.3;65.0;59.0;64.0;11;14;4;12;13;8;6;14;4;11;5;9;5;4;11;14;13;14;16;11;10;12;13;4;13;5;13;9;11;13;14;12;12;14;13;12;20.7;1.0;1.0;1.05;21.7;17.4;26.0;轮换池;0;PASS;未知;;后卫 (中)
2000027898;现役;Shea Charles;北爱尔兰;Southampton;英冠;英冠;majority_high;21;189;还行;精准;右脚;中后卫;中前卫;后腰;中后卫;1.0;0.95;0.9;65.5;62.2;59.0;£2300万 - £3700万;23.0;37.0;30.0;53.8;65.2;59.0;66.0;60.5;66.8;66.7;68.8;13;13;7;14;13;9;8;13;12;13;10;11;7;12;13;14;12;14;13;13;11;12;14;9;11;12;15;13;14;14;15;13;12;15;13;13;33.2;1.0;1.0;1.006;33.4;26.7;40.1;主力池;0;PASS;未知;后卫/中场 (中);后卫 (中), 后腰, 中场 (中)
2000050618;现役;Charlie Hughes;英格兰;Hull;英冠;英冠;majority_high;21;188;还行;精准;右脚;中后卫;;;中后卫;1.0;0.95;0.9;63.8;;;£2300万 - £3700万;23.0;37.0;30.0;46.0;63.5;54.2;63.8;57.8;67.0;62.0;71.8;12;13;7;14;12;10;9;13;6;12;7;10;7;5;14;12;12;14;13;13;11;11;12;7;13;10;15;13;15;14;15;12;11;14;15;14;27.0;1.0;1.0;1.03;27.8;22.2;33.4;主力池;0;PASS;未知;;后卫 (中)
91119700;现役;Jonathan Tah;德国;Bayern Munich;德甲;德甲;manual;28;195;还行;精准;右脚;中后卫;;;中后卫;1.0;0.95;0.9;73.1;;;£2300万 - £3700万;23.0;37.0;30.0;45.5;64.5;55.5;74.2;68.5;80.2;73.8;77.5;12;13;8;14;15;10;8;16;4;12;6;10;7;4;18;13;16;14;17;18;10;12;16;8;16;9;15;13;16;16;15;14;16;16;16;15;72.5;1.0;1.0;0.95;68.9;55.1;82.7;强援池;0;PASS;未知;;后卫 (中)
78085068;现役;Ronald Araujo;乌拉圭;Barcelona;西甲;西甲;manual;25;188;还行;精准;右脚;中后卫;;;中后卫;1.0;0.95;0.9;70.7;;;£2300万 - £3700万;23.0;37.0;30.0;54.5;53.7;54.0;75.5;74.5;77.2;57.5;80.0;12;17;13;11;16;10;10;16;7;10;11;10;7;5;18;15;16;13;16;12;13;14;13;9;15;10;17;11;16;13;16;10;12;11;18;16;57.9;1.0;1.0;0.961;55.6;44.5;66.7;强援池;0;PASS;未知;;后卫 (中)
2000123638;现役;Jamie Donley;北爱尔兰;Oxford United;英冠;英冠;majority_high;20;183;精准;还行;左脚;前腰;;;前腰;1.0;0.95;0.9;62.1;;;£2300万 - £3700万;23.0;37.0;30.0;63.0;72.8;65.8;39.5;49.8;57.8;55.0;64.0;15;8;13;15;6;2;16;8;13;15;13;11;13;13;11;11;10;13;11;12;12;9;9;13;9;9;14;16;14;8;16;9;9;15;12;6;21.6;1.04;1.0;1.05;23.6;18.9;28.3;轮换池;0;PASS;未知;;前腰 (中)
95076451;现役;Stav Lemkin;以色列;FC Twente;荷甲;荷甲;majority_high;21;190;不错;精准;右脚;中后卫;;;中后卫;1.0;0.95;0.9;59.6;;;£2300万 - £3000万;23.0;30.0;26.5;37.8;48.8;41.0;64.3;63.3;60.5;59.5;64.0;7;13;8;10;12;12;4;9;7;8;5;8;9;9;13;13;13;6;16;11;13;12;13;6;13;11;13;11;14;14;12;12;12;11;13;13;15.1;1.0;1.0;1.05;15.8;12.6;19.0;基础池;0;PASS;未知;;后卫 (中)
13211267;现役;Abdul Fatawu;加纳;Leicester;英冠;英冠;majority_high;20;177;精准;欠佳;左脚;右边锋;右边前卫;;右边锋;1.0;0.95;0.9;64.3;61.1;;£2300万 - £3000万;23.0;30.0;26.5;61.0;61.0;71.3;41.0;76.5;54.5;55.2;56.2;14;7;9;12;6;6;14;5;11;12;13;16;12;11;12;11;15;11;8;11;15;17;10;15;8;11;12;12;12;10;11;11;10;12;12;14;28.7;1.05;1.0;1.008;30.4;24.3;36.5;主力池;0;PASS;未知;中场 (右);中场/前腰 (右)
71104595;现役;Vitaliy Mykolenko;乌克兰;Everton;英超;英超;manual;25;180;精准;还行;左脚;左后卫;;左翼卫;左后卫;1.0;0.95;0.9;64.5;;58.1;£2300万 - £3000万;23.0;30.0;26.5;52.3;60.0;53.5;67.8;74.0;67.2;61.0;69.5;11;14;4;13;14;11;9;13;5;12;9;10;13;8;13;15;15;14;13;11;13;15;14;7;8;13;16;11;13;13;16;12;11;13;15;12;29.4;0.98;1.0;1.005;29.0;23.2;34.8;主力池;0;PASS;未知;;后卫/翼卫 (左)
16147659;现役;Konrad Laimer;奥地利;Bayern Munich;德甲;德甲;manual;27;180;还行;精准;右脚;右后卫、右翼卫;;后腰、中前卫;右后卫;1.0;0.95;0.9;68.0;;61.2;£2300万 - £3000万;23.0;30.0;26.5;53.5;62.3;59.5;70.0;73.2;70.8;62.0;87.5;12;17;8;13;12;10;12;8;8;12;8;12;12;8;13;17;15;16;10;12;13;14;13;10;13;13;20;12;19;12;18;13;13;12;18;17;43.9;0.98;1.0;0.971;41.8;33.4;50.2;强援池;0;PASS;未知;翼卫 (右);后卫/翼卫 (右), 后腰, 中场 (中)
2000254107;现役;Kaye Furo;比利时;Brentford;英超;英超;manual;17;190;还行;精准;右脚;中锋;;;中锋;1.0;0.95;0.9;57.9;;;£2300万 - £3000万;23.0;30.0;26.5;55.7;56.8;64.2;45.0;64.5;55.0;54.8;54.3;13;7;9;12;8;7;8;13;8;12;12;13;8;11;9;10;13;14;11;12;15;13;11;12;7;13;12;10;11;11;11;11;10;12;12;11;11.5;1.08;1.0;1.05;13.0;10.4;15.6;基础池;0;PASS;未知;;前锋 (中)
37066573;现役;Sem Steijn;荷兰;Feyenoord;荷甲;荷甲;manual;23;173;还行;精准;右脚;前腰;;中前卫;前腰;1.0;0.95;0.9;67.5;;60.8;£2300万 - £2900万;23.0;29.0;26.0;71.5;68.2;69.2;45.8;64.2;57.3;66.5;77.2;15;8;16;12;7;8;12;8;14;15;14;12;9;16;7;15;12;13;7;14;14;13;14;14;14;17;17;15;15;7;16;15;14;14;16;12;41.6;1.04;1.0;0.973;42.1;33.7;50.5;强援池;0;PASS;未知;;中场/前腰 (中)
16045721;现役;Marcel Sabitzer;奥地利;Borussia Dortmund;德甲;德甲;manual;30;178;不错;精准;右脚;后腰;前腰;中前卫;后腰;1.0;0.95;0.9;65.7;62.4;59.1;£2300万 - £2800万;23.0;28.0;25.5;68.3;66.5;62.2;61.2;64.2;67.0;63.5;79.0;13;12;16;14;12;8;16;10;15;13;11;12;12;13;12;16;13;16;10;12;12;12;13;12;15;16;17;13;16;12;17;13;12;13;15;16;33.9;1.03;1.0;0.988;34.5;27.6;41.4;主力池;0;PASS;未知;前腰 (中);后腰, 中场/前腰 (中)
2000228120;现役;Marc Guiu;西班牙;Chelsea;英超;英超;manual;19;187;不错;精准;右脚;中锋;;;中锋;1.0;0.95;0.9;60.6;;;£2200万 - £3600万;22.0;36.0;29.0;62.5;53.2;58.2;38.8;65.8;69.8;51.5;59.0;12;7;12;11;6;6;11;14;8;13;14;9;7;5;14;11;14;16;14;15;12;13;12;14;6;12;9;9;11;7;16;11;8;12;15;14;17.5;1.08;1.0;1.05;19.8;15.8;23.8;轮换池;0;PASS;未知;;前锋 (中)
2000280572;现役;Joachim Kayi Sanda;法国;Southampton;英冠;英冠;majority_high;18;186;欠佳;精准;右脚;中后卫;;;中后卫;1.0;0.95;0.9;58.9;;;£2200万 - £3500万;22.0;35.0;28.5;37.0;52.0;42.3;62.2;65.8;63.2;54.2;59.5;11;11;7;12;15;6;5;11;4;11;5;4;8;8;13;12;13;15;13;12;12;14;14;5;12;8;10;9;9;12;17;8;11;13;10;10;13.5;1.0;1.0;1.05;14.2;11.4;17.0;基础池;0;PASS;未知;;后卫 (中)
92023410;现役;Antonio Rüdiger;德国;Real Madrid;西甲;西甲;manual;31;190;还行;精准;右脚;中后卫;;;中后卫;1.0;0.95;0.9;72.7;;;£2200万 - £3500万;22.0;35.0;28.5;43.5;59.8;51.2;77.2;70.2;78.2;69.0;80.5;11;17;7;12;15;14;8;15;9;10;7;10;10;5;17;15;15;15;15;14;9;14;14;9;18;8;15;12;13;14;17;16;15;13;18;18;69.9;1.0;1.0;0.95;66.4;53.1;79.7;强援池;0;PASS;未知;;后卫 (中)
43167354;现役;Manuel Locatelli;意大利;Juventus;意甲;意甲;manual;27;184;还行;精准;右脚;后腰;;中前卫;后腰;1.0;0.95;0.9;71.3;;64.2;£2200万 - £3400万;22.0;34.0;28.0;60.3;73.2;64.0;76.0;58.0;71.2;71.0;77.0;14;17;11;16;14;7;14;13;10;14;10;11;13;10;14;16;11;14;13;14;12;11;13;13;14;12;15;14;17;16;17;14;14;15;14;14;61.3;1.03;1.0;0.953;60.2;48.2;72.2;强援池;0;PASS;未知;;后腰, 中场 (中)
28106687;现役;Eddie Nketiah;英格兰;Crystal Palace;英超;英超;manual;25;175;不错;精准;右脚;左边锋;前腰;中锋;左边锋;1.0;0.95;0.9;65.1;61.8;58.6;£2200万 - £2900万;22.0;29.0;25.5;64.5;59.7;67.8;43.2;74.5;62.2;58.8;63.0;14;7;14;12;7;6;9;14;5;12;14;13;12;6;11;14;15;14;9;15;15;15;13;15;7;14;13;11;15;9;14;11;11;14;12;13;31.6;1.05;1.0;0.994;33.0;26.4;39.6;主力池;0;PASS;未知;前腰 (左中);前腰 (左中), 前锋 (中)
63036085;现役;Dávid Strelec;斯洛伐克;Middlesbrough;英冠;英冠;majority_high;23;185;精准;不错;左脚;前腰;右边锋;中锋;前腰;1.0;0.95;0.9;65.3;62.0;58.8;£2200万 - £2800万;22.0;28.0;25.0;66.3;67.8;67.8;38.8;65.2;59.2;65.2;64.0;14;6;8;13;5;8;9;12;8;13;15;14;9;9;11;11;13;15;12;11;12;14;14;15;8;15;14;15;12;7;15;14;13;14;12;11;32.4;1.04;1.0;0.99;33.4;26.7;40.1;主力池;0;PASS;未知;前腰 (右中);前腰 (右中), 前锋 (中)
292380030;现役;Tom Fellows;英格兰;Southampton;英冠;英冠;majority_high;21;181;精准;强势;右脚;左边锋;;右边前卫、右边锋;左边锋;1.0;0.95;0.9;60.7;;54.6;£2100万 - £3400万;21.0;34.0;27.5;50.5;58.2;72.0;42.3;69.8;55.2;50.5;61.2;14;8;8;10;9;5;8;6;7;13;12;16;15;8;8;12;14;13;8;14;12;15;8;16;6;9;14;12;11;7;15;10;9;13;14;9;17.7;1.05;1.0;1.05;19.6;15.7;23.5;轮换池;0;PASS;未知;;中场 (右), 前腰 (右左)
98040226;现役;Noah Okafor;瑞士;Leeds;英超;英超;manual;24;185;不错;精准;右脚;左边锋;右边锋;中锋;左边锋;1.0;0.95;0.9;64.5;61.3;58.1;£2100万 - £3300万;21.0;33.0;27.0;66.5;60.5;67.8;38.8;72.0;61.0;57.8;58.8;14;7;10;12;5;8;12;9;5;13;14;14;11;4;13;11;15;12;12;13;13;15;14;13;8;14;12;11;13;6;12;12;12;13;12;12;29.4;1.05;1.0;1.007;31.1;24.9;37.3;主力池;0;PASS;未知;前腰 (右);前腰 (右左), 前锋 (中)
27112672;现役;Jacob Bruun Larsen;丹麦;Burnley;英超;英超;manual;26;183;不错;精准;右脚;左边锋;左边前卫、右边前卫;右边锋;左边锋;1.0;0.95;0.9;61.5;58.4;55.4;£2100万 - £3300万;21.0;33.0;27.0;58.7;56.5;64.8;43.8;72.5;57.5;53.8;59.8;13;8;12;11;8;8;11;11;14;12;11;14;12;12;11;12;15;12;11;12;13;15;12;12;8;14;13;10;15;8;13;12;10;11;11;8;19.9;1.05;1.0;1.05;21.9;17.5;26.3;轮换池;0;PASS;未知;中场 (右左);中场/前腰 (右左)
63023511;现役;Ondrej Duda;斯洛伐克;Al-Ettifaq;沙特联;沙特联;majority_high;30;181;还行;精准;右脚;前腰;;后腰、中前卫;前腰;1.0;0.95;0.9;65.4;;58.9;£2100万 - £2800万;21.0;28.0;24.5;60.8;68.5;70.8;59.5;59.2;59.8;65.2;63.7;15;13;15;13;10;4;13;7;14;15;10;14;12;14;12;14;11;10;11;12;13;12;13;13;11;13;15;14;13;12;12;13;12;14;12;14;32.8;1.04;1.0;0.987;33.7;27.0;40.4;主力池;0;PASS;未知;前腰 (中);后腰, 中场/前腰 (中)
72048035;现役;Weston McKennie;美国;Juventus;意甲;意甲;manual;26;180;还行;精准;右脚;后腰;右翼卫、前腰、右边锋;中前卫、右边前卫;后腰;1.0;0.95;0.9;68.4;65.0;61.6;£2100万 - £2800万;21.0;28.0;24.5;61.0;63.0;61.5;67.3;65.2;81.5;63.2;77.5;12;14;8;14;13;19;10;18;6;12;12;12;12;6;15;18;12;18;15;16;13;13;14;12;13;14;16;12;16;13;17;11;12;14;16;15;45.8;1.03;1.0;0.963;45.4;36.3;54.5;强援池;0;PASS;未知;翼卫 (右), 后腰, 前腰 (右中);翼卫 (右), 后腰, 中场/前腰 (右中)
18083491;现役;Leon Bailey;牙买加;Aston Villa;英超;英超;manual;27;178;精准;欠佳;左脚;左边锋;前腰;左边前卫、右边前卫、右边锋;左边锋;1.0;0.95;0.9;66.4;63.1;59.8;£2100万 - £2700万;21.0;27.0;24.0;67.5;64.0;70.5;39.5;78.5;55.0;57.5;58.2;14;7;12;13;4;9;14;7;10;13;14;14;14;13;9;13;16;12;11;10;16;16;16;17;8;13;10;13;11;8;15;9;10;10;12;13;36.8;1.05;1.0;0.976;37.7;30.2;45.2;主力池;0;PASS;未知;前腰 (中);中场 (右左), 前腰 (右左中)
14043255;现役;Guido Rodríguez;阿根廷;Valencia;西甲;西甲;manual;30;185;还行;精准;右脚;后腰;;中前卫;后腰;1.0;0.95;0.9;67.6;;60.8;£2100万 - £2700万;21.0;27.0;24.0;53.0;63.0;62.2;75.8;56.5;66.8;69.5;73.0;12;15;8;13;14;8;10;12;7;15;8;12;9;8;13;14;11;13;12;15;11;11;16;10;12;13;15;12;17;18;16;13;13;12;13;12;42.0;1.03;1.0;0.967;41.9;33.5;50.3;强援池;0;PASS;未知;;后腰, 中场 (中)
29228687;现役;Jay Stansfield;英格兰;Birmingham;英冠;英冠;majority_high;22;187;欠佳;精准;右脚;中锋;前腰、左边锋;;中锋;1.0;0.95;0.9;63.7;60.5;;£2100万 - £2700万;21.0;27.0;24.0;68.2;61.5;60.2;43.5;69.5;58.8;57.5;66.0;13;8;14;13;6;4;11;12;9;13;15;12;11;8;9;15;14;13;9;12;12;14;14;8;8;14;15;11;15;8;13;12;11;13;14;14;26.6;1.08;1.0;1.005;28.9;23.1;34.7;主力池;0;PASS;未知;前腰 (左中);前腰 (左中), 前锋 (中)
2000137635;现役;Ashley Phillips;英格兰;Stoke;英冠;英冠;majority_high;19;193;还行;精准;右脚;中后卫;;;中后卫;1.0;0.95;0.9;60.0;;;£2100万 - £2700万;21.0;27.0;24.0;35.0;53.5;44.0;62.3;67.0;64.2;58.5;60.0;10;13;5;11;11;8;4;11;6;11;5;7;6;4;13;12;15;12;16;12;9;13;13;5;8;9;13;11;13;15;14;12;9;11;12;9;16.0;1.0;1.0;1.05;16.8;13.4;20.2;基础池;0;PASS;未知;;后卫 (中)
2000293527;现役;Tyler Bindon;新西兰;Sheffield United;英冠;英冠;majority_high;19;190;还行;精准;右脚;中后卫;右后卫;;中后卫;1.0;0.95;0.9;61.7;58.6;;£2100万 - £2700万;21.0;27.0;24.0;43.0;52.0;49.0;64.2;63.2;68.3;56.8;61.5;12;12;7;11;14;14;8;14;9;13;7;7;7;7;13;14;14;17;15;10;11;11;13;5;12;8;13;8;12;13;12;11;12;13;13;11;20.4;1.0;1.0;1.037;21.2;17.0;25.4;轮换池;0;PASS;未知;后卫 (右);后卫 (右中)
2000189871;现役;Lewis Miley;英格兰;Newcastle;英超;英超;manual;18;185;不错;精准;右脚;后腰;右后卫、前腰;中前卫;后腰;1.0;0.95;0.9;65.8;62.5;59.2;£2100万 - £2700万;21.0;27.0;24.0;60.8;67.0;64.5;64.8;65.2;65.2;66.5;69.8;13;13;10;14;12;8;12;13;10;14;11;13;12;13;12;12;13;15;13;13;11;14;14;12;8;13;16;13;15;13;14;13;13;14;15;13;34.3;1.03;1.0;0.982;34.7;27.8;41.6;主力池;0;PASS;未知;后卫 (右), 后腰, 前腰 (中);后卫 (右), 后腰, 中场/前腰 (中)
28127065;现役;Aaron Ramsey;英格兰;Leicester;英冠;英冠;majority_high;21;178;还行;精准;右脚;前腰;;中前卫;前腰;1.0;0.95;0.9;64.2;;57.8;£2100万 - £2600万;21.0;26.0;23.5;59.5;68.5;69.5;48.5;69.0;52.5;64.0;50.5;14;8;8;14;8;5;11;6;7;14;12;14;12;10;8;12;14;11;9;14;14;14;13;13;5;12;11;14;12;11;10;12;13;14;10;6;28.3;1.04;1.0;0.997;29.4;23.5;35.3;主力池;0;PASS;未知;;中场/前腰 (中)
28117365;现役;Luke Thomas;英格兰;Leicester;英冠;英冠;majority_high;23;181;精准;还行;左脚;中后卫;左翼卫;左后卫;中后卫;1.0;0.95;0.9;61.8;58.7;55.6;£2100万 - £2600万;21.0;26.0;23.5;55.8;59.5;58.8;64.0;60.8;60.8;62.0;62.2;13;13;7;12;12;13;11;10;11;12;10;12;12;10;10;16;12;14;11;10;13;11;14;7;8;12;15;11;14;13;12;12;13;13;12;9;20.7;1.0;1.0;1.033;21.4;17.1;25.7;轮换池;0;PASS;未知;后卫 (中), 翼卫 (左);后卫 (左中), 翼卫 (左)
49039033;现役;Wilson Isidor;海地;Sunderland;英超;英超;manual;24;186;不错;精准;右脚;中锋;左边锋、右边锋;;中锋;1.0;0.95;0.9;63.1;59.9;;£2100万 - £2500万;21.0;25.0;23.0;68.8;60.5;61.0;43.5;72.0;55.0;58.7;50.8;14;9;12;11;5;6;13;12;10;13;15;10;10;10;11;12;15;9;12;12;12;15;13;13;9;14;12;13;9;9;10;11;12;12;9;9;24.7;1.08;1.0;1.009;26.9;21.5;32.3;主力池;0;PASS;未知;前腰 (右左);前腰 (右左), 前锋 (中)
43372285;现役;Caleb Okoli;意大利;Leicester;英冠;英冠;majority_high;23;191;欠佳;精准;右脚;中后卫;;;中后卫;1.0;0.95;0.9;64.5;;;£2100万 - £2500万;21.0;25.0;23.0;37.0;47.7;47.0;68.5;61.5;75.2;56.8;66.5;9;15;7;10;14;9;6;15;5;10;5;9;7;7;16;16;12;16;14;13;11;12;13;7;10;8;14;9;14;13;14;11;11;12;14;14;29.4;1.0;1.0;0.991;29.2;23.4;35.0;主力池;0;PASS;未知;;后卫 (中)
78060464;现役;José Giménez;乌拉圭;Atlético Madrid;西甲;西甲;manual;30;185;还行;精准;右脚;中后卫;;;中后卫;1.0;0.95;0.9;69.2;;;£2000万 - £3200万;20.0;32.0;26.0;46.2;56.7;55.2;78.0;57.2;66.2;68.2;79.5;12;16;8;11;16;13;8;16;6;12;7;10;10;7;15;11;12;12;13;13;11;11;15;9;16;10;17;10;16;15;15;15;15;13;16;17;49.8;1.0;1.0;0.961;47.9;38.3;57.5;强援池;0;PASS;未知;;后卫 (中)
16096614;现役;Florian Grillitsch;奥地利;BRG;葡超;葡超;majority_high;29;187;还行;精准;右脚;后腰;中后卫、中前卫;;后腰;1.0;0.95;0.9;66.7;63.4;;£2000万 - £3200万;20.0;32.0;26.0;50.2;71.5;68.5;65.5;61.5;66.0;71.0;64.5;15;13;12;15;12;6;11;12;12;15;7;13;10;12;12;15;13;12;13;15;11;11;16;12;14;8;12;14;16;14;12;13;12;16;12;14;38.1;1.03;1.0;0.98;38.4;30.7;46.1;主力池;0;PASS;未知;后卫/中场 (中);后卫 (中), 后腰, 中场 (中)
27058392;现役;Pierre-Emile Højbjerg;丹麦;Olympique de Marseille;法甲;法甲;majority_high;29;185;还行;精准;右脚;后腰;;中前卫;后腰;1.0;0.95;0.9;69.1;;62.2;£2000万 - £3200万;20.0;32.0;26.0;62.5;70.8;64.8;65.2;64.2;74.5;66.5;79.8;15;15;13;15;10;10;13;8;13;15;11;11;12;11;15;16;14;17;12;14;11;11;14;11;17;13;17;13;15;12;16;13;15;14;15;17;49.3;1.03;1.0;0.962;48.8;39.0;58.6;强援池;0;PASS;未知;;后腰, 中场 (中)
37057744;现役;Jerdy Schouten;荷兰;PSV;荷甲;荷甲;manual;28;185;还行;精准;右脚;后腰;中前卫;中后卫;后腰;1.0;0.95;0.9;67.2;63.8;60.5;£2000万 - £3200万;20.0;32.0;26.0;54.5;73.2;68.5;68.5;57.0;61.0;68.2;71.8;15;16;10;15;11;7;11;11;12;14;8;14;12;10;11;14;11;10;12;15;12;11;13;10;17;14;15;15;17;15;14;14;13;13;11;13;40.2;1.03;1.0;0.976;40.4;32.3;48.5;强援池;0;PASS;未知;中场 (中);后卫 (中), 后腰, 中场 (中)
24021244;现役;Mario Pašalić;克罗地亚;Bergamo;意甲;意甲;majority_high;29;188;强势;精准;左脚;前腰;;中前卫;前腰;1.0;0.95;0.9;67.5;;60.8;£2000万 - £3200万;20.0;32.0;26.0;70.0;72.0;67.5;54.0;65.0;64.8;66.0;63.5;14;12;13;15;8;6;14;12;7;15;13;13;11;8;12;13;13;13;14;14;13;13;16;11;11;16;13;14;14;9;13;15;12;12;12;13;41.6;1.04;1.0;0.973;42.1;33.7;50.5;强援池;0;PASS;未知;;中场/前腰 (中)
20046423;现役;Brenden Aaronson;美国;Leeds;英超;英超;manual;24;177;还行;精准;右脚;左边锋;右边锋;中前卫、前腰;左边锋;1.0;0.95;0.9;63.9;60.7;57.5;£2000万 - £2600万;20.0;26.0;23.0;58.8;60.2;68.0;54.8;74.2;59.2;54.0;68.3;14;13;12;12;9;6;9;8;10;13;11;14;10;12;5;18;14;18;8;10;15;15;12;13;8;17;17;11;16;9;12;12;10;9;16;13;27.3;1.05;1.0;0.999;28.6;22.9;34.3;主力池;0;PASS;未知;前腰 (右左);中场 (中), 前腰 (右左中)
2000264337;现役;Pedro Lima;巴西;Wolves;英超;英超;majority_high;18;174;还行;精准;右脚;右翼卫;;右后卫;右翼卫;1.0;0.95;0.9;57.4;;51.7;£2000万 - £2500万;20.0;25.0;22.5;48.5;57.7;65.2;53.0;67.8;49.5;55.0;51.5;13;10;8;11;11;9;7;9;5;13;8;13;14;10;7;13;13;14;7;10;15;14;12;13;7;14;11;11;11;11;12;10;10;11;9;8;10.5;1.0;1.0;1.05;11.1;8.9;13.3;基础池;0;PASS;未知;;后卫/翼卫 (右)
2000142045;现役;Julio Soler;阿根廷;Bournemouth;英超;英超;manual;19;175;精准;欠佳;左脚;左翼卫;;左后卫;左翼卫;1.0;0.95;0.9;61.1;;55.0;£2000万 - £2500万;20.0;25.0;22.5;54.0;54.5;62.5;56.5;74.0;58.5;58.2;66.8;13;10;13;10;12;8;10;6;10;12;9;13;11;8;11;13;15;12;8;13;15;15;12;8;12;12;14;10;12;11;15;12;12;14;14;10;18.8;1.0;1.0;1.04;19.5;15.6;23.4;轮换池;0;PASS;未知;翼卫 (左);后卫/翼卫 (左)
2000256293;现役;Gustavo Nunes;巴西;Swansea;英冠;英冠;majority_high;19;173;还行;精准;右脚;左边锋;右边锋;前腰;左边锋;1.0;0.95;0.9;62.4;59.3;56.2;£2000万 - £2400万;20.0;24.0;22.0;58.0;61.5;70.2;43.0;69.0;49.5;58.0;62.0;13;8;11;12;7;8;11;8;11;13;11;15;13;10;7;12;14;13;6;12;14;14;12;17;7;13;13;12;12;7;15;12;13;12;11;12;22.5;1.05;1.0;1.015;23.9;19.1;28.7;轮换池;0;PASS;未知;前腰 (右);前腰 (右左中)
91119265;现役;Julian Brandt;德国;Borussia Dortmund;德甲;德甲;manual;28;185;不错;精准;右脚;前腰;左边锋、右边锋;中前卫;前腰;1.0;0.95;0.9;70.4;66.9;63.4;£2000万 - £2400万;20.0;24.0;22.0;65.0;80.5;78.8;45.5;67.0;58.0;67.8;52.0;17;8;12;16;8;6;14;7;15;17;12;15;14;14;10;15;14;12;10;12;14;12;14;16;12;12;9;17;12;8;10;13;12;16;10;8;56.2;1.04;1.0;0.95;55.5;44.4;66.6;强援池;0;PASS;未知;前腰 (右左);中场 (中), 前腰 (右左中)
2000241724;现役;Andrés García;西班牙;Aston Villa;英超;英超;manual;21;183;不错;精准;右脚;右翼卫;;右后卫;右翼卫;1.0;0.95;0.9;61.3;;55.2;£1950万 - £3100万;19.5;31.0;25.25;55.3;61.0;65.5;54.5;71.8;58.5;56.2;59.2;13;12;8;13;10;9;12;9;9;13;9;13;13;8;12;13;15;13;10;11;14;14;13;14;6;13;14;11;14;10;13;10;10;12;10;12;19.3;1.0;1.0;1.05;20.3;16.2;24.4;轮换池;0;PASS;未知;;后卫/翼卫 (右)
29076100;现役;James Ward-Prowse;英格兰;Burnley;英超;英超;manual;30;173;还行;精准;右脚;后腰;;中前卫、前腰;后腰;1.0;0.95;0.9;63.9;;57.5;£1950万 - £3100万;19.5;31.0;25.25;60.8;65.8;60.7;59.0;52.3;66.8;62.8;80.0;15;13;13;13;9;6;11;7;18;13;12;10;17;18;11;18;9;19;7;12;11;10;13;11;15;12;19;12;17;12;17;12;13;14;13;13;27.3;1.03;1.0;1.008;28.4;22.7;34.1;主力池;0;PASS;未知;后腰;后腰, 中场/前腰 (中)
2000020024;现役;Freddie Potts;英格兰;West Ham;英超;英超;manual;21;183;还行;精准;右脚;后腰;;中前卫;后腰;1.0;0.95;0.9;62.9;;56.6;£1950万 - £3100万;19.5;31.0;25.25;48.0;62.0;50.8;67.2;62.5;67.2;63.0;65.5;13;14;8;14;13;7;8;12;12;12;8;7;6;13;13;16;13;16;12;12;12;11;13;6;9;11;15;11;13;14;15;13;14;13;10;12;24.0;1.03;1.0;1.023;25.3;20.2;30.4;主力池;0;PASS;未知;;后腰, 中场 (中)
37079089;现役;Kian Fitz-Jim;荷兰;Ajax;荷甲;荷甲;manual;21;174;还行;精准;右脚;前腰;;后腰、中前卫;前腰;1.0;0.95;0.9;63.2;;56.9;£1950万 - £2400万;19.5;24.0;21.75;45.5;69.2;69.5;51.0;70.0;52.0;62.0;66.5;15;8;8;14;12;4;5;5;10;14;6;13;10;14;6;13;14;15;6;13;15;14;13;13;11;15;15;14;16;8;14;13;13;13;12;4;25.0;1.04;1.0;1.002;26.0;20.8;31.2;主力池;0;PASS;未知;;后腰, 中场/前腰 (中)
96086697;现役;Jakub Moder;波兰;Feyenoord;荷甲;荷甲;manual;25;188;不错;精准;右脚;前腰;;后腰、中前卫;前腰;1.0;0.95;0.9;64.3;;57.9;£1950万 - £2400万;19.5;24.0;21.75;64.0;67.0;61.8;60.0;65.0;64.0;64.2;65.2;14;13;12;14;10;7;14;11;13;13;12;11;11;12;13;14;14;13;13;11;11;12;13;13;11;13;14;13;14;12;14;13;13;13;12;9;28.7;1.04;1.0;0.989;29.5;23.6;35.4;主力池;0;PASS;未知;;后腰, 中场/前腰 (中)
2000182990;现役;Oscar Schwartau;丹麦;Norwich;英冠;英冠;majority_high;18;186;还行;精准;右脚;左边锋;;中前卫、前腰;左边锋;1.0;0.95;0.9;59.8;;53.8;£1900万 - £3000万;19.0;30.0;24.5;58.0;59.5;65.0;33.8;63.2;62.2;53.0;59.0;13;5;12;12;6;6;12;7;12;12;10;13;11;10;11;13;12;14;13;13;14;13;12;14;5;13;15;12;15;5;12;10;10;13;11;8;15.5;1.05;1.0;1.05;17.1;13.7;20.5;基础池;0;PASS;未知;;中场 (中), 前腰 (左中)
2000193842;现役;Sindre Walle Egeli;挪威;Ipswich;英冠;英冠;majority_high;18;182;精准;还行;左脚;右边锋;右边前卫、中锋;;右边锋;1.0;0.95;0.9;62.7;59.6;;£1900万 - £3000万;19.0;30.0;24.5;63.2;66.5;69.0;36.2;68.0;51.5;59.0;46.5;14;6;12;13;5;5;11;9;10;14;13;14;13;10;8;11;14;14;10;10;13;14;14;15;4;13;12;14;9;6;8;11;11;13;10;11;23.4;1.05;1.0;1.023;25.1;20.1;30.1;主力池;0;PASS;未知;中场 (右), 前锋 (中);中场/前腰 (右), 前锋 (中)
29108066;现役;Oli McBurnie;苏格兰;Hull;英冠;英冠;majority_high;28;188;还行;精准;右脚;中锋;;;中锋;1.0;0.95;0.9;63.4;;;£1900万 - £3000万;19.0;30.0;24.5;66.3;62.0;61.2;41.5;64.0;67.0;58.5;65.0;13;6;13;13;8;7;9;16;6;12;16;12;8;5;15;12;13;11;14;14;12;13;13;11;12;13;13;12;11;6;14;13;13;13;14;13;25.6;1.08;1.0;1.012;28.0;22.4;33.6;主力池;0;PASS;未知;;前锋 (中)
2000108031;现役;Will Lankshear;英格兰;Oxford United;英冠;英冠;majority_high;19;189;欠佳;精准;右脚;中锋;;;中锋;1.0;0.95;0.9;61.7;;;£1900万 - £2500万;19.0;25.0;22.0;61.5;55.7;59.2;41.0;68.5;65.0;59.8;62.8;12;7;10;11;5;4;7;14;7;12;14;11;5;5;13;12;14;13;13;13;13;14;14;12;14;14;16;11;14;7;6;13;13;13;15;16;20.4;1.08;1.0;1.026;22.6;18.1;27.1;轮换池;0;PASS;未知;;前锋 (中)
28122215;现役;Kasey McAteer;爱尔兰;Ipswich;英冠;英冠;majority_high;23;177;欠佳;精准;右脚;左边锋;左边前卫、右边前卫;右边锋;左边锋;1.0;0.95;0.9;61.2;58.1;55.1;£1900万 - £2500万;19.0;25.0;22.0;62.5;61.2;57.7;47.5;71.2;55.2;59.5;53.5;12;8;6;13;8;9;12;7;8;12;12;11;12;11;11;14;15;13;8;9;12;14;14;12;8;15;16;12;14;10;6;11;12;12;10;8;19.1;1.05;1.0;1.035;20.7;16.6;24.8;轮换池;0;PASS;未知;中场 (右左);中场/前腰 (右左)
91104807;现役;Leon Goretzka;德国;Bayern Munich;德甲;德甲;manual;29;189;还行;精准;右脚;后腰、中前卫;前腰;;后腰;1.0;0.95;0.9;70.6;67.1;;£1900万 - £2400万;19.0;24.0;21.5;69.5;70.5;65.0;67.0;66.0;78.2;68.2;78.8;14;14;12;15;12;8;15;16;12;14;12;12;11;10;17;16;14;12;16;16;11;12;16;12;14;16;17;14;16;12;16;13;14;13;16;15;57.3;1.03;1.0;0.95;56.1;44.9;67.3;强援池;0;PASS;未知;前腰 (中);后腰, 中场/前腰 (中)
29219088;现役;Cameron Archer;英格兰;Southampton;英冠;英冠;majority_high;23;171;还行;精准;右脚;中锋;;;中锋;1.0;0.95;0.9;62.9;;;£1850万 - £2900万;18.5;29.0;23.75;65.0;50.8;62.3;35.0;76.5;60.2;56.8;60.2;13;4;10;8;4;3;12;10;7;12;14;12;7;4;13;12;16;13;11;12;13;16;10;13;8;14;14;11;11;11;15;11;11;14;10;9;24.0;1.08;1.0;1.016;26.3;21.0;31.6;主力池;0;PASS;未知;;前锋 (中)
70087488;现役;Enes Ünal;土耳其;Bournemouth;英超;英超;manual;27;185;强势;精准;左脚;中锋;;;中锋;1.0;0.95;0.9;63.8;;;£1850万 - £2900万;18.5;29.0;23.75;67.5;57.7;69.5;38.2;62.0;66.5;56.2;63.2;15;6;14;10;6;6;13;13;15;14;14;13;9;6;14;14;12;12;13;13;14;12;12;14;9;14;13;11;12;7;15;12;11;13;13;11;27.0;1.08;1.0;1.003;29.2;23.4;35.0;主力池;0;PASS;未知;;前锋 (中)
37057616;现役;Guus Til;荷兰;PSV;荷甲;荷甲;manual;27;183;不错;精准;右脚;中锋;;中前卫、前腰;中锋;1.0;0.95;0.9;66.9;;60.2;£1850万 - £2900万;18.5;29.0;23.75;71.0;65.5;61.8;44.0;62.2;68.5;70.0;71.0;13;6;14;12;7;3;12;12;13;12;14;12;11;6;13;14;12;14;13;14;11;13;16;13;14;16;15;14;16;7;12;17;15;14;15;13;38.9;1.08;1.0;0.971;40.8;32.6;49.0;强援池;0;PASS;未知;前锋 (中);中场/前腰 (中), 前锋 (中)
45111868;现役;Ayase Ueda;日本;Feyenoord;荷甲;荷甲;manual;26;182;还行;精准;右脚;中锋;;;中锋;1.0;0.95;0.9;66.8;;;£1850万 - £2900万;18.5;29.0;23.75;73.0;57.8;61.0;37.0;67.0;68.7;63.3;73.2;12;5;15;10;5;12;14;14;13;12;15;11;13;8;13;15;13;13;13;14;15;13;15;13;10;14;17;12;14;5;15;14;14;15;15;15;38.5;1.08;1.0;0.972;40.4;32.3;48.5;强援池;0;PASS;未知;;前锋 (中)
29175587;现役;Leif Davis;英格兰;Ipswich;英冠;英冠;majority_high;25;178;精准;笨拙;左脚;左后卫;;左翼卫;左后卫;1.0;0.95;0.9;63.5;;57.1;£1850万 - £2400万;18.5;24.0;21.25;42.5;65.0;63.5;60.5;75.0;64.8;60.5;60.2;12;13;6;13;12;11;6;11;14;14;6;13;16;17;10;17;15;15;12;12;13;15;12;11;5;12;15;13;14;11;12;12;12;13;12;9;26.0;0.98;1.0;0.996;25.3;20.2;30.4;主力池;0;PASS;未知;;后卫/翼卫 (左)
28100269;现役;Axel Tuanzebe;刚果民主共和国;Burnley;英超;英超;manual;27;185;还行;精准;右脚;中后卫;;右后卫;中后卫;1.0;0.95;0.9;63.8;;57.4;£1850万 - £2300万;18.5;23.0;20.75;34.5;55.2;59.8;68.0;73.0;64.5;59.2;64.0;12;14;9;13;13;7;4;12;5;13;5;12;6;4;14;12;15;12;13;13;14;15;15;7;12;6;13;8;11;14;14;11;12;12;13;14;27.0;1.0;1.0;0.99;26.7;21.4;32.0;主力池;0;PASS;未知;;后卫 (右中)
2000031653;现役;August Priske;丹麦;Birmingham;英冠;英冠;majority_high;20;187;还行;精准;右脚;中锋;;;中锋;1.0;0.95;0.9;61.8;;;£1850万 - £2300万;18.5;23.0;20.75;64.0;51.5;56.5;41.5;66.8;70.0;56.3;65.0;12;8;11;10;5;10;13;12;11;12;13;11;10;7;15;14;14;13;14;14;11;13;13;8;7;12;16;8;13;7;13;13;13;14;13;13;20.7;1.08;1.0;1.017;22.8;18.2;27.4;轮换池;0;PASS;未知;;前锋 (中)
48043873;现役;Randal Kolo Muani;法国;Tottenham Hotspur;英超;英超;manual;26;187;还行;精准;右脚;左边锋;右边锋;中锋;左边锋;1.0;0.95;0.9;67.6;64.2;60.8;£1850万 - £2200万;18.5;22.0;20.25;65.5;63.5;69.2;37.3;80.2;69.2;60.2;61.5;15;6;15;12;5;6;10;13;8;15;15;11;9;7;13;14;16;16;14;14;15;17;14;16;10;12;11;12;11;6;15;13;12;13;12;14;42.0;1.05;1.0;0.956;42.2;33.8;50.6;强援池;0;PASS;未知;前腰 (右左);前腰 (右左), 前锋 (中)
29186418;现役;Jack Clarke;英格兰;Ipswich;英冠;英冠;majority_high;24;181;还行;精准;右脚;左边锋;右边锋;;左边锋;1.0;0.95;0.9;64.4;61.2;;£1800万 - £2900万;18.0;29.0;23.5;67.8;63.8;74.5;30.0;72.5;46.0;54.5;51.0;15;5;15;13;4;2;14;6;11;13;14;16;14;5;7;11;14;9;9;13;15;16;12;16;6;13;11;11;12;6;14;12;8;13;6;8;29.1;1.05;1.0;0.995;30.3;24.2;36.4;主力池;0;PASS;未知;前腰 (右);前腰 (右左)
12038706;现役;Ramy Bensebaini;阿尔及利亚;Borussia Dortmund;德甲;德甲;manual;29;187;精准;还行;左脚;中后卫;左翼卫;左后卫;中后卫;1.0;0.95;0.9;68.8;65.4;61.9;£1800万 - £2900万;18.0;29.0;23.5;57.8;67.2;67.0;68.8;66.8;71.0;66.2;72.8;15;15;17;13;13;14;9;16;11;15;10;12;12;12;14;14;14;12;15;15;11;13;13;12;13;13;14;13;13;13;16;13;13;15;16;16;47.8;1.0;1.0;0.958;45.7;36.6;54.8;强援池;0;PASS;未知;翼卫 (左);后卫 (左中), 翼卫 (左)
28106528;现役;Dara O'Shea;爱尔兰;Ipswich;英冠;英冠;majority_high;25;189;欠佳;精准;右脚;中后卫;右后卫;;中后卫;1.0;0.95;0.9;63.8;60.6;;£1800万 - £2900万;18.0;29.0;23.5;45.8;50.0;47.8;68.5;70.8;68.0;54.2;70.5;12;14;8;11;14;10;6;16;8;12;9;7;6;6;13;13;15;12;16;13;12;14;12;2;15;10;14;7;13;14;14;11;12;12;16;15;27.0;1.0;1.0;1.002;27.0;21.6;32.4;主力池;0;PASS;未知;后卫 (右);后卫 (右中)
43316850;现役;Giacomo Raspadori;意大利;Bergamo;意甲;意甲;majority_high;24;172;强势;精准;左脚;左边锋;前腰、右边锋;中锋;左边锋;1.0;0.95;0.9;66.8;63.5;60.1;£1800万 - £2900万;18.0;29.0;23.5;68.8;67.0;72.5;36.2;70.0;57.5;62.3;65.2;15;6;13;13;4;4;12;11;14;15;14;13;11;13;11;12;14;15;7;13;16;14;14;16;11;15;14;13;14;6;14;13;13;14;11;12;38.5;1.05;1.0;0.971;39.3;31.4;47.2;主力池;0;PASS;未知;前腰 (右左中);前腰 (右左中), 前锋 (中)
24039948;现役;Nikola Vlašić;克罗地亚;Torino;意甲;意甲;majority_medium;27;178;还行;精准;右脚;前腰;中前卫、左边锋、右边锋、中锋;;前腰;1.0;0.95;0.9;69.0;65.5;;£1800万 - £2800万;18.0;28.0;23.0;68.8;71.8;74.0;50.5;66.8;64.0;66.5;65.8;15;11;14;15;7;4;14;10;13;15;13;15;12;12;12;12;13;17;10;15;14;14;15;14;13;14;12;13;11;9;17;15;12;14;11;14;48.8;1.04;1.0;0.955;48.5;38.8;58.2;强援池;0;PASS;未知;中场 (中), 前腰 (右左), 前锋 (中);中场 (中), 前腰 (右左中), 前锋 (中)
37064597;现役;Peer Koopmeiners;荷兰;AZ;荷甲;荷甲;majority_high;24;183;不错;精准;右脚;中后卫;;后腰、中前卫;中后卫;1.0;0.95;0.9;66.3;;59.7;£1800万 - £2200万;18.0;22.0;20.0;50.0;62.0;51.3;66.3;62.5;71.2;64.2;75.0;12;14;12;14;12;4;12;11;13;12;6;8;7;13;13;17;12;16;13;13;12;12;14;6;13;11;16;11;16;13;16;14;14;13;13;15;36.4;1.0;1.0;0.964;35.1;28.1;42.1;主力池;0;PASS;未知;后卫 (中);后卫 (中), 后腰, 中场 (中)
85093001;现役;Thomas Lemar;法国;Girona;西甲;西甲;manual;29;170;精准;还行;左脚;前腰;中前卫、右边锋;左边锋;前腰;1.0;0.95;0.9;68.4;65.0;61.6;£1800万 - £2200万;18.0;22.0;20.0;64.0;77.2;76.0;40.2;70.0;52.3;61.8;63.8;16;6;14;16;7;2;13;6;15;15;12;15;15;16;10;13;14;11;6;12;15;14;12;16;10;14;15;16;14;8;14;12;12;13;10;9;45.8;1.04;1.0;0.951;45.3;36.2;54.4;强援池;0;PASS;未知;中场 (中), 前腰 (右);中场 (中), 前腰 (右左中)
2000256110;现役;Shea Lacey;英格兰;Manchester United;英超;英超;manual;17;167;精准;不错;左脚;右边锋;前腰;;右边锋;1.0;0.95;0.9;61.7;58.6;;£1750万 - £2800万;17.5;28.0;22.75;62.5;61.3;72.5;27.5;67.2;50.2;50.5;56.0;14;5;10;13;2;2;15;3;14;13;12;15;10;13;8;12;13;15;4;12;15;14;11;18;4;12;13;12;11;5;14;8;9;13;10;13;20.4;1.05;1.0;1.03;22.1;17.7;26.5;轮换池;0;PASS;未知;前腰 (中);前腰 (右中)
37076262;现役;Luciano Valente;荷兰;Feyenoord;荷甲;荷甲;manual;21;189;不错;精准;右脚;前腰;左边锋、右边锋;中前卫、左边前卫、右边前卫;前腰;1.0;0.95;0.9;63.5;60.3;57.1;£1750万 - £2800万;17.5;28.0;22.75;54.2;65.8;72.8;47.0;63.2;63.5;58.5;67.0;15;8;12;13;9;7;11;13;14;15;9;14;11;13;10;13;12;14;14;14;14;13;12;15;12;13;15;12;14;8;13;13;13;11;13;12;26.0;1.04;1.0;1.003;27.1;21.7;32.5;主力池;0;PASS;未知;前腰 (右左);中场/前腰 (右左中)
84154064;现役;Zeki Amdouni;瑞士;Burnley;英超;英超;manual;24;185;强势;精准;左脚;左边锋;;前腰、中锋;左边锋;1.0;0.95;0.9;62.5;;56.3;£1750万 - £2800万;17.5;28.0;22.75;64.0;63.5;69.8;34.8;63.3;61.8;59.7;43.2;15;6;14;12;5;4;12;12;9;13;12;14;8;7;12;13;13;13;14;14;13;12;13;14;7;14;10;13;11;6;8;13;11;14;6;6;22.8;1.05;1.0;1.017;24.3;19.4;29.2;轮换池;0;PASS;未知;前腰 (左);前腰 (左中), 前锋 (中)
91195878;现役;Luca Netz;德国;Nottingham Forest;英超;英超;manual;21;184;精准;还行;左脚;左翼卫;;左后卫;左翼卫;1.0;0.95;0.9;60.3;;54.3;£1750万 - £2800万;17.5;28.0;22.75;51.8;61.2;63.2;52.8;69.5;61.5;56.8;56.2;13;11;11;12;10;14;10;10;12;13;8;12;14;14;12;14;14;12;12;12;13;14;12;13;8;13;13;12;12;10;12;11;10;12;11;8;16.7;1.0;1.0;1.05;17.6;14.1;21.1;基础池;0;PASS;未知;;后卫/翼卫 (左)
85100467;现役;Sadio Mané;塞内加尔;Al-Nassr;沙特联;沙特联;manual;32;175;还行;精准;右脚;左边锋、右边锋、中锋;左边前卫;;左边锋;1.0;0.95;0.9;68.6;65.2;;£1750万 - £2300万;17.5;23.0;20.25;67.2;69.2;82.0;43.8;66.8;61.0;63.0;60.7;17;8;12;13;7;9;12;12;8;16;13;17;12;9;11;12;12;15;9;15;15;15;15;16;10;15;12;13;10;7;15;13;11;14;12;12;46.8;1.05;1.0;0.951;46.7;37.4;56.0;强援池;0;PASS;未知;中场 (左), 前腰 (右), 前锋 (中);中场 (左), 前腰 (右左), 前锋 (中)
28128173;现役;William Osula;丹麦;Newcastle;英超;英超;manual;21;186;不错;精准;右脚;左边锋;右边锋;中锋;左边锋;1.0;0.95;0.9;60.5;57.5;54.5;£1750万 - £2200万;17.5;22.0;19.75;56.0;48.8;63.0;39.2;75.8;65.2;50.8;60.2;12;6;7;9;7;4;8;12;6;12;13;13;10;7;14;13;16;13;12;12;14;15;11;13;6;12;15;8;14;8;11;11;9;12;14;12;17.2;1.05;1.0;1.034;18.7;15.0;22.4;轮换池;0;PASS;未知;前腰 (右左);前腰 (右左), 前锋 (中)
18108540;现役;Jonathan David;加拿大;Juventus;意甲;意甲;manual;25;177;不错;精准;右脚;中锋;前腰、左边锋、右边锋;;左边锋;1.0;0.95;0.9;67.9;64.5;;£1700万 - £2700万;17.0;27.0;22.0;66.8;68.5;70.0;40.0;76.2;66.8;60.0;65.0;14;6;15;14;6;7;11;13;11;15;14;14;10;9;13;16;15;14;12;12;13;16;13;14;12;15;14;14;16;8;12;12;12;12;12;12;43.4;1.05;1.0;0.959;43.7;35.0;52.4;强援池;0;PASS;未知;前腰 (右左中);前腰 (右左中), 前锋 (中)
29156436;现役;Flynn Downes;英格兰;Southampton;英冠;英冠;majority_high;26;182;欠佳;精准;右脚;后腰;中前卫;;后腰;1.0;0.95;0.9;65.9;62.6;;£1700万 - £2700万;17.0;27.0;22.0;47.0;64.5;64.8;68.5;62.0;65.5;67.8;71.8;13;15;8;13;12;8;7;10;8;14;8;13;7;9;12;15;12;14;10;14;13;12;14;10;13;10;15;13;14;14;15;14;13;14;14;16;34.7;1.03;1.0;0.974;34.9;27.9;41.9;主力池;0;PASS;未知;中场 (中);后腰, 中场 (中)
2000219431;现役;Ayoub Oufkir;荷兰;AZ;荷甲;荷甲;majority_high;19;176;精准;还行;左脚;左边锋;右边前卫、中锋;右边锋;左边锋;1.0;0.95;0.9;59.8;56.8;53.8;£1700万 - £2200万;17.0;22.0;19.5;54.5;59.2;66.8;32.8;71.8;49.0;49.8;58.2;13;5;10;12;5;8;11;7;11;12;10;14;12;12;7;13;14;12;7;12;15;15;12;14;5;13;13;12;12;6;16;9;10;9;8;11;15.5;1.05;1.0;1.047;17.1;13.7;20.5;基础池;0;PASS;未知;中场 (右), 前腰 (左), 前锋 (中);中场 (右), 前腰 (右左), 前锋 (中)
2000141707;现役;Yarek Gąsiorowski;西班牙;PSV;荷甲;荷甲;manual;20;192;精准;欠佳;左脚;中后卫;;左后卫;中后卫;1.0;0.95;0.9;62.8;;56.5;£1700万 - £2200万;17.0;22.0;19.5;47.2;57.0;57.0;65.0;64.5;64.5;59.5;65.5;12;14;9;12;13;11;5;15;7;11;10;11;12;7;13;12;13;12;17;12;13;13;12;10;11;10;15;10;15;13;13;12;12;13;11;13;23.7;1.0;1.0;0.996;23.6;18.9;28.3;轮换池;0;PASS;未知;;后卫 (左中)
37049949;现役;Jerry St. Juste;荷兰;Feyenoord;荷甲;荷甲;manual;28;186;还行;精准;右脚;右后卫;;中后卫;右后卫;1.0;0.95;0.9;65.9;;59.3;£1700万 - £2100万;17.0;21.0;19.0;48.0;62.8;64.2;69.8;77.0;61.5;61.8;67.0;13;15;6;14;15;13;8;14;6;12;8;13;10;4;14;12;17;5;13;14;13;15;15;13;12;10;12;12;14;12;14;10;10;14;16;16;34.7;0.98;1.0;0.964;32.8;26.2;39.4;主力池;0;PASS;未知;后卫 (右);后卫 (右中)
2000406116;现役;Jocelin Ta Bi;科特迪瓦;Sunderland;英超;英超;manual;19;177;精准;不错;左脚;左边锋;前腰、中锋;右边锋;左边锋;1.0;0.95;0.9;56.0;53.2;50.4;£1650万 - £2600万;16.5;26.0;21.25;44.5;52.7;66.5;41.2;69.8;47.5;44.2;54.0;13;9;10;10;6;4;8;7;8;11;8;15;9;9;8;11;13;9;6;13;14;16;10;13;9;12;12;11;9;9;13;8;7;6;11;11;8.2;1.05;1.0;1.05;9.0;7.2;10.8;基础池;0;PASS;未知;前腰 (左中), 前锋 (中);前腰 (右左中), 前锋 (中)
2000014086;现役;Wouter Goes;荷兰;AZ;荷甲;荷甲;majority_high;20;188;欠佳;精准;右脚;中后卫;;;中后卫;1.0;0.95;0.9;65.8;;;£1650万 - £2600万;16.5;26.0;21.25;40.2;60.0;56.0;69.5;58.7;65.8;65.5;74.0;12;14;7;12;14;6;7;13;6;12;6;10;8;7;13;14;11;13;13;12;12;12;14;10;12;8;14;12;15;14;17;14;13;12;14;18;34.3;1.0;1.0;0.972;33.4;26.7;40.1;主力池;0;PASS;未知;;后卫 (中)
91172542;现役;Jordan Beyer;德国;Burnley;英超;英超;manual;24;187;还行;精准;右脚;中后卫;右后卫、右翼卫;;中后卫;1.0;0.95;0.9;65.7;62.4;;£1650万 - £2600万;16.5;26.0;21.25;43.2;60.2;59.3;70.5;62.8;65.5;65.8;65.0;12;14;7;13;14;12;6;13;4;11;6;12;8;4;14;13;13;8;13;15;12;12;14;11;8;11;12;12;14;14;13;12;14;14;16;13;33.9;1.0;1.0;0.973;33.0;26.4;39.6;主力池;0;PASS;未知;后卫/翼卫 (右);后卫 (右中), 翼卫 (右)
29137250;现役;George Hirst;苏格兰;Ipswich;英冠;英冠;majority_high;25;191;还行;精准;右脚;中锋;;;中锋;1.0;0.95;0.9;62.3;;;£1650万 - £2600万;16.5;26.0;21.25;62.0;58.0;56.5;54.0;68.5;68.8;57.7;66.0;12;10;13;12;9;10;10;15;9;13;13;11;9;8;15;15;15;11;15;12;9;13;12;9;8;14;16;11;13;13;14;11;11;12;13;14;22.2;1.08;1.0;1.012;24.2;19.4;29.0;轮换池;0;PASS;未知;;前锋 (中)
19302456;现役;Douglas Luiz;巴西;Aston Villa;英超;英超;manual;26;178;还行;精准;右脚;中前卫;;后腰;中前卫;1.0;0.95;0.9;67.5;;60.8;£1650万 - £2600万;16.5;26.0;21.25;68.5;70.0;69.2;66.3;60.5;65.2;69.0;64.5;15;14;15;14;13;9;13;12;12;14;13;13;13;16;13;13;12;15;11;14;12;12;14;15;13;14;13;14;14;13;13;13;12;16;12;13;41.6;1.02;1.0;0.96;40.7;32.6;48.8;强援池;0;PASS;未知;;后腰, 中场 (中)
76065062;现役;Yerson Mosquera;哥伦比;Wolves;英超;英超;majority_high;23;188;还行;精准;右脚;中后卫;;;中后卫;1.0;0.95;0.9;62.3;;;£1650万 - £2600万;16.5;26.0;21.25;46.5;55.2;53.5;66.0;69.0;65.0;60.5;56.2;12;14;6;12;12;13;9;15;3;11;8;9;5;5;14;13;15;13;15;10;12;13;13;11;8;10;11;10;11;14;12;12;13;11;12;10;22.2;1.0;1.0;1.012;22.4;17.9;26.9;轮换池;0;PASS;未知;;后卫 (中)
45095490;现役;Takehiro Tomiyasu;日本;Ajax;荷甲;荷甲;manual;26;188;不错;精准;右脚;中后卫、右后卫;左后卫、左翼卫、右翼卫;;中后卫;1.0;0.95;0.9;67.6;64.2;;£1650万 - £2600万;16.5;26.0;21.25;50.8;61.0;64.0;70.5;65.5;67.8;67.2;70.5;13;15;7;12;13;11;9;12;6;12;8;13;11;7;13;14;13;13;14;13;13;13;14;13;7;12;16;12;16;14;14;13;14;14;15;13;42.0;1.0;1.0;0.959;40.3;32.2;48.4;强援池;0;PASS;未知;后卫 (中), 翼卫 (右左);后卫 (右左中), 翼卫 (右左)
67217491;现役;Andrei Raţiu;罗马尼亚;Vallecano;西甲;西甲;majority_medium;26;183;还行;精准;右脚;右翼卫;;右后卫;右翼卫;1.0;0.95;0.9;65.8;;59.2;£1650万 - £2200万;16.5;22.0;19.25;46.8;58.0;66.2;61.2;83.5;69.8;60.0;66.8;14;12;6;11;12;14;11;8;7;10;7;14;12;5;14;17;18;13;11;13;13;16;13;16;8;11;15;11;13;12;14;13;12;9;15;13;34.3;1.0;1.0;0.966;33.2;26.6;39.8;主力池;0;PASS;未知;;后卫/翼卫 (右)
2000304487;现役;Christantus Uche;尼日利亚;Crystal Palace;英超;英超;manual;21;190;还行;精准;右脚;中锋;;中前卫、前腰;中锋;1.0;0.95;0.9;62.3;;56.1;£1650万 - £2200万;16.5;22.0;19.25;56.0;57.0;59.5;52.8;74.0;71.5;58.5;68.8;12;10;13;12;9;11;10;12;6;11;11;11;9;7;14;14;15;16;14;14;14;15;13;13;10;11;13;11;13;10;16;11;13;12;14;16;22.2;1.08;1.0;1.002;24.0;19.2;28.8;轮换池;0;PASS;未知;;中场/前腰 (中), 前锋 (中)
37052843;现役;Denzel Dumfries;荷兰;Inter Milan;意甲;意甲;manual;28;188;还行;精准;右脚;右翼卫、右后卫;右边前卫;;右翼卫;1.0;0.95;0.9;69.1;65.6;;£1650万 - £2200万;16.5;22.0;19.25;70.2;59.0;62.5;60.5;84.2;83.5;60.2;69.8;12;14;11;12;10;15;13;17;4;13;14;12;13;8;18;15;18;17;17;18;13;17;14;11;11;16;14;11;13;11;16;11;11;14;14;18;49.3;1.0;1.0;0.95;46.8;37.4;56.2;强援池;0;PASS;未知;中场 (右);后卫/翼卫/中场 (右)
2000191507;现役;Adam Aznou;摩洛哥;Everton;英超;英超;manual;18;178;精准;欠佳;左脚;左翼卫;;左后卫;左翼卫;1.0;0.95;0.9;60.9;;54.8;£1650万 - £2100万;16.5;21.0;18.75;47.0;62.2;75.5;50.2;71.8;54.0;53.0;62.0;16;11;11;12;9;10;10;6;11;14;7;15;14;12;7;13;14;13;8;14;15;15;12;16;10;11;15;11;12;9;13;10;9;10;12;13;18.3;1.0;1.0;1.02;18.6;14.9;22.3;轮换池;0;PASS;未知;;后卫/翼卫 (左)
2000253999;现役;Maher Carrizo;阿根廷;Ajax;荷甲;荷甲;manual;18;180;精准;欠佳;左脚;中锋;;右边锋;中锋;1.0;0.95;0.9;62.1;;55.9;£1650万 - £2100万;16.5;21.0;18.75;64.8;55.8;64.2;40.2;67.8;61.8;55.2;58.5;13;7;12;10;6;8;13;10;12;13;13;12;11;12;11;14;13;15;11;12;14;14;12;14;10;14;11;11;12;8;13;11;11;12;11;14;21.6;1.08;1.0;1.002;23.4;18.7;28.1;轮换池;0;PASS;未知;;前腰 (右), 前锋 (中)
18101818;现役;Mike Trésor;比利时;Burnley;英超;英超;manual;25;172;欠佳;精准;右脚;前腰;左边锋;;前腰;1.0;0.95;0.9;64.7;61.5;;£1600万 - £2600万;16.0;26.0;21.0;62.8;66.3;68.3;47.5;67.2;59.5;63.5;62.5;14;7;14;13;7;6;11;9;14;13;13;14;15;13;12;13;13;12;9;11;14;14;12;14;9;13;12;13;13;12;13;13;13;13;15;9;30.1;1.04;1.0;0.982;30.8;24.6;37.0;主力池;0;PASS;未知;前腰 (左);前腰 (左中)
29136230;现役;Ryan Yates;英格兰;Nottingham Forest;英超;英超;manual;27;190;不错;精准;右脚;后腰;;中前卫;后腰;1.0;0.95;0.9;65.8;;59.2;£1600万 - £2600万;16.0;26.0;21.0;54.8;64.5;57.0;66.2;63.0;71.8;63.0;75.5;14;14;4;13;12;4;9;15;10;12;11;10;10;7;14;16;13;15;14;12;13;11;12;6;15;13;16;13;15;14;16;13;13;13;15;12;34.3;1.03;1.0;0.972;34.4;27.5;41.3;主力池;0;PASS;未知;;后腰, 中场 (中)
2000184286;现役;Mohamed Belloumi;阿尔及利亚;Hull;英冠;英冠;majority_high;22;174;精准;还行;左脚;右边锋;;右边前卫;右边锋;1.0;0.95;0.9;65.2;;58.7;£1600万 - £2600万;16.0;26.0;21.0;67.8;63.5;73.0;38.8;74.2;47.8;54.5;59.8;15;8;11;12;6;6;14;9;9;14;14;15;12;10;7;11;15;12;7;11;14;16;12;16;6;14;14;13;12;6;14;10;9;13;11;14;32.0;1.05;1.0;0.977;32.8;26.2;39.4;主力池;0;PASS;未知;;中场/前腰 (右)
20048604;现役;Ricardo Pepi;美国;PSV;荷甲;荷甲;manual;22;185;不错;精准;右脚;中锋;;;中锋;1.0;0.95;0.9;65.1;;;£1600万 - £2500万;16.0;25.0;20.5;68.2;59.2;67.2;36.2;67.8;64.5;63.0;61.0;14;5;14;10;5;8;11;15;9;14;15;12;9;12;11;14;14;12;14;15;13;13;14;15;8;13;14;12;13;6;12;14;13;15;12;11;31.6;1.08;1.0;0.976;33.3;26.6;40.0;主力池;0;PASS;未知;;前锋 (中)
48032338;现役;Ismaël Bennacer;阿尔及利亚;Dinamo Zagreb;克甲;克甲;manual;27;175;精准;还行;左脚;中前卫;;后腰;中前卫;1.0;0.95;0.9;69.4;;62.5;£1600万 - £2500万;16.0;25.0;20.5;59.2;74.0;72.5;70.5;66.8;57.3;70.5;74.2;15;15;14;16;13;5;14;7;12;16;9;14;11;13;11;13;13;10;7;15;13;14;15;13;13;11;16;14;16;14;16;13;14;15;13;12;50.8;1.02;1.0;0.95;49.2;39.4;59.0;强援池;0;PASS;未知;;后腰, 中场 (中)
2000261216;现役;Bade Aluko;英格兰;Leicester;英冠;英冠;majority_high;18;183;不错;精准;右脚;中后卫;左翼卫、右翼卫;左后卫、右后卫;中后卫;1.0;0.95;0.9;52.3;49.7;47.1;£1600万 - £2500万;16.0;25.0;20.5;32.8;47.8;46.0;51.2;62.0;57.7;42.8;59.8;10;12;4;10;10;10;7;9;4;10;5;9;10;6;10;15;13;15;12;6;12;11;10;5;11;7;14;9;10;9;14;8;8;8;11;12;3.7;1.0;1.0;1.05;3.9;3.1;4.7;基础池;0;PASS;未知;后卫 (中), 翼卫 (右左);后卫 (右左中), 翼卫 (右左)
2000385886;现役;Diego León;巴拉圭;Manchester United;英超;英超;manual;17;177;精准;还行;左脚;左翼卫;;左后卫;左翼卫;1.0;0.95;0.9;53.1;;47.8;£1600万 - £2500万;16.0;25.0;20.5;41.5;44.5;55.8;50.2;73.0;53.8;41.8;49.0;10;12;4;10;10;4;5;5;6;11;8;11;10;7;13;13;15;5;6;13;13;15;10;12;4;12;13;6;11;8;7;8;7;9;13;15;4.5;1.0;1.0;1.05;4.7;3.8;5.6;基础池;0;PASS;未知;;后卫/翼卫 (左)
25041687;现役;Tomáš Souček;捷克;West Ham;英超;英超;manual;29;192;还行;精准;右脚;后腰;;中前卫;后腰;1.0;0.95;0.9;66.9;;60.2;£1600万 - £2100万;16.0;21.0;18.5;68.2;48.5;47.2;73.8;57.5;84.0;67.0;81.2;10;15;13;9;14;2;12;18;2;9;14;10;8;2;16;18;11;18;17;15;9;11;14;5;13;14;18;9;17;15;16;15;15;15;17;15;38.9;1.03;1.0;0.956;38.3;30.6;46.0;主力池;0;PASS;未知;后腰;后腰, 中场 (中)
83262111;现役;Jeremy Sarmiento;厄瓜多尔;Middlesbrough;英冠;英冠;majority_high;22;178;还行;精准;右脚;左边锋;前腰;右边锋;左边锋;1.0;0.95;0.9;62.9;59.8;56.6;£1600万 - £2100万;16.0;21.0;18.5;59.0;58.5;70.8;38.7;73.5;58.2;52.7;57.2;14;7;8;12;6;6;12;10;8;12;12;15;11;8;9;13;15;13;10;15;14;15;11;16;7;12;14;11;10;7;13;9;11;13;11;9;24.0;1.05;1.0;0.99;25.0;20.0;30.0;主力池;0;PASS;未知;前腰 (中);前腰 (右左中)
18091019;现役;Akram Afif;卡塔尔;Al-Sadd;卡塔尔联;卡塔尔联;manual;28;177;还行;精准;右脚;左边锋;中锋;;左边锋;1.0;0.95;0.9;66.9;63.6;;£1600万 - £2000万;16.0;20.0;18.0;66.5;66.2;78.0;32.2;74.5;55.7;55.5;56.8;16;5;17;13;4;5;12;4;13;14;13;16;13;14;9;13;14;14;8;14;17;16;12;16;14;15;10;13;9;6;15;10;11;13;9;8;38.9;1.05;1.0;0.954;39.0;31.2;46.8;主力池;0;PASS;未知;前锋 (中);前腰 (左), 前锋 (中)
2000177913;现役;Shaqueel van Persie;荷兰;Feyenoord;荷甲;荷甲;manual;18;186;精准;不错;左脚;左边锋;右边锋;中锋;左边锋;1.0;0.95;0.9;57.1;54.2;51.4;£1600万 - £1950万;16.0;19.5;17.75;51.0;66.8;65.8;26.0;60.2;50.5;48.5;54.3;12;3;12;15;5;5;9;15;7;15;12;13;12;10;8;8;12;11;14;11;13;13;9;14;5;8;12;12;11;5;14;12;6;11;11;11;10.0;1.05;1.0;1.05;11.0;8.8;13.2;基础池;0;PASS;未知;前腰 (右左);前腰 (右左), 前锋 (中)
45092658;现役;Ko Itakura;日本;Ajax;荷甲;荷甲;manual;27;188;欠佳;精准;右脚;中后卫;后腰;;中后卫;1.0;0.95;0.9;68.3;64.9;;£1550万 - £2500万;15.5;25.0;20.25;45.8;62.5;57.0;70.8;65.0;70.2;66.5;75.5;12;14;8;13;15;8;8;14;3;12;7;10;8;3;13;14;13;15;15;14;12;13;13;11;14;10;16;13;15;14;16;13;14;14;14;15;45.3;1.0;1.0;0.952;43.2;34.6;51.8;强援池;0;PASS;未知;后腰;后卫 (中), 后腰
28049754;现役;Ben Davies;威尔士;Tottenham Hotspur;英超;英超;manual;31;182;精准;欠佳;左脚;中后卫;左翼卫;左后卫;中后卫;1.0;0.95;0.9;68.5;65.1;61.6;£1550万 - £2500万;15.5;25.0;20.25;50.5;65.8;61.5;69.2;64.8;71.8;65.2;74.2;13;15;10;14;13;11;7;15;13;13;8;12;12;11;14;16;13;14;12;13;13;12;15;9;12;13;16;12;15;13;15;14;11;13;18;13;46.3;1.0;1.0;0.951;44.0;35.2;52.8;强援池;0;PASS;未知;翼卫 (左);后卫 (左中), 翼卫 (左)
2000112986;现役;Max Alleyne;英格兰;Manchester City;英超;英超;manual;19;185;不错;精准;右脚;中后卫;;;中后卫;1.0;0.95;0.9;63.8;;;£1550万 - £2500万;15.5;25.0;20.25;48.2;64.2;65.0;65.2;66.8;62.0;63.8;63.5;14;13;8;13;14;10;10;12;7;13;7;13;9;9;11;14;13;11;12;14;12;14;14;11;13;10;12;13;10;13;16;12;10;14;13;11;27.0;1.0;1.0;0.988;26.6;21.3;31.9;主力池;0;PASS;未知;;后卫 (中)
51052239;现役;Orbelín Pineda;墨西哥;AEK;希超;希超;majority_high;28;169;还行;精准;右脚;前腰;左边锋;中前卫;前腰;1.0;0.95;0.9;66.1;62.8;59.5;£1550万 - £2000万;15.5;20.0;17.75;57.0;70.8;73.0;54.2;73.2;55.7;61.0;63.2;16;10;12;14;11;8;12;9;11;14;10;14;13;10;8;15;14;16;5;12;16;15;12;14;8;13;15;14;14;11;13;13;11;11;12;12;35.6;1.04;1.0;0.958;35.4;28.3;42.5;主力池;0;PASS;未知;前腰 (左中);中场 (中), 前腰 (左中)
29140167;现役;James Justin;英格兰;Leeds;英超;英超;manual;26;183;不错;精准;右脚;中后卫;左翼卫、右翼卫;左后卫、右后卫;中后卫;1.0;0.95;0.9;63.0;59.8;56.7;£1550万 - £2000万;15.5;20.0;17.75;40.8;58.7;59.3;67.2;67.2;59.8;60.7;67.5;12;14;6;12;13;11;8;12;9;12;5;13;12;9;12;14;13;12;10;11;13;14;13;7;11;10;14;11;14;15;16;12;11;12;12;12;24.3;1.0;1.0;0.985;24.0;19.2;28.8;轮换池;0;PASS;未知;后卫 (中), 翼卫 (右左);后卫 (右左中), 翼卫 (右左)
28100207;现役;Harvey Barnes;英格兰;Newcastle;英超;英超;manual;27;178;不错;精准;右脚;左边锋;前腰、右边锋;左边前卫;左边锋;1.0;0.95;0.9;65.4;62.1;58.9;£1550万 - £2000万;15.5;20.0;17.75;65.0;62.5;72.2;36.8;74.0;60.5;56.2;56.0;14;7;8;11;6;6;14;8;11;14;14;15;14;11;12;13;15;13;10;13;15;15;12;15;7;12;12;13;12;4;12;12;12;13;11;9;32.8;1.05;1.0;0.963;33.2;26.6;39.8;主力池;0;PASS;未知;前腰 (右中);中场 (左), 前腰 (右左中)
2000147523;现役;Omari Kellyman;英格兰;Cardiff;英甲;英甲;majority_high;19;188;精准;还行;左脚;左边锋;右边锋;前腰;左边锋;1.0;0.95;0.9;61.1;58.0;55.0;£1550万 - £2000万;15.5;20.0;17.75;61.0;59.2;67.8;42.5;66.2;50.5;56.8;54.0;13;8;9;12;7;5;11;7;13;13;13;14;8;7;9;11;13;10;9;14;14;14;12;14;8;12;11;12;11;9;15;10;10;14;7;7;18.8;1.05;1.0;1.011;19.9;15.9;23.9;轮换池;0;PASS;未知;前腰 (右左);前腰 (右左中)
29114887;现役;Demarai Gray;牙买加;Birmingham;英冠;英冠;majority_high;28;180;不错;精准;右脚;左边锋;右边锋;;左边锋;1.0;0.95;0.9;62.8;59.7;;£1550万 - £2000万;15.5;20.0;17.75;59.2;60.5;72.2;35.5;71.8;58.7;50.8;56.5;14;5;11;12;7;6;13;6;11;14;12;15;13;12;11;13;14;15;10;13;15;15;11;15;10;12;13;11;13;7;13;10;10;10;7;9;23.7;1.05;1.0;0.988;24.6;19.7;29.5;轮换池;0;PASS;未知;前腰 (右);前腰 (右左)
48038017;现役;Imrân Louza;摩洛哥;Watford;英冠;英冠;majority_high;25;178;精准;还行;左脚;前腰;;后腰、中前卫;前腰;1.0;0.95;0.9;65.1;;58.6;£1550万 - £1950万;15.5;19.5;17.5;58.0;70.8;68.3;61.8;58.8;53.5;67.5;63.5;14;12;10;14;12;6;13;8;11;14;10;14;12;12;10;13;11;11;8;11;13;12;13;13;11;12;12;15;13;13;15;14;13;13;11;11;31.6;1.04;1.0;0.965;31.7;25.4;38.0;主力池;0;PASS;未知;前腰 (中);后腰, 中场/前腰 (中)
2000254793;现役;Sverre Nypan;挪威;Manchester City;英超;英超;manual;18;182;精准;精准;双足;前腰;;中前卫;前腰;1.0;0.95;0.9;59.5;;53.6;£1550万 - £1900万;15.5;19.0;17.25;50.5;64.2;66.5;43.5;61.8;51.5;56.0;58.5;13;7;11;13;8;6;10;7;9;13;9;13;11;9;8;11;12;13;8;13;13;13;12;16;7;11;11;14;12;10;16;10;9;10;10;12;14.8;1.04;1.0;1.036;16.0;12.8;19.2;基础池;0;PASS;未知;前腰 (中);中场/前腰 (中)
98029385;现役;Breel Embolo;瑞士;Rennes;法甲;法甲;majority_high;27;187;还行;精准;右脚;右边锋;前腰;中锋;右边锋;1.0;0.95;0.9;65.3;62.0;58.8;£1550万 - £1900万;15.5;19.0;17.25;61.0;64.7;67.0;44.3;69.5;77.0;57.0;71.0;14;8;12;14;7;6;11;14;7;12;12;13;8;6;17;14;14;14;15;16;13;14;13;15;6;14;16;13;15;7;15;11;12;11;16;16;32.4;1.05;1.0;0.962;32.7;26.2;39.2;主力池;0;PASS;未知;前腰 (中);前腰 (右中), 前锋 (中)
37085322;现役;Lamare Bogarde;荷兰;Aston Villa;英超;英超;manual;21;183;还行;精准;右脚;中后卫;;右后卫、后腰、中前卫;中后卫;1.0;0.95;0.9;61.8;;55.6;£1500万 - £2400万;15.0;24.0;19.5;48.8;61.0;59.5;64.0;62.2;60.8;59.0;64.8;13;14;11;13;12;5;10;12;11;13;8;11;8;7;12;12;12;13;11;13;13;13;13;8;12;9;15;12;15;13;12;10;11;13;12;12;20.7;1.0;1.0;1.01;20.9;16.7;25.1;轮换池;0;PASS;未知;;后卫 (右中), 后腰, 中场 (中)
13199286;现役;Nayef Aguerd;摩洛哥;Olympique de Marseille;法甲;法甲;majority_high;28;188;精准;欠佳;左脚;中后卫;;;中后卫;1.0;0.95;0.9;68.0;;;£1500万 - £2400万;15.0;24.0;19.5;54.2;64.0;54.5;73.8;66.8;68.5;67.8;63.5;13;15;9;13;15;11;7;15;4;12;12;10;9;3;14;14;14;12;15;13;11;13;14;5;11;10;13;13;12;15;12;14;14;14;14;14;43.9;1.0;1.0;0.952;41.8;33.4;50.2;强援池;0;PASS;未知;;后卫 (中)
29079830;现役;Jacob Murphy;英格兰;Newcastle;英超;英超;manual;29;179;还行;精准;右脚;左边锋;右边前卫;右边锋;左边锋;1.0;0.95;0.9;64.5;61.3;58.1;£1500万 - £2400万;15.0;24.0;19.5;58.0;62.5;69.5;52.0;74.8;54.5;59.3;66.2;13;10;5;12;10;5;12;4;13;14;11;15;15;12;11;11;16;13;7;13;14;15;13;13;9;13;18;12;13;10;15;12;11;12;10;9;29.4;1.05;1.0;0.978;30.2;24.2;36.2;主力池;0;PASS;未知;中场 (右), 前腰 (左);中场 (右), 前腰 (右左)
37065767;现役;Sergiño Dest;美国;PSV;荷甲;荷甲;manual;24;171;还行;精准;右脚;左翼卫;;左后卫、右后卫、右翼卫;左翼卫;1.0;0.95;0.9;62.2;;56.0;£1500万 - £1950万;15.0;19.5;17.25;48.5;62.8;71.5;57.5;75.8;49.8;57.3;60.7;14;11;9;13;12;10;9;7;8;14;7;14;13;8;7;14;14;9;7;12;15;17;12;17;7;14;13;11;14;11;13;11;12;10;12;10;21.9;1.0;1.0;0.992;21.7;17.4;26.0;轮换池;0;PASS;未知;;后卫/翼卫 (右左)
2000093091;现役;Nestory Irankunda;澳大利亚;Watford;英冠;英冠;majority_high;18;175;欠佳;精准;右脚;左边锋;左边前卫;右边前卫、右边锋;左边锋;1.0;0.95;0.9;55.6;52.8;50.0;£1500万 - £1900万;15.0;19.0;17.0;46.0;42.5;62.7;22.2;83.8;52.8;36.8;47.0;11;4;12;8;3;10;13;7;13;9;8;14;9;12;11;11;18;12;8;12;16;17;8;16;3;8;11;8;8;3;12;7;7;8;8;16;7.6;1.05;1.0;1.05;8.4;6.7;10.1;基础池;0;PASS;未知;中场 (左);中场/前腰 (右左)
37050681;现役;Gustavo Hamer;荷兰;Sheffield United;英冠;英冠;majority_high;27;169;还行;精准;右脚;前腰;左边前卫、左边锋;后腰、中前卫;前腰;1.0;0.95;0.9;63.6;60.4;57.2;£1500万 - £1850万;15.0;18.5;16.75;62.7;67.0;64.5;57.5;62.2;57.2;61.8;65.8;14;13;12;14;10;8;15;8;13;13;11;12;11;13;11;12;12;14;8;12;13;13;12;13;12;13;15;13;14;10;12;13;13;13;12;15;26.3;1.04;1.0;0.975;26.6;21.3;31.9;主力池;0;PASS;未知;中场 (左), 前腰 (左中);后腰, 中场/前腰 (左中)
37086853;现役;Mexx Meerdink;荷兰;AZ;荷甲;荷甲;majority_high;21;182;精准;还行;左脚;中锋;;;中锋;1.0;0.95;0.9;64.5;;;£1500万 - £1850万;15.0;18.5;16.75;68.2;62.5;69.0;37.8;65.0;63.8;55.8;63.7;14;6;18;13;5;5;12;14;10;15;15;12;7;7;13;12;13;10;14;14;14;13;13;16;7;13;13;12;12;7;15;10;11;12;14;14;29.4;1.08;1.0;0.967;30.7;24.6;36.8;主力池;0;PASS;未知;;前锋 (中)
28099981;现役;Stephy Mavididi;英格兰;Leicester;英冠;英冠;majority_high;26;182;欠佳;精准;右脚;左边锋;左边前卫;;左边锋;1.0;0.95;0.9;63.2;60.0;;£1500万 - £1850万;15.0;18.5;16.75;59.0;57.2;67.5;37.2;77.5;62.5;52.8;58.0;13;6;10;11;5;1;12;10;10;12;12;15;11;10;12;13;16;13;12;13;14;16;11;13;5;12;12;12;13;8;13;9;11;12;12;12;25.0;1.05;1.0;0.978;25.7;20.6;30.8;主力池;0;PASS;未知;中场 (左);中场/前腰 (左)
2000126653;现役;Enoch Mastoras;荷兰;AZ;荷甲;荷甲;majority_high;18;176;还行;精准;右脚;中后卫;右翼卫;右后卫、后腰、中前卫;中后卫;1.0;0.95;0.9;61.0;57.9;54.9;£1500万 - £1850万;15.0;18.5;16.75;43.5;58.5;60.2;64.8;57.7;57.8;62.0;63.0;12;13;10;12;13;9;7;10;6;12;6;12;8;7;12;11;11;10;10;13;13;12;13;11;8;10;12;12;13;13;14;11;12;14;14;13;18.5;1.0;1.0;1.006;18.6;14.9;22.3;轮换池;0;PASS;未知;后卫 (中), 翼卫 (右);后卫 (右中), 翼卫 (右), 后腰, 中场 (中)
83228401;现役;Toti;葡萄牙;Wolves;英超;英超;majority_high;26;187;精准;不错;左脚;中后卫;左后卫;;中后卫;1.0;0.95;0.9;63.5;60.3;;£1500万 - £1850万;15.0;18.5;16.75;38.8;53.2;53.5;65.5;68.5;70.0;59.0;63.5;11;14;5;11;13;10;4;14;10;9;6;11;11;10;15;14;14;14;14;13;11;14;12;11;14;11;12;10;14;13;12;12;12;12;13;13;26.0;1.0;1.0;0.976;25.3;20.2;30.4;主力池;0;PASS;未知;后卫 (左);后卫 (左中)
28091349;现役;Adam Armstrong;英格兰;Wolves;英超;英超;majority_high;27;172;还行;精准;右脚;右边锋;;中锋;右边锋;1.0;0.95;0.9;61.6;;55.4;£1500万 - £1800万;15.0;18.0;16.5;62.5;54.8;62.2;34.5;77.5;51.2;53.8;60.0;13;5;13;10;5;4;12;8;12;13;13;12;8;7;7;13;16;14;8;10;14;16;13;11;13;13;12;10;13;6;13;13;11;10;11;7;20.2;1.05;1.0;0.996;21.1;16.9;25.3;轮换池;0;PASS;未知;;前腰 (右), 前锋 (中)
63012964;现役;Stanislav Lobotka;斯洛伐克;Napoli;意甲;意甲;manual;30;170;不错;精准;右脚;后腰、中前卫;;;后腰;1.0;0.95;0.9;72.5;;;£1450万 - £2300万;14.5;23.0;18.75;49.2;78.0;73.5;74.8;67.5;66.0;76.7;74.2;16;17;8;17;12;6;9;5;6;16;7;13;11;6;10;16;13;17;7;16;15;13;15;13;11;10;14;14;18;15;15;16;16;17;15;13;68.7;1.03;1.0;0.95;67.2;53.8;80.6;强援池;0;PASS;未知;中场 (中);后腰, 中场 (中)
67279610;现役;Miguel Rodríguez;西班牙;FC Utrecht;荷甲;荷甲;majority_high;21;179;精准;不错;左脚;左边锋;中锋;右边锋;左边锋;1.0;0.95;0.9;63.1;59.9;56.8;£1450万 - £2300万;14.5;23.0;18.75;63.7;59.5;71.5;37.3;67.2;56.5;54.8;61.5;14;6;8;11;6;9;14;6;14;14;13;15;9;12;8;13;13;13;11;12;14;14;12;15;6;13;14;12;11;6;14;11;11;12;13;14;24.7;1.05;1.0;0.989;25.6;20.5;30.7;主力池;0;PASS;未知;前腰 (左), 前锋 (中);前腰 (右左), 前锋 (中)
67086656;现役;Antoine Griezmann;法国;Atlético Madrid;西甲;西甲;manual;33;175;精准;不错;左脚;前腰、中锋;左边锋、右边锋;;前腰;1.0;0.95;0.9;73.2;69.5;;£1450万 - £2300万;14.5;23.0;18.75;72.8;84.5;77.2;48.0;56.0;56.2;73.0;73.8;17;9;13;17;7;4;14;15;14;17;14;14;15;15;10;11;11;12;9;14;13;11;15;16;15;16;14;17;15;8;17;17;14;15;13;12;73.2;1.04;1.0;0.95;72.3;57.8;86.8;球星池;0;PASS;未知;前腰 (右左), 前锋 (中);前腰 (右左中), 前锋 (中)
29106999;现役;Sam Szmodics;爱尔兰;Derby;英冠;英冠;majority_high;29;170;欠佳;精准;右脚;中锋;;前腰、左边锋;中锋;1.0;0.95;0.9;64.9;;58.4;£1450万 - £1900万;14.5;19.0;16.75;68.5;60.5;60.2;46.8;67.2;63.2;61.5;73.8;13;8;13;12;7;4;11;9;11;12;15;11;11;9;11;14;13;18;8;12;13;14;14;12;14;14;16;12;14;10;17;12;11;14;14;12;30.9;1.08;1.0;0.963;32.1;25.7;38.5;主力池;0;PASS;未知;前锋 (中);前腰 (左中), 前锋 (中)
75045691;现役;Marcelino Núñez;智利;Ipswich;英冠;英冠;majority_high;24;173;欠佳;精准;右脚;前腰;后腰;中前卫;前腰;1.0;0.95;0.9;68.5;65.1;61.6;£1450万 - £1900万;14.5;19.0;16.75;63.5;75.5;75.0;47.2;58.0;58.5;67.8;68.5;16;9;15;15;6;13;13;6;16;15;11;14;13;15;9;13;11;12;11;14;15;11;13;16;7;13;17;16;13;11;16;13;11;16;13;12;46.3;1.04;1.0;0.95;45.7;36.6;54.8;强援池;0;PASS;未知;后腰;后腰, 中场/前腰 (中)
2000186151;现役;Alex Tóth;匈牙利;Bournemouth;英超;英超;manual;19;181;欠佳;精准;右脚;中前卫;;后腰、前腰;中前卫;1.0;0.95;0.9;61.1;;55.0;£1450万 - £1900万;14.5;19.0;16.75;52.3;71.3;60.2;57.5;52.5;55.2;61.8;61.2;14;11;10;15;12;5;10;8;13;12;9;11;13;13;8;13;10;13;9;13;12;10;13;10;8;12;13;15;14;11;13;13;11;11;12;12;18.8;1.02;1.0;1.004;19.2;15.4;23.0;轮换池;0;PASS;未知;;后腰, 中场/前腰 (中)
18087987;现役;Sebastiaan Bornauw;比利时;Leeds;英超;英超;manual;25;191;还行;精准;右脚;中后卫;;;中后卫;1.0;0.95;0.9;66.2;;;£1450万 - £1850万;14.5;18.5;16.5;42.8;56.0;48.5;68.5;65.2;72.2;60.2;75.3;11;13;8;12;14;10;8;16;4;11;7;8;8;3;16;12;15;12;16;15;9;12;14;7;14;8;16;11;13;14;16;11;13;11;16;16;36.0;1.0;1.0;0.954;34.3;27.4;41.2;主力池;0;PASS;未知;;后卫 (中)
2000216339;现役;Othmane Maamma;摩洛哥;Watford;英冠;英冠;majority_high;19;180;不错;精准;右脚;右边锋;;;右边锋;1.0;0.95;0.9;61.0;;;£1450万 - £1850万;14.5;18.5;16.5;52.0;63.0;69.2;32.0;69.8;55.8;53.2;62.5;14;5;10;12;5;5;8;4;6;12;10;15;12;6;11;10;15;11;10;13;13;14;12;15;8;12;13;14;13;4;14;10;10;12;13;14;18.5;1.05;1.0;1.004;19.5;15.6;23.4;轮换池;0;PASS;未知;;前腰 (右)
28087373;现役;Connor Roberts;威尔士;Burnley;英超;英超;manual;29;175;还行;精准;右脚;右后卫;;右翼卫;右后卫;1.0;0.95;0.9;60.2;;54.2;£1450万 - £1750万;14.5;17.5;16.0;53.2;55.5;51.5;60.0;65.8;64.5;57.3;71.2;11;12;5;11;12;18;9;10;11;11;10;8;13;13;9;18;13;19;9;11;13;12;12;11;10;14;14;11;15;12;18;11;12;11;12;14;16.5;0.98;1.0;1.014;16.4;13.1;19.7;基础池;0;PASS;未知;;后卫/翼卫 (右)
67191910;现役;Éric Bailly;科特迪瓦;Oviedo;西甲;西甲;majority_high;30;187;还行;精准;右脚;中后卫;;;中后卫;1.0;0.95;0.9;67.8;;;£1400万 - £2300万;14.0;23.0;18.5;36.0;50.7;57.0;76.2;68.8;74.8;56.5;63.5;12;17;5;12;15;9;5;14;5;12;5;10;4;5;16;15;14;11;14;16;14;13;16;8;7;8;12;7;13;15;13;10;9;10;18;16;43.0;1.0;1.0;0.95;40.8;32.6;49.0;强援池;0;PASS;未知;;后卫 (中)
29218024;现役;Hayden Hackney;英格兰;Middlesbrough;英冠;英冠;majority_high;22;178;还行;精准;右脚;中前卫;;后腰;中前卫;1.0;0.95;0.9;66.1;;59.5;£1400万 - £2200万;14.0;22.0;18.0;61.2;71.8;66.2;62.8;58.0;60.8;69.2;68.3;14;11;10;15;12;5;13;9;11;13;11;13;11;9;11;14;11;12;9;13;14;11;13;12;13;13;14;15;14;14;13;14;14;14;15;11;35.6;1.02;1.0;0.959;34.8;27.8;41.8;主力池;0;PASS;未知;;后腰, 中场 (中)
2000052726;现役;Matěj Jurásek;捷克;Norwich;英冠;英冠;majority_high;21;181;精准;还行;左脚;左边锋;左边前卫;右边前卫、右边锋;左边锋;1.0;0.95;0.9;60.9;57.9;54.8;£1400万 - £2200万;14.0;22.0;18.0;57.0;65.5;69.5;39.8;64.0;52.0;55.8;52.5;14;6;11;13;7;8;13;10;13;13;11;14;13;11;11;10;13;9;10;12;14;13;9;16;8;11;9;14;9;10;14;10;10;13;10;11;18.3;1.05;1.0;1.015;19.5;15.6;23.4;轮换池;0;PASS;未知;中场/前腰 (左);中场/前腰 (右左)
27102380;现役;Kasper Dolberg;丹麦;Ajax;荷甲;荷甲;manual;27;187;还行;精准;右脚;中锋;;;中锋;1.0;0.95;0.9;66.9;;;£1400万 - £2200万;14.0;22.0;18.0;71.3;69.2;68.0;39.2;67.8;65.8;62.2;57.0;15;6;16;14;6;5;13;14;16;14;15;12;10;6;13;13;14;12;15;13;14;13;15;14;7;14;11;14;13;6;12;13;12;13;13;8;38.9;1.08;1.0;0.954;40.1;32.1;48.1;强援池;0;PASS;未知;;前锋 (中)
2000045698;现役;Oussama Targhalline;摩洛哥;Feyenoord;荷甲;荷甲;manual;22;186;还行;精准;右脚;中前卫;;后腰;中前卫;1.0;0.95;0.9;65.1;;58.6;£1400万 - £2200万;14.0;22.0;18.0;52.5;73.8;67.0;56.0;64.2;64.5;66.3;60.5;15;11;14;15;10;5;11;12;9;15;8;12;7;10;12;15;13;12;13;13;13;12;13;11;8;11;13;16;13;11;12;14;13;13;12;13;31.6;1.02;1.0;0.967;31.2;25.0;37.4;主力池;0;PASS;未知;;后腰, 中场 (中)
14044150;现役;Paulo Dybala;阿根廷;Roma;意甲;意甲;manual;31;177;精准;还行;左脚;前腰、中锋;右边锋;;前腰;1.0;0.95;0.9;73.1;69.4;;£1400万 - £2200万;14.0;22.0;18.0;74.2;83.5;88.0;28.0;63.7;50.5;65.0;59.8;19;3;17;17;4;4;16;10;17;17;14;17;14;15;8;11;12;11;6;17;17;13;16;18;12;15;12;16;14;3;14;15;11;13;8;9;72.5;1.04;1.0;0.95;71.7;57.4;86.0;球星池;0;PASS;未知;前腰 (右), 前锋 (中);前腰 (右中), 前锋 (中)
18091791;现役;Wilfred Ndidi;尼日利亚;Beşiktaş;土超;土超;majority_high;28;183;还行;精准;右脚;后腰;中前卫;;后腰;1.0;0.95;0.9;64.1;60.9;;£1400万 - £1850万;14.0;18.5;16.25;50.5;60.8;61.0;69.5;58.2;64.2;63.5;70.0;13;15;12;12;13;10;11;13;10;13;8;12;8;9;13;13;11;11;14;13;12;12;14;9;14;10;16;12;15;14;13;13;13;11;13;13;28.0;1.03;1.0;0.968;27.9;22.3;33.5;主力池;0;PASS;未知;中场 (中);后腰, 中场 (中)
2000158343;现役;Sondre Ørjasæter;挪威;FC Twente;荷甲;荷甲;majority_high;21;180;欠佳;精准;右脚;左边锋;左边前卫、右边前卫、右边锋;;左边锋;1.0;0.95;0.9;63.5;60.3;;£1400万 - £1850万;14.0;18.5;16.25;50.8;65.5;77.5;37.8;73.5;53.5;54.8;54.2;15;7;10;13;7;3;9;6;11;15;9;17;12;11;10;13;15;11;10;11;14;15;11;17;6;12;11;12;13;6;13;12;10;12;8;13;26.0;1.05;1.0;0.973;26.5;21.2;31.8;主力池;0;PASS;未知;中场 (右左), 前腰 (右);中场/前腰 (右左)
37075765;现役;Milan van Ewijk;荷兰;Coventry;英冠;英冠;majority_high;24;175;欠佳;精准;右脚;右翼卫;右边前卫、右边锋;右后卫;右翼卫;1.0;0.95;0.9;59.9;56.9;53.9;£1400万 - £1700万;14.0;17.0;15.5;42.2;52.5;60.0;55.0;83.2;57.5;50.0;63.8;12;12;4;10;11;18;8;5;11;12;7;12;10;8;10;13;17;15;7;12;14;18;10;10;9;11;14;10;14;10;14;10;10;10;13;10;15.8;1.0;1.0;1.015;16.0;12.8;19.2;基础池;0;PASS;未知;中场/前腰 (右);后卫/翼卫/中场/前腰 (右)
28087685;现役;Josh Cullen;爱尔兰;Burnley;英超;英超;manual;28;175;还行;精准;右脚;后腰;;中前卫;后腰;1.0;0.95;0.9;66.1;;59.5;£1400万 - £1700万;14.0;17.0;15.5;46.2;66.5;60.8;69.8;59.7;65.0;67.5;73.3;12;14;7;14;14;6;7;8;11;14;6;12;11;10;11;16;11;15;9;13;12;12;14;9;14;13;17;13;16;14;14;14;13;14;15;8;35.6;1.03;1.0;0.951;34.8;27.8;41.8;主力池;0;PASS;未知;;后腰, 中场 (中)
61078701;现役;Ross Stewart;苏格兰;Southampton;英冠;英冠;majority_high;28;188;还行;精准;右脚;中锋;;;中锋;1.0;0.95;0.9;61.6;;;£1400万 - £1700万;14.0;17.0;15.5;64.0;56.0;56.0;47.5;61.0;68.8;58.5;67.8;12;9;14;10;6;7;10;14;5;13;14;10;11;5;13;14;12;14;16;12;12;12;11;8;11;14;14;11;15;12;15;13;11;13;14;9;20.2;1.08;1.0;0.99;21.5;17.2;25.8;轮换池;0;PASS;未知;;前锋 (中)
14043349;现役;Ángel Correa;阿根廷;Tigres;墨超;墨超;majority_high;29;171;不错;精准;右脚;右边锋;前腰;中锋;右边锋;1.0;0.95;0.9;68.3;64.9;61.5;£1400万 - £1700万;14.0;17.0;15.5;68.8;65.8;74.8;41.5;69.5;60.2;66.2;73.2;15;6;11;12;5;11;11;8;9;15;14;15;11;12;11;12;14;16;6;14;15;14;14;15;10;16;15;13;13;8;17;14;15;15;15;14;45.3;1.05;1.0;0.95;45.2;36.2;54.2;强援池;0;PASS;未知;前腰 (中);前腰 (右中), 前锋 (中)
85120944;现役;Benjamin Pavard;法国;Olympique de Marseille;法甲;法甲;majority_high;28;186;还行;精准;右脚;中后卫;右后卫;;中后卫;1.0;0.95;0.9;70.7;67.2;;£1350万 - £2200万;13.5;22.0;17.75;57.8;65.2;59.8;74.8;66.0;70.2;71.5;73.8;12;15;6;14;15;13;13;15;4;14;9;10;11;4;13;14;14;14;15;15;13;12;15;11;10;12;16;12;17;15;15;14;15;16;14;13;57.9;1.0;1.0;0.95;55.0;44.0;66.0;强援池;0;PASS;未知;后卫 (右);后卫 (右中)
28116006;现役;Finn Azaz;爱尔兰;Southampton;英冠;英冠;majority_high;24;185;强势;精准;左脚;前腰;中前卫、左边锋;;前腰;1.0;0.95;0.9;64.8;61.6;;£1350万 - £2200万;13.5;22.0;17.75;65.8;72.2;70.5;43.5;57.0;50.8;64.8;49.5;15;6;11;15;7;5;13;6;12;15;14;13;13;12;8;13;11;8;8;15;13;11;13;14;7;12;9;14;10;11;12;13;12;14;9;7;30.5;1.04;1.0;0.968;30.7;24.6;36.8;主力池;0;PASS;未知;中场 (中), 前腰 (左);中场 (中), 前腰 (左中)
47102376;现役;Toluwalase Arokodare;尼日利亚;Wolves;英超;英超;majority_high;24;197;还行;精准;右脚;中锋;;;中锋;1.0;0.95;0.9;60.9;;;£1350万 - £2200万;13.5;22.0;17.75;63.0;55.0;55.5;50.0;55.5;75.2;59.5;62.5;11;8;10;11;8;7;12;15;9;12;14;11;7;5;18;13;11;12;18;15;10;11;11;9;8;12;12;11;12;13;15;12;13;13;12;13;18.3;1.08;1.0;1.014;20.0;16.0;24.0;轮换池;0;PASS;未知;;前锋 (中)
19407328;现役;Patati;巴西;AZ;荷甲;荷甲;majority_high;21;173;精准;还行;左脚;左边锋;中前卫;前腰、右边锋;左边锋;1.0;0.95;0.9;63.9;60.7;57.5;£1350万 - £2200万;13.5;22.0;17.75;60.5;64.8;69.8;51.5;68.5;53.5;58.8;65.0;14;11;12;13;9;10;11;5;11;13;12;14;13;11;7;12;13;14;8;13;14;15;13;16;6;13;15;13;14;8;14;11;12;12;13;13;27.3;1.05;1.0;0.976;28.0;22.4;33.6;主力池;0;PASS;未知;中场 (中), 前腰 (左);中场 (中), 前腰 (右左中)
19250980;现役;Mauro Júnior;巴西;PSV;荷甲;荷甲;manual;25;171;精准;不错;左脚;左边锋;右后卫、右翼卫、后腰;左后卫、左翼卫、左边前卫;左边锋;1.0;0.95;0.9;63.0;59.8;56.7;£1350万 - £2200万;13.5;22.0;17.75;57.7;66.5;72.5;50.8;61.5;51.8;62.7;63.8;16;9;8;12;9;11;13;7;9;14;9;14;10;5;7;14;12;11;7;14;13;12;12;15;9;15;15;14;17;12;12;13;11;12;10;14;24.3;1.05;1.0;0.985;25.2;20.2;30.2;主力池;0;PASS;未知;后卫/翼卫 (右), 后腰, 前腰 (左);后卫/翼卫 (右左), 后腰, 中场/前腰 (左)
2000045246;现役;Ruben van Bommel;荷兰;PSV;荷甲;荷甲;manual;20;192;笨拙;精准;右脚;中锋;;左边前卫、左边锋;中锋;1.0;0.95;0.9;63.4;;57.1;£1350万 - £2200万;13.5;22.0;17.75;64.8;57.2;61.8;33.5;77.5;66.2;51.5;58.8;13;6;12;12;5;3;13;8;14;12;13;12;12;11;13;14;16;16;14;12;13;16;13;12;11;13;11;10;10;5;16;10;9;13;9;14;25.6;1.08;1.0;0.981;27.2;21.8;32.6;主力池;0;PASS;未知;前锋 (中);中场/前腰 (左), 前锋 (中)
37061602;现役;Orkun Kökçü;土耳其;Beşiktaş;土超;土超;majority_high;24;175;不错;精准;右脚;前腰;后腰;中前卫;前腰;1.0;0.95;0.9;69.4;65.9;62.5;£1350万 - £2200万;13.5;22.0;17.75;65.2;81.5;73.0;41.2;62.8;61.8;65.5;65.3;16;7;15;17;6;9;15;7;15;15;12;14;14;14;12;12;13;15;8;16;13;12;9;13;14;13;12;17;14;10;14;15;12;16;11;16;50.8;1.04;1.0;0.95;50.2;40.2;60.2;强援池;0;PASS;未知;后腰;后腰, 中场/前腰 (中)
18083611;现役;Dodi Lukébakio;比利时;Benfica;葡超;葡超;manual;27;187;精准;还行;左脚;左边锋;右边前卫、中锋;右边锋;左边锋;1.0;0.95;0.9;67.5;64.1;60.8;£1350万 - £1800万;13.5;18.0;15.75;67.8;63.0;79.0;32.0;76.2;59.2;56.5;52.0;15;5;17;12;3;6;14;10;12;14;12;18;14;14;13;11;17;14;13;11;16;14;13;17;7;15;8;13;11;6;14;8;13;14;7;12;41.6;1.05;1.0;0.95;41.5;33.2;49.8;强援池;0;PASS;未知;中场 (右), 前腰 (左), 前锋 (中);中场 (右), 前腰 (右左), 前锋 (中)
62082823;现役;Andrija Živković;塞尔维亚;PAOK;希超;希超;majority_high;28;169;精准;不错;左脚;前腰;左边前卫、右边前卫、左边锋;右边锋;前腰;1.0;0.95;0.9;68.0;64.6;61.2;£1350万 - £1800万;13.5;18.0;15.75;65.0;78.2;75.8;39.5;58.8;50.0;63.8;66.2;16;7;13;16;6;10;13;6;14;15;13;15;15;15;9;12;11;11;5;13;14;12;11;16;17;13;13;16;13;8;15;14;11;15;10;13;43.9;1.04;1.0;0.95;43.4;34.7;52.1;强援池;0;PASS;未知;中场 (右左), 前腰 (左中);中场 (右左), 前腰 (右左中)
28128115;现役;Jesurun Rak-Sakyi;英格兰;Stoke;英冠;英冠;majority_high;22;179;精准;还行;左脚;左边锋;左边前卫;前腰、右边前卫、右边锋;左边锋;1.0;0.95;0.9;61.8;58.7;55.6;£1350万 - £1750万;13.5;17.5;15.5;60.5;59.0;69.5;46.0;68.5;50.5;56.5;53.2;13;10;11;11;7;4;10;8;12;13;13;15;12;10;8;12;13;10;9;13;14;15;12;15;7;13;11;12;12;9;13;11;10;12;9;7;20.7;1.05;1.0;0.988;21.5;17.2;25.8;轮换池;0;PASS;未知;中场/前腰 (左);中场 (右左), 前腰 (右左中)
43093171;现役;Piotr Zieliński;波兰;Inter Milan;意甲;意甲;manual;30;180;强势;精准;左脚;前腰;;中前卫;前腰;1.0;0.95;0.9;68.1;;61.3;£1350万 - £1750万;13.5;17.5;15.5;66.5;77.5;72.2;46.2;65.5;58.2;64.8;55.5;17;8;16;16;7;6;15;7;12;16;12;12;14;14;10;13;13;16;9;12;14;13;14;14;10;13;11;15;15;11;11;13;10;13;10;8;44.4;1.04;1.0;0.95;43.8;35.0;52.6;强援池;0;PASS;未知;前腰 (中);中场/前腰 (中)
28109697;现役;Liam Millar;加拿大;Hull;英冠;英冠;majority_high;25;181;还行;精准;右脚;左边锋;;左边前卫;左边锋;1.0;0.95;0.9;61.9;;55.7;£1350万 - £1700万;13.5;17.0;15.25;55.8;63.0;72.5;38.8;70.0;52.8;51.8;54.2;15;7;10;13;7;4;13;8;7;14;9;15;14;12;8;14;14;11;9;13;14;14;12;14;7;14;14;10;13;6;11;12;11;9;8;7;21.0;1.05;1.0;0.985;21.7;17.4;26.0;轮换池;0;PASS;未知;;中场/前腰 (左)
45111131;现役;Tsuyoshi Watanabe;日本;Feyenoord;荷甲;荷甲;manual;27;186;还行;精准;右脚;中后卫;;;中后卫;1.0;0.95;0.9;66.5;;;£1350万 - £1700万;13.5;17.0;15.25;52.0;54.8;50.7;70.0;65.5;69.0;65.5;72.5;11;14;9;10;14;11;11;14;9;11;7;8;8;8;13;15;13;13;14;14;12;13;14;9;11;13;16;12;15;14;15;13;14;13;14;14;37.2;1.0;1.0;0.95;35.4;28.3;42.5;主力池;0;PASS;未知;;后卫 (中)
19363237;现役;Welington;巴西;Southampton;英冠;英冠;majority_high;23;175;精准;欠佳;左脚;左翼卫;;左后卫;左翼卫;1.0;0.95;0.9;61.7;;55.5;£1350万 - £1700万;13.5;17.0;15.25;52.7;59.0;64.0;54.8;74.5;58.5;60.0;62.2;13;10;7;12;10;10;8;8;8;12;10;13;13;10;10;14;15;14;9;11;15;15;13;12;8;13;14;10;14;12;12;13;11;12;13;14;20.4;1.0;1.0;0.987;20.2;16.2;24.2;轮换池;0;PASS;未知;翼卫 (左);后卫/翼卫 (左)
28088513;现役;Harry Winks;英格兰;Leicester;英冠;英冠;majority_high;28;178;还行;精准;右脚;中前卫;;后腰;中前卫;1.0;0.95;0.9;62.5;;56.3;£1350万 - £1650万;13.5;16.5;15.0;55.8;70.2;64.0;57.5;56.0;58.5;63.5;59.2;14;11;12;15;11;9;11;8;10;14;9;12;10;12;12;13;10;11;7;14;12;12;12;10;11;13;12;14;14;12;10;13;12;14;13;12;22.8;1.02;1.0;0.977;22.7;18.2;27.2;轮换池;0;PASS;未知;中场 (中);后腰, 中场 (中)
83228369;现役;Alexandre Penetra;葡萄牙;AZ;荷甲;荷甲;majority_high;23;184;还行;精准;右脚;中后卫;;;中后卫;1.0;0.95;0.9;66.3;;;£1350万 - £1650万;13.5;16.5;15.0;46.8;58.3;49.5;72.0;61.0;66.0;64.2;75.0;11;15;13;12;14;10;8;14;9;12;8;8;11;7;12;14;12;15;12;13;12;12;14;5;15;8;15;11;16;14;15;13;15;13;14;15;36.4;1.0;1.0;0.95;34.6;27.7;41.5;主力池;0;PASS;未知;;后卫 (中)
2000283330;现役;Mateo Chávez;墨西哥;AZ;荷甲;荷甲;majority_high;20;177;精准;还行;左脚;左后卫;左翼卫;;左后卫;1.0;0.95;0.9;63.4;60.2;;£1300万 - £2100万;13.0;21.0;17.0;49.8;60.7;64.8;64.2;70.0;62.2;58.2;68.5;13;14;9;12;12;10;9;8;6;13;8;13;12;7;9;15;14;15;9;14;13;14;14;12;9;13;15;12;13;12;15;11;11;9;15;15;25.6;0.98;1.0;0.978;24.6;19.7;29.5;轮换池;0;PASS;未知;翼卫 (左);后卫/翼卫 (左)
29243820;现役;Ronnie Edwards;英格兰;QPR;英冠;英冠;majority_high;21;185;强势;精准;左脚;中后卫;;;中后卫;1.0;0.95;0.9;65.3;;;£1300万 - £2100万;13.0;21.0;17.0;49.0;69.5;63.5;65.3;57.5;64.2;67.5;70.5;13;14;6;15;12;6;7;12;6;15;10;12;6;4;12;15;11;14;10;13;12;11;13;10;12;9;14;14;15;13;16;14;13;15;13;12;32.4;1.0;1.0;0.961;31.1;24.9;37.3;主力池;0;PASS;未知;;后卫 (中)
2000176255;现役;Kodai Sano;日本;N.E.C.;荷甲;荷甲;majority_high;21;176;还行;精准;右脚;左边锋;;中前卫、前腰、左边前卫;左边锋;1.0;0.95;0.9;64.9;;58.4;£1300万 - £1700万;13.0;17.0;15.0;58.0;66.8;72.2;52.3;71.3;53.5;62.5;58.5;15;9;6;13;10;5;9;10;11;16;12;14;8;8;7;13;14;15;8;12;14;15;12;13;10;14;14;13;15;11;8;13;13;13;11;14;30.9;1.05;1.0;0.957;31.0;24.8;37.2;主力池;0;PASS;未知;前腰 (左);中场/前腰 (左中)
2000027031;现役;Isaac Price;北爱尔兰;West Brom;英冠;英冠;majority_high;21;178;还行;精准;右脚;前腰;;中前卫;前腰;1.0;0.95;0.9;62.4;;56.2;£1300万 - £1650万;13.0;16.5;14.75;69.8;62.5;58.8;57.5;60.5;55.8;64.2;63.5;12;10;11;12;11;7;14;12;11;12;14;12;12;12;11;13;12;9;10;11;12;12;13;10;11;15;13;14;13;13;13;12;12;14;13;13;22.5;1.04;1.0;0.977;22.8;18.2;27.4;轮换池;0;PASS;未知;;中场/前腰 (中)
29226253;现役;Tommy Conway;苏格兰;Middlesbrough;英冠;英冠;majority_high;22;185;欠佳;精准;右脚;中锋;前腰、左边锋、右边锋;;中锋;1.0;0.95;0.9;62.5;59.4;;£1300万 - £1600万;13.0;16.0;14.5;62.5;60.2;61.2;43.8;66.0;62.0;62.0;66.8;13;7;12;11;6;1;7;12;4;13;14;12;8;5;11;14;12;10;13;14;15;14;14;6;10;14;14;13;14;9;15;13;13;14;13;9;22.8;1.08;1.0;0.974;24.0;19.2;28.8;轮换池;0;PASS;未知;前腰 (右左中);前腰 (右左中), 前锋 (中)
51055821;现役;Jorge Sánchez;墨西哥;PAOK;希超;希超;majority_high;27;175;不错;精准;右脚;左后卫;左翼卫、右翼卫;右后卫;左后卫;1.0;0.95;0.9;61.9;58.8;55.7;£1300万 - £1600万;13.0;16.0;14.5;41.5;56.8;57.3;64.5;76.8;60.0;55.0;67.5;12;14;10;11;14;10;6;11;4;13;6;10;11;4;10;15;15;14;9;11;15;16;12;8;8;11;16;11;13;12;15;11;9;11;14;16;21.0;0.98;1.0;0.981;20.2;16.2;24.2;轮换池;0;PASS;未知;后卫 (左), 翼卫 (右左);后卫/翼卫 (右左)
85045409;现役;Raphaël Guerreiro;葡萄牙;Bayern Munich;德甲;德甲;manual;31;170;精准;欠佳;左脚;前腰;后腰;左后卫、左翼卫、中前卫;前腰;1.0;0.95;0.9;70.0;66.5;63.0;£1300万 - £1600万;13.0;16.0;14.5;67.8;79.2;79.2;49.2;65.2;53.2;64.8;56.5;17;10;12;16;9;12;15;7;16;17;11;15;16;14;9;16;12;10;6;12;15;13;13;16;10;16;12;16;15;9;11;12;10;16;10;8;54.0;1.04;1.0;0.95;53.4;42.7;64.1;强援池;0;PASS;未知;后腰, 前腰 (中);后卫/翼卫 (左), 后腰, 中场/前腰 (中)
29086005;现役;Will Hughes;英格兰;Crystal Palace;英超;英超;manual;29;185;精准;还行;左脚;后腰;;中前卫;后腰;1.0;0.95;0.9;67.2;;60.5;£1300万 - £1550万;13.0;15.5;14.25;56.0;68.8;62.5;70.2;53.0;65.5;69.8;74.8;14;14;11;14;14;6;10;11;12;13;9;12;11;14;13;14;11;12;13;12;11;9;15;11;14;13;16;14;15;14;15;14;13;14;15;16;40.2;1.03;1.0;0.95;39.4;31.5;47.3;主力池;0;PASS;未知;;后腰, 中场 (中)
37064720;现役;Lutsharel Geertruida;荷兰;Sunderland;英超;英超;manual;24;184;还行;精准;右脚;中后卫;左后卫、后腰;右后卫、右翼卫;中后卫;1.0;0.95;0.9;66.5;63.2;59.9;£1250万 - £2000万;12.5;20.0;16.25;51.5;65.8;62.5;65.2;65.5;70.0;64.0;72.2;13;13;12;14;13;13;9;14;8;13;8;12;11;8;14;14;13;14;13;15;13;13;13;10;13;12;15;13;16;13;15;12;13;14;14;12;37.2;1.0;1.0;0.951;35.4;28.3;42.5;主力池;0;PASS;未知;后卫 (左), 后腰;后卫 (右左中), 翼卫 (右), 后腰
2000077634;现役;Justin Devenny;北爱尔兰;Crystal Palace;英超;英超;manual;21;183;精准;不错;左脚;后腰;左翼卫、左边前卫;中前卫、前腰;后腰;1.0;0.95;0.9;58.1;55.2;52.3;£1250万 - £2000万;12.5;20.0;16.25;53.8;57.0;53.5;57.2;60.5;60.2;55.8;66.5;11;11;15;13;11;7;10;8;10;11;10;11;10;13;10;14;12;14;12;11;11;12;11;8;12;11;15;10;14;13;14;11;11;12;12;12;11.9;1.03;1.0;1.05;12.8;10.2;15.4;基础池;0;PASS;未知;翼卫/中场 (左);翼卫 (左), 后腰, 中场 (左中), 前腰 (中)
37055848;现役;Zian Flemming;荷兰;Burnley;英超;英超;manual;26;185;强势;精准;左脚;中锋;左边锋、右边锋;前腰;中锋;1.0;0.95;0.9;61.2;58.1;55.1;£1250万 - £2000万;12.5;20.0;16.25;67.0;62.8;62.2;46.5;54.5;57.7;59.0;61.8;14;9;12;12;8;17;13;12;14;12;14;12;11;8;12;10;11;10;14;13;11;11;13;12;11;13;11;14;12;8;16;10;12;14;10;11;19.1;1.08;1.0;1.0;20.6;16.5;24.7;轮换池;0;PASS;未知;前腰 (右左);前腰 (右左中), 前锋 (中)
78076996;现役;Santiago Bueno;乌拉圭;Wolves;英超;英超;majority_high;26;190;不错;精准;右脚;中后卫;;;中后卫;1.0;0.95;0.9;63.4;;;£1250万 - £1950万;12.5;19.5;16.0;42.3;54.5;48.5;69.8;62.8;64.5;62.0;63.0;10;14;8;12;14;8;9;14;5;12;7;8;9;4;13;14;13;11;14;12;11;12;14;7;6;6;13;9;14;14;13;13;14;12;13;14;25.6;1.0;1.0;0.973;24.9;19.9;29.9;轮换池;0;PASS;未知;;后卫 (中)
85051083;现役;Kalidou Koulibaly;塞内加尔;Al-Hilal;沙特联;沙特联;manual;33;195;欠佳;精准;右脚;中后卫;;;中后卫;1.0;0.95;0.9;71.3;;;£1250万 - £1650万;12.5;16.5;14.5;45.2;56.8;49.8;80.5;59.0;76.5;65.0;73.7;11;17;6;13;16;6;6;17;4;12;9;9;6;4;18;12;14;15;19;10;8;10;15;8;14;9;13;9;17;16;13;14;14;11;18;17;61.3;1.0;1.0;0.95;58.3;46.6;70.0;强援池;0;PASS;未知;;后卫 (中)
20034959;现役;Haji Wright;美国;Coventry;英冠;英冠;majority_high;26;193;不错;精准;右脚;中锋;右边锋;左边锋;中锋;1.0;0.95;0.9;61.7;58.6;55.5;£1250万 - £1650万;12.5;16.5;14.5;65.8;52.2;61.8;32.2;71.2;65.8;52.8;48.0;12;5;16;10;4;3;10;13;5;12;15;13;10;5;13;14;15;12;15;13;12;14;13;12;6;13;10;9;13;6;8;12;9;12;11;10;20.4;1.08;1.0;0.983;21.7;17.4;26.0;轮换池;0;PASS;未知;前腰 (右);前腰 (右左), 前锋 (中)
2000035859;现役;Nilson Angulo;厄瓜多尔;Sunderland;英超;英超;manual;21;182;还行;精准;右脚;左边锋;右边锋、中锋;;左边锋;1.0;0.95;0.9;59.5;56.5;;£1250万 - £1650万;12.5;16.5;14.5;54.7;56.2;62.0;47.2;71.8;64.5;46.8;54.8;13;9;9;13;10;8;10;11;9;11;12;13;12;12;13;14;14;14;12;11;14;15;9;11;5;11;11;9;13;9;12;8;9;12;13;9;14.8;1.05;1.0;1.014;15.8;12.6;19.0;基础池;0;PASS;未知;前腰 (右), 前锋 (中);前腰 (右左), 前锋 (中)
2000065731;现役;Seiya Maikuma;日本;AZ;荷甲;荷甲;majority_high;27;179;不错;精准;右脚;右后卫;;右翼卫;右后卫;1.0;0.95;0.9;64.9;;58.4;£1250万 - £1600万;12.5;16.0;14.25;50.8;66.5;65.2;64.5;66.0;63.3;68.0;67.5;13;13;10;13;12;6;9;10;10;15;7;12;13;6;11;15;13;15;11;12;13;13;15;13;11;13;15;13;14;13;15;14;13;13;12;9;30.9;0.98;1.0;0.954;28.9;23.1;34.7;主力池;0;PASS;未知;;后卫/翼卫 (右)
62193533;现役;Tomi Horvat;斯洛文尼亚;Bristol City;英冠;英冠;majority_high;25;175;精准;还行;左脚;前腰;右边前卫、左边锋;中前卫;前腰;1.0;0.95;0.9;63.6;60.4;57.2;£1250万 - £1550万;12.5;15.5;14.0;61.2;68.0;66.8;48.0;64.5;55.5;60.7;63.7;14;9;11;14;8;7;13;9;13;13;12;14;12;12;10;13;13;11;12;9;12;13;13;14;12;12;13;14;14;9;13;12;12;12;12;12;26.3;1.04;1.0;0.962;26.3;21.0;31.6;主力池;0;PASS;未知;中场 (右), 前腰 (左);中场 (右中), 前腰 (左中)
91175809;现役;Kai Wagner;德国;Birmingham;英冠;英冠;majority_high;27;183;精准;不错;左脚;左后卫;左翼卫、左边前卫;;左后卫;1.0;0.95;0.9;60.0;57.0;;£1250万 - £1500万;12.5;15.0;13.75;45.7;62.8;58.2;61.5;64.5;58.5;56.2;61.5;12;14;9;13;12;12;10;11;11;12;6;12;14;12;12;13;12;11;10;13;13;14;9;7;10;13;13;12;13;13;14;13;11;11;10;13;16.0;0.98;1.0;1.001;15.7;12.6;18.8;基础池;0;PASS;未知;翼卫/中场 (左);后卫/翼卫/中场 (左)
61083649;现役;Nathan Patterson;苏格兰;Everton;英超;英超;manual;23;183;还行;精准;右脚;右后卫;;右翼卫;右后卫;1.0;0.95;0.9;59.3;;53.4;£1250万 - £1500万;12.5;15.0;13.75;50.8;53.7;51.0;57.5;75.0;65.0;51.2;61.2;11;13;5;11;10;10;11;8;6;11;8;9;14;12;12;17;15;14;11;11;13;15;11;7;4;13;14;11;13;11;14;7;12;12;12;12;14.4;0.98;1.0;1.012;14.3;11.4;17.2;基础池;0;PASS;未知;;后卫/翼卫 (右)
2000117722;现役;Papa Amadou Diallo;塞内加尔;Norwich;英冠;英冠;majority_high;20;182;欠佳;精准;右脚;左边锋;左边前卫;右边锋;左边锋;1.0;0.95;0.9;60.6;57.6;54.5;£1200万 - £1950万;12.0;19.5;15.75;55.5;55.0;64.2;41.8;77.0;52.5;52.5;54.8;11;7;9;10;8;7;10;9;9;14;11;13;9;8;7;12;16;10;11;14;14;16;11;13;7;13;12;12;11;8;12;10;10;11;11;11;17.5;1.05;1.0;1.005;18.5;14.8;22.2;轮换池;0;PASS;未知;中场 (左);中场 (左), 前腰 (右左)
28047558;现役;Michael Keane;英格兰;Everton;英超;英超;manual;32;188;还行;精准;右脚;中后卫;;;中后卫;1.0;0.95;0.9;67.7;;;£1200万 - £1950万;12.0;19.5;15.75;46.0;60.5;52.8;74.8;55.5;70.0;62.3;72.5;15;16;5;13;14;12;6;17;5;12;9;8;8;5;15;13;12;14;15;12;9;10;15;5;12;10;13;10;15;15;17;12;14;11;15;11;42.5;1.0;1.0;0.95;40.4;32.3;48.5;强援池;0;PASS;未知;;后卫 (中)
28106684;现役;Joe Willock;英格兰;Newcastle;英超;英超;manual;25;179;还行;精准;右脚;中前卫;前腰;;中前卫;1.0;0.95;0.9;63.9;60.7;;£1200万 - £1900万;12.0;19.0;15.5;63.8;65.2;68.0;50.5;76.8;61.2;63.2;64.2;13;10;9;13;8;4;11;7;10;13;12;13;11;7;12;14;14;14;8;13;17;17;14;15;4;16;16;14;16;9;13;12;13;13;12;10;27.3;1.02;1.0;0.966;26.9;21.5;32.3;主力池;0;PASS;未知;;中场 (中)
28112512;现役;Jaidon Anthony;英格兰;Burnley;英超;英超;manual;25;177;还行;精准;右脚;左边锋;左边前卫;;左边锋;1.0;0.95;0.9;62.1;59.0;;£1200万 - £1900万;12.0;19.0;15.5;55.7;61.5;66.2;39.8;74.0;53.5;57.0;59.5;13;6;10;12;7;2;8;7;6;13;11;14;13;11;8;14;15;14;8;12;14;15;12;12;6;14;14;12;14;8;14;12;12;12;8;10;21.6;1.05;1.0;0.984;22.3;17.8;26.8;轮换池;0;PASS;未知;中场 (左);中场/前腰 (左)
2000161759;现役;Bae Jun-Ho;韩国;Stoke;英冠;英冠;majority_high;21;180;欠佳;精准;右脚;前腰;左边前卫、右边前卫;左边锋、右边锋;前腰;1.0;0.95;0.9;60.5;57.5;54.5;£1200万 - £1550万;12.0;15.5;13.75;47.0;62.0;68.5;44.0;64.2;63.2;58.0;64.0;13;7;9;12;7;2;9;8;9;15;7;13;11;10;9;15;11;18;9;15;15;14;10;13;9;12;15;12;13;12;15;12;10;13;11;11;17.2;1.04;1.0;0.993;17.8;14.2;21.4;基础池;0;PASS;未知;中场 (右左);中场 (右左), 前腰 (右左中)
61070563;现役;Kieran Tierney;苏格兰;Celtic;苏超;苏超;majority_high;27;178;精准;还行;左脚;左后卫;;左翼卫;左后卫;1.0;0.95;0.9;64.2;;57.8;£1200万 - £1550万;12.0;15.5;13.75;51.5;62.5;62.8;67.5;68.0;56.8;61.8;77.0;13;15;8;12;13;15;10;12;10;13;8;13;15;10;11;11;14;11;9;14;13;14;13;8;14;13;17;12;18;13;16;13;12;12;13;15;28.3;0.98;1.0;0.957;26.6;21.3;31.9;主力池;0;PASS;未知;;后卫/翼卫 (左)
37055855;现役;Ramiz Zerrouki;阿尔及利亚;FC Twente;荷甲;荷甲;majority_high;26;183;还行;精准;右脚;后腰;;中前卫;后腰;1.0;0.95;0.9;66.0;;59.4;£1200万 - £1550万;12.0;15.5;13.75;54.0;67.8;61.3;66.8;56.2;66.8;66.0;74.8;14;12;11;14;14;12;12;11;14;12;7;12;11;14;12;15;11;15;11;13;13;10;12;8;14;14;16;14;14;14;15;13;15;14;15;15;35.2;1.03;1.0;0.95;34.4;27.5;41.3;主力池;0;PASS;未知;;后腰, 中场 (中)
19226741;现役;Lucas Paquetá;巴西;Flamengo;巴甲;巴甲;manual;27;180;精准;还行;左脚;前腰;后腰;中前卫、左边锋;前腰;1.0;0.95;0.9;67.1;63.7;60.4;£1200万 - £1450万;12.0;14.5;13.25;62.8;68.8;78.7;56.0;65.5;65.8;60.0;58.8;17;12;15;13;10;6;12;12;12;16;12;15;11;12;13;13;13;13;11;14;14;13;13;17;11;13;10;14;9;10;13;10;10;13;16;13;39.8;1.04;1.0;0.95;39.3;31.4;47.2;主力池;0;PASS;未知;后腰;后腰, 中场 (中), 前腰 (左中)
83190945;现役;Ali Al Musrati;利比亚;Hellas Verona;意甲;意甲;majority_medium;28;189;不错;精准;右脚;后腰;;中前卫;后腰;1.0;0.95;0.9;65.4;;58.9;£1200万 - £1450万;12.0;14.5;13.25;57.2;72.8;58.5;65.8;51.5;66.7;69.8;62.7;15;11;9;15;13;4;13;12;6;15;10;10;10;8;16;13;11;12;14;11;9;9;14;5;5;10;13;15;15;16;14;13;14;15;12;10;32.8;1.03;1.0;0.95;32.1;25.7;38.5;主力池;0;PASS;未知;;后腰, 中场 (中)
2000382120;现役;Chido Obi;丹麦;Manchester United;英超;英超;manual;17;188;欠佳;精准;右脚;中锋;;;中锋;1.0;0.95;0.9;56.6;;;£1150万 - £1850万;11.5;18.5;15.0;60.5;47.5;59.5;31.8;64.0;58.2;47.2;46.2;12;5;11;9;5;4;9;11;5;14;13;11;7;4;11;11;14;12;14;12;12;12;13;10;5;13;12;8;10;4;7;8;10;13;10;12;9.1;1.08;1.0;1.05;10.4;8.3;12.5;基础池;0;PASS;未知;;前锋 (中)
28106874;现役;Japhet Tanganga;英格兰;Sheffield United;英冠;英冠;majority_high;25;184;还行;精准;右脚;中后卫;右后卫;;中后卫;1.0;0.95;0.9;63.9;60.7;;£1150万 - £1850万;11.5;18.5;15.0;42.5;54.2;55.5;66.0;64.5;68.0;60.5;68.0;12;13;8;11;14;13;7;15;5;11;6;10;8;4;15;13;13;11;14;14;12;13;13;10;8;10;15;10;15;13;14;12;12;13;14;15;27.3;1.0;1.0;0.964;26.3;21.0;31.6;主力池;0;PASS;未知;后卫 (右);后卫 (右中)
2000015270;现役;Mohamed Touré;澳大利亚;Norwich;英冠;英冠;majority_high;20;186;欠佳;精准;右脚;左边锋;前腰、右边锋;中锋;左边锋;1.0;0.95;0.9;58.6;55.7;52.7;£1150万 - £1800万;11.5;18.0;14.75;56.8;51.5;59.8;26.5;76.5;60.8;45.5;51.5;12;4;11;10;4;3;10;10;5;11;12;12;10;6;13;11;16;14;13;11;14;16;11;12;7;12;11;10;11;3;11;9;9;11;10;12;12.9;1.05;1.0;1.034;14.0;11.2;16.8;基础池;0;PASS;未知;前腰 (右左中);前腰 (右左中), 前锋 (中)
79024232;现役;Miguel Almirón;巴拉圭;Atlanta United;美职联;美职联;majority_medium;30;174;精准;笨拙;左脚;左边锋;左边前卫、右边前卫;前腰、右边锋;左边锋;1.0;0.95;0.9;64.7;61.5;58.2;£1150万 - £1800万;11.5;18.0;14.75;58.0;57.8;62.8;58.0;81.8;58.3;60.2;71.0;11;12;11;12;8;4;10;6;10;12;11;13;10;10;10;15;17;15;6;12;16;16;14;13;6;14;20;12;15;14;16;10;12;10;12;7;30.1;1.05;1.0;0.957;30.3;24.2;36.4;主力池;0;PASS;未知;中场 (右左), 前腰 (左);中场 (右左), 前腰 (右左中)
28106360;现役;Lukas Nmecha;德国;Leeds;英超;英超;manual;26;185;不错;精准;右脚;左边锋;右边锋;中锋;左边锋;1.0;0.95;0.9;62.7;59.6;56.4;£1150万 - £1800万;11.5;18.0;14.75;65.8;58.0;67.5;36.5;68.0;58.2;57.2;57.3;14;6;17;11;5;6;10;13;12;13;14;13;8;6;13;11;14;7;13;14;13;14;13;15;10;14;11;11;12;6;12;12;12;13;11;12;23.4;1.05;1.0;0.974;23.9;19.1;28.7;轮换池;0;PASS;未知;前腰 (右左);前腰 (右左), 前锋 (中)
45064891;现役;Takumi Minamino;日本;Monaco;法甲;法甲;manual;30;172;不错;精准;右脚;左边锋;右边锋;前腰;左边锋;1.0;0.95;0.9;65.9;62.6;59.3;£1150万 - £1500万;11.5;15.0;13.25;61.5;68.2;72.5;46.0;70.5;58.8;60.0;67.2;15;7;10;14;8;5;12;7;10;14;12;14;12;10;8;14;13;14;8;15;16;15;14;14;7;13;14;14;14;8;15;10;14;12;14;12;34.7;1.05;1.0;0.95;34.7;27.8;41.6;主力池;0;PASS;未知;前腰 (右);前腰 (右左中)
28127371;现役;Hugo Bueno;西班牙;Wolves;英超;英超;majority_high;22;180;精准;还行;左脚;左翼卫;;左后卫、左边前卫;左翼卫;1.0;0.95;0.9;61.8;;55.6;£1150万 - £1500万;11.5;15.0;13.25;52.5;62.0;63.2;55.7;68.2;62.0;60.0;66.8;13;10;5;13;12;3;10;10;11;10;9;13;14;11;11;14;14;13;10;14;14;13;12;14;10;13;15;12;12;11;15;12;11;13;13;15;20.7;1.0;1.0;0.975;20.2;16.2;24.2;轮换池;0;PASS;未知;;后卫/翼卫/中场 (左)
57142187;现役;Dennis Man;罗马尼亚;PSV;荷甲;荷甲;manual;26;183;精准;还行;左脚;右边锋;;;右边锋;1.0;0.95;0.9;65.3;;;£1150万 - £1450万;11.5;14.5;13.0;64.5;68.2;70.8;31.8;71.8;61.8;54.5;62.5;15;5;13;14;4;6;13;12;6;14;13;14;13;11;12;14;14;12;11;12;14;15;11;14;10;14;12;13;10;5;16;12;11;12;13;11;32.4;1.05;1.0;0.95;32.3;25.8;38.8;主力池;0;PASS;未知;;前腰 (右)
2000014557;现役;Dave Kwakman;荷兰;FC Volendam;荷甲;荷甲;majority_high;20;186;还行;精准;右脚;前腰;;后腰、中前卫;前腰;1.0;0.95;0.9;61.0;;54.9;£1150万 - £1400万;11.5;14.0;12.75;45.8;65.3;69.0;52.0;61.5;59.5;61.5;55.2;14;11;10;13;9;4;7;5;6;14;7;13;6;6;10;13;11;13;11;14;15;13;12;14;10;11;12;14;12;10;10;12;11;14;11;12;18.5;1.04;1.0;0.981;18.9;15.1;22.7;轮换池;0;PASS;未知;前腰 (中);后腰, 中场/前腰 (中)
2000144613;现役;Başar Önal;土耳其;N.E.C.;荷甲;荷甲;majority_high;20;178;不错;精准;右脚;前腰;;左边锋、右边锋;前腰;1.0;0.95;0.9;60.6;;54.5;£1150万 - £1400万;11.5;14.0;12.75;59.2;65.8;64.5;38.8;61.5;56.5;57.2;53.5;14;7;8;14;5;10;13;8;13;13;11;12;11;13;9;13;12;13;10;12;14;12;12;12;9;13;13;12;12;7;7;13;12;12;12;13;17.5;1.04;1.0;0.985;17.9;14.3;21.5;基础池;0;PASS;未知;;前腰 (右左中)
37024470;现役;Memphis Depay;荷兰;Corinthians;巴甲;巴甲;majority_high;30;176;不错;精准;右脚;左边锋;前腰;中锋;左边锋;1.0;0.95;0.9;68.5;65.1;61.6;£1100万 - £1800万;11.0;18.0;14.5;67.5;72.8;78.2;29.0;71.8;63.8;57.7;63.5;17;3;14;15;3;6;14;10;14;15;14;15;13;13;15;13;15;11;9;14;14;14;13;18;13;13;12;14;11;5;15;11;12;12;13;9;46.3;1.05;1.0;0.95;46.2;37.0;55.4;强援池;0;PASS;未知;前腰 (中);前腰 (左中), 前锋 (中)
13139098;现役;Moses Simon;尼日利亚;Paris FC;法甲;法甲;majority_high;29;168;还行;精准;右脚;左边锋;左边前卫;;左边锋;1.0;0.95;0.9;64.7;61.5;;£1100万 - £1750万;11.0;17.5;14.25;58.2;67.2;71.2;39.8;75.8;53.2;58.5;57.5;15;6;11;13;5;4;11;6;10;14;12;14;13;11;10;13;15;12;5;12;15;16;11;14;9;12;12;14;12;10;12;11;12;12;12;8;30.1;1.05;1.0;0.955;30.2;24.2;36.2;主力池;0;PASS;未知;中场 (左);中场/前腰 (左)
27118876;现役;Victor Torp;丹麦;Coventry;英冠;英冠;majority_high;25;178;不错;精准;右脚;前腰;中锋;后腰、中前卫;前腰;1.0;0.95;0.9;62.8;59.7;56.5;£1100万 - £1750万;11.0;17.5;14.25;65.8;66.2;66.0;42.7;65.5;56.2;58.0;56.5;13;7;15;14;8;5;16;8;15;14;12;13;13;14;10;13;13;14;10;11;14;13;13;13;8;12;12;13;14;9;13;11;9;13;9;10;23.7;1.04;1.0;0.97;23.9;19.1;28.7;轮换池;0;PASS;未知;前腰 (中), 前锋 (中);后腰, 中场/前腰 (中), 前锋 (中)
29216806;现役;Nathan Wood;英格兰;Southampton;英冠;英冠;majority_high;22;188;还行;精准;右脚;中后卫;;;中后卫;1.0;0.95;0.9;64.0;;;£1100万 - £1700万;11.0;17.0;14.0;38.2;51.5;46.2;69.2;64.5;68.8;60.0;66.5;10;14;5;11;14;5;5;14;4;10;6;9;5;4;15;14;14;15;14;9;10;12;13;6;11;9;14;10;13;14;13;12;13;12;15;13;27.6;1.0;1.0;0.959;26.5;21.2;31.8;主力池;0;PASS;未知;;后卫 (中)
19335371;现役;Lucas Pires;巴西;Burnley;英超;英超;manual;23;175;精准;还行;左脚;右边锋;右边前卫;左后卫、左翼卫;右边锋;1.0;0.95;0.9;61.6;58.5;55.4;£1100万 - £1450万;11.0;14.5;12.75;55.2;60.7;65.5;53.0;70.0;59.0;58.5;53.5;14;10;7;11;9;10;11;10;10;11;10;14;15;10;10;14;14;13;11;12;14;14;11;12;5;14;12;13;12;12;11;11;13;11;11;6;20.2;1.05;1.0;0.974;20.6;16.5;24.7;轮换池;0;PASS;未知;中场/前腰 (右);后卫/翼卫 (左), 中场/前腰 (右)
14181375;现役;Nicolás González;阿根廷;Atlético Madrid;西甲;西甲;manual;26;180;精准;欠佳;左脚;左边锋;左边前卫、中锋;右边前卫、右边锋;左边锋;1.0;0.95;0.9;70.1;66.6;63.1;£1100万 - £1450万;11.0;14.5;12.75;72.8;70.8;74.0;38.0;75.8;65.0;61.0;68.8;15;7;14;14;5;4;14;16;9;15;15;15;14;9;11;13;16;14;14;13;14;15;13;15;7;15;14;14;13;6;17;13;10;15;15;16;54.5;1.05;1.0;0.95;54.4;43.5;65.3;强援池;0;PASS;未知;中场/前腰 (左), 前锋 (中);中场/前腰 (右左), 前锋 (中)
67139735;现役;Dani Carvajal;西班牙;Real Madrid;西甲;西甲;manual;33;173;还行;精准;右脚;右后卫;;右翼卫;右后卫;1.0;0.95;0.9;69.5;;62.6;£1100万 - £1400万;11.0;14.0;12.5;64.0;65.5;64.2;72.8;67.8;68.8;71.2;82.5;12;15;9;13;13;13;11;12;8;13;11;13;14;11;13;15;13;14;7;17;13;14;16;12;14;17;18;13;16;15;17;15;13;13;18;17;51.3;0.98;1.0;0.95;47.8;38.2;57.4;强援池;0;PASS;未知;;后卫/翼卫 (右)
14048343;现役;Rodrigo De Paul;阿根廷;Inter Miami;美职联;美职联;majority_high;30;180;还行;精准;右脚;前腰;右边前卫;中前卫;前腰;1.0;0.95;0.9;72.8;69.2;65.5;£1100万 - £1400万;11.0;14.0;12.5;70.8;78.0;76.8;57.5;71.8;65.8;68.8;71.3;15;12;15;16;10;3;15;8;14;16;14;16;15;15;13;14;14;15;9;14;14;15;15;15;15;13;14;16;15;10;15;14;12;14;14;13;70.6;1.04;1.0;0.95;69.7;55.8;83.6;强援池;0;PASS;未知;中场 (右), 前腰 (中);中场 (右中), 前腰 (中)
80028885;现役;Amir Murillo;巴拿马;Beşiktaş;土超;土超;majority_high;28;183;欠佳;精准;右脚;中后卫;;右后卫、右翼卫;中后卫;1.0;0.95;0.9;64.9;;58.4;£1100万 - £1400万;11.0;14.0;12.5;56.2;64.5;60.5;65.5;71.8;67.0;61.8;61.8;12;13;8;14;13;13;10;13;8;13;11;11;14;5;13;14;15;14;13;12;13;14;13;13;8;13;14;12;14;13;10;12;13;11;15;12;30.9;1.0;1.0;0.95;29.3;23.4;35.2;主力池;0;PASS;未知;后卫 (中);后卫 (右中), 翼卫 (右)
28100205;现役;Hamza Choudhury;孟加拉国;Leicester;英冠;英冠;majority_high;27;178;还行;精准;右脚;后腰;左后卫;右后卫;后腰;1.0;0.95;0.9;61.4;58.3;55.3;£1100万 - £1350万;11.0;13.5;12.25;41.0;58.8;57.7;64.0;63.2;65.2;57.3;69.7;12;15;8;12;12;11;9;11;7;12;6;11;9;6;11;16;12;14;11;13;11;13;12;11;12;8;15;12;14;11;14;11;12;11;14;17;19.6;1.03;1.0;0.973;19.6;15.7;23.5;轮换池;0;PASS;未知;后卫 (左);后卫 (右左), 后腰
67245193;现役;Tarek Salman;卡塔尔;Al-Sadd;卡塔尔联;卡塔尔联;manual;27;180;欠佳;精准;右脚;中后卫;;;中后卫;1.0;0.95;0.9;63.1;;;£1100万 - £1350万;11.0;13.5;12.25;43.8;57.5;55.5;67.0;62.8;61.8;60.2;69.8;12;14;5;12;13;12;6;13;7;11;8;11;9;6;12;13;12;11;12;12;13;13;13;7;9;10;15;11;15;13;14;12;13;12;15;15;24.7;1.0;1.0;0.958;23.6;18.9;28.3;轮换池;0;PASS;未知;;后卫 (中)
51045753;现役;Roberto Alvarado;墨西哥;Chivas;墨超;墨超;majority_high;26;172;精准;还行;左脚;左边锋;左边前卫、右边锋;;左边锋;1.0;0.95;0.9;65.7;62.4;;£1100万 - £1350万;11.0;13.5;12.25;66.0;67.8;71.2;44.2;69.0;54.5;63.0;58.8;13;7;8;13;7;12;13;11;10;15;14;16;15;13;9;13;13;10;9;12;14;15;13;12;11;13;10;14;12;8;11;13;14;14;14;12;33.9;1.05;1.0;0.95;33.9;27.1;40.7;主力池;0;PASS;未知;中场 (左), 前腰 (右);中场 (左), 前腰 (右左)
2000298714;现役;Callum Olusesi;英格兰;Tottenham Hotspur;英超;英超;manual;17;181;还行;精准;右脚;前腰;;后腰、中前卫;前腰;1.0;0.95;0.9;55.8;;50.2;£1050万 - £1700万;10.5;17.0;13.75;55.0;60.2;54.5;49.0;62.0;56.5;54.8;41.8;12;14;4;14;8;8;8;8;8;9;14;10;6;8;13;10;13;12;11;12;10;13;12;15;11;10;12;11;9;6;4;14;8;11;8;10;7.9;1.04;1.0;1.05;8.6;6.9;10.3;基础池;0;PASS;未知;前腰 (中);后腰, 中场/前腰 (中)
29061164;现役;Dan Burn;英格兰;Newcastle;英超;英超;manual;32;201;精准;欠佳;左脚;中后卫;左后卫;;中后卫;1.0;0.95;0.9;70.1;66.6;;£1050万 - £1700万;10.5;17.0;13.75;44.0;58.5;50.5;77.0;56.0;74.0;64.8;80.2;12;16;5;13;15;13;4;15;4;12;9;9;9;7;17;15;12;12;19;8;8;10;15;8;15;9;17;10;17;16;16;12;13;13;17;15;54.5;1.0;1.0;0.95;51.8;41.4;62.2;强援池;0;PASS;未知;后卫 (左);后卫 (左中)
28109888;现役;Angel Gomes;英格兰;Wolves;英超;英超;majority_high;24;168;不错;精准;右脚;前腰;后腰;中前卫;前腰;1.0;0.95;0.9;67.1;63.7;60.4;£1050万 - £1650万;10.5;16.5;13.5;65.2;73.2;71.5;55.0;65.0;44.2;67.8;59.8;15;10;14;15;10;4;13;6;12;14;13;15;14;14;6;12;13;10;6;13;14;13;15;12;9;12;14;15;13;11;14;13;15;13;6;8;39.8;1.04;1.0;0.95;39.3;31.4;47.2;主力池;0;PASS;未知;后腰;后腰, 中场/前腰 (中)
29139576;现役;Todd Cantwell;英格兰;Blackburn;英冠;英冠;majority_high;26;177;欠佳;精准;右脚;前腰;;中前卫;前腰;1.0;0.95;0.9;66.4;;59.8;£1050万 - £1650万;10.5;16.5;13.5;58.2;74.2;75.2;47.7;60.2;52.5;66.0;57.5;16;10;15;15;6;1;10;5;12;16;10;13;13;12;7;14;11;13;7;15;15;12;13;17;14;13;14;15;14;11;10;12;12;15;7;9;36.8;1.04;1.0;0.95;36.4;29.1;43.7;主力池;0;PASS;未知;;中场/前腰 (中)
2000198728;现役;Kadan Young;英格兰;Reading;英甲;英甲;majority_high;19;176;欠佳;精准;右脚;左边锋;右边前卫;右边锋;左边锋;1.0;0.95;0.9;55.8;53.0;50.2;£1050万 - £1650万;10.5;16.5;13.5;46.5;56.8;60.8;42.0;70.2;48.5;45.0;54.0;12;10;5;14;8;6;9;4;8;10;9;13;10;8;12;11;14;13;6;7;14;15;11;15;10;11;13;9;13;6;12;9;8;8;6;11;7.9;1.05;1.0;1.05;8.7;7.0;10.4;基础池;0;PASS;未知;中场 (右);中场 (右), 前腰 (右左)
29217706;现役;James Hill;英格兰;Bournemouth;英超;英超;manual;23;184;还行;精准;右脚;中后卫;;右后卫;中后卫;1.0;0.95;0.9;64.0;;57.6;£1050万 - £1650万;10.5;16.5;13.5;47.5;59.8;56.5;64.8;66.8;67.0;62.5;65.5;13;13;7;12;13;16;9;13;7;12;7;10;9;7;13;14;13;14;14;13;12;14;13;8;13;12;14;11;14;13;13;14;13;12;12;11;27.6;1.0;1.0;0.957;26.5;21.2;31.8;主力池;0;PASS;未知;;后卫 (右中)
2000095662;现役;Thijmen Blokzijl;荷兰;FC Groningen;荷甲;荷甲;majority_high;19;184;还行;精准;右脚;中后卫;;后腰;中后卫;1.0;0.95;0.9;59.6;;53.6;£1050万 - £1650万;10.5;16.5;13.5;45.5;54.2;50.7;64.0;56.5;61.2;58.2;57.3;13;13;8;11;13;8;12;14;11;11;6;7;5;8;10;13;11;11;14;14;12;11;11;7;12;9;14;10;14;13;7;12;13;13;13;7;15.1;1.0;1.0;1.005;15.1;12.1;18.1;基础池;0;PASS;未知;;后卫 (中), 后腰
85078058;现役;Riyad Mahrez;阿尔及利亚;Al-Ahli;沙特联;沙特联;manual;33;179;精准;还行;左脚;右边锋、右边前卫;;;右边锋;1.0;0.95;0.9;70.9;;;£1050万 - £1650万;10.5;16.5;13.5;73.0;85.5;88.5;36.0;58.2;55.7;68.5;52.0;19;6;13;17;5;4;14;7;14;20;15;17;16;15;9;11;11;15;10;15;14;12;14;17;13;14;10;16;12;6;11;15;12;17;7;6;59.0;1.05;1.0;0.95;58.9;47.1;70.7;强援池;0;PASS;未知;中场 (右);中场/前腰 (右)
2000179623;现役;Dies Janse;荷兰;FC Groningen;荷甲;荷甲;majority_high;19;196;精准;欠佳;左脚;中后卫;左后卫;;中后卫;1.0;0.95;0.9;57.9;55.0;;£1050万 - £1400万;10.5;14.0;12.25;43.8;56.0;46.5;58.2;57.2;61.0;55.5;64.0;11;12;6;11;10;8;10;17;4;10;5;6;14;9;12;11;11;7;18;13;12;12;10;9;13;13;14;12;13;14;12;10;11;11;13;14;11.5;1.0;1.0;1.025;11.8;9.4;14.2;基础池;0;PASS;未知;后卫 (左);后卫 (左中)
28116307;现役;Harry Clarke;英格兰;Charlton;英冠;英冠;majority_high;23;188;还行;精准;右脚;中后卫;右翼卫;右后卫;中后卫;1.0;0.95;0.9;61.0;57.9;54.9;£1050万 - £1350万;10.5;13.5;12.0;48.2;53.5;53.2;61.8;72.0;62.7;53.5;70.0;10;14;8;12;12;18;10;13;4;12;9;12;12;6;13;13;15;14;13;9;11;15;12;6;13;9;17;8;14;11;14;12;11;11;13;13;18.5;1.0;1.0;0.976;18.1;14.5;21.7;轮换池;0;PASS;未知;后卫 (中), 翼卫 (右);后卫 (右中), 翼卫 (右)
73201859;现役;Anis Hadj Moussa;阿尔及利亚;Feyenoord;荷甲;荷甲;manual;22;176;精准;欠佳;左脚;左边锋;右边前卫;右边锋;左边锋;1.0;0.95;0.9;63.5;60.3;57.1;£1050万 - £1350万;10.5;13.5;12.0;52.5;64.8;78.0;34.5;73.5;55.5;52.8;53.0;15;7;10;13;4;7;9;7;14;15;10;17;14;15;8;13;14;13;8;13;15;16;12;16;8;12;13;11;9;5;9;12;9;11;14;12;26.0;1.05;1.0;0.954;26.0;20.8;31.2;主力池;0;PASS;未知;中场 (右);中场 (右), 前腰 (右左)
2000268723;现役;Christ Makosso;刚果共和国;Oxford United;英冠;英冠;majority_high;20;192;欠佳;精准;右脚;中后卫;;;中后卫;1.0;0.95;0.9;60.1;;;£1050万 - £1350万;10.5;13.5;12.0;36.3;44.2;48.0;61.5;69.5;70.5;53.2;58.5;11;13;6;8;12;12;6;13;5;11;5;7;6;5;13;15;14;14;16;13;12;14;12;7;7;8;12;8;10;12;13;10;11;12;14;13;16.2;1.0;1.0;0.986;16.0;12.8;19.2;基础池;0;PASS;未知;;后卫 (中)
59123271;现役;Giorgi Chakvetadze;格鲁吉亚;Watford;英冠;英冠;majority_high;25;183;不错;精准;右脚;前腰;中前卫;左边锋;前腰;1.0;0.95;0.9;63.3;60.1;57.0;£1050万 - £1350万;10.5;13.5;12.0;53.3;69.0;73.5;39.8;66.8;53.5;58.2;57.7;15;6;11;14;7;8;11;8;14;13;10;17;11;11;10;12;13;13;10;9;14;14;12;14;11;11;12;14;12;7;12;13;13;10;10;9;25.3;1.04;1.0;0.955;25.1;20.1;30.1;主力池;0;PASS;未知;中场 (中);中场 (中), 前腰 (左中)
28111063;现役;Ben Johnson;英格兰;Ipswich;英冠;英冠;majority_high;24;184;不错;精准;右脚;左后卫;右边前卫;右后卫、右翼卫;左后卫;1.0;0.95;0.9;61.0;57.9;54.9;£1050万 - £1350万;10.5;13.5;12.0;52.3;54.2;58.8;64.5;65.0;60.8;58.8;67.8;12;13;3;10;14;11;9;11;5;12;10;12;13;6;11;13;13;11;12;13;13;13;13;8;14;12;13;10;15;12;14;12;11;13;14;12;18.5;0.98;1.0;0.976;17.7;14.2;21.2;基础池;0;PASS;未知;后卫 (左), 中场 (右);后卫 (右左), 翼卫/中场 (右)
27129125;现役;Frank Onyeka;尼日利亚;Coventry;英冠;英冠;majority_high;27;183;欠佳;精准;右脚;后腰;;中前卫;后腰;1.0;0.95;0.9;65.6;;59.0;£1050万 - £1300万;10.5;13.0;11.75;51.5;56.8;60.8;66.0;72.8;73.2;62.7;77.8;11;14;8;12;12;8;10;12;6;11;8;13;9;6;15;15;16;14;12;16;13;13;15;12;10;12;17;11;16;12;17;12;13;12;16;16;33.6;1.03;1.0;0.95;32.8;26.2;39.4;主力池;0;PASS;未知;;后腰, 中场 (中)
29139721;现役;Gabriel Osho;尼日利亚;Cardiff;英甲;英甲;majority_high;26;185;还行;精准;右脚;中后卫;右后卫;;中后卫;1.0;0.95;0.9;61.9;58.8;;£1050万 - £1300万;10.5;13.0;11.75;40.5;50.0;49.8;64.2;69.5;67.8;54.3;66.5;10;13;12;11;13;13;5;13;4;11;8;10;9;5;15;15;14;12;13;11;12;14;12;5;12;7;14;8;14;13;13;11;12;11;14;13;21.0;1.0;1.0;0.965;20.3;16.2;24.4;轮换池;0;PASS;未知;后卫 (右);后卫 (右中)
55062009;现役;Ricardo Pereira;葡萄牙;Leicester;英冠;英冠;majority_high;31;175;还行;精准;右脚;右翼卫;;右后卫;右翼卫;1.0;0.95;0.9;63.0;;56.7;£1050万 - £1250万;10.5;12.5;11.5;59.8;65.2;67.8;63.8;61.7;55.0;63.5;67.2;14;14;12;12;12;7;12;10;8;14;11;14;11;9;10;12;12;10;9;13;12;13;13;12;14;13;13;14;15;12;14;13;12;12;13;11;24.3;1.0;1.0;0.955;23.2;18.6;27.8;轮换池;0;PASS;未知;翼卫 (右);后卫/翼卫 (右)
2000130424;现役;Matěj Šín;捷克;AZ;荷甲;荷甲;majority_high;20;179;精准;还行;左脚;前腰;;中前卫;前腰;1.0;0.95;0.9;64.1;;57.7;£1000万 - £1650万;10.0;16.5;13.25;60.2;65.5;67.0;53.8;62.0;55.5;65.8;67.8;13;10;12;13;10;5;11;9;10;14;11;13;11;9;9;14;12;14;6;13;14;12;14;14;13;13;15;13;13;10;15;14;13;14;11;12;28.0;1.04;1.0;0.955;27.8;22.2;33.4;主力池;0;PASS;未知;;中场/前腰 (中)
93064994;现役;Anel Ahmedhodžić;波斯尼亚和黑塞哥维那;Feyenoord;荷甲;荷甲;manual;25;190;欠佳;精准;右脚;中后卫;;;中后卫;1.0;0.95;0.9;65.9;;;£1000万 - £1650万;10.0;16.5;13.25;40.2;63.3;56.3;67.8;66.8;67.5;65.8;68.2;12;14;8;13;13;9;7;15;7;12;5;10;11;5;14;13;14;12;15;13;12;13;14;10;13;9;13;13;12;13;15;13;14;13;14;14;34.7;1.0;1.0;0.95;33.0;26.4;39.6;主力池;0;PASS;未知;;后卫 (中)
16183022;现役;Almoez Ali;卡塔尔;Al-Duhail;卡塔尔联;卡塔尔联;manual;28;180;还行;精准;右脚;左边锋;;右边锋、中锋;左边锋;1.0;0.95;0.9;63.0;;56.7;£1000万 - £1600万;10.0;16.0;13.0;66.0;61.0;68.0;40.8;66.8;58.2;54.5;61.5;14;7;16;12;7;8;12;12;6;13;14;14;10;11;11;13;13;12;10;12;13;14;12;14;15;14;11;12;9;7;15;11;11;11;12;12;24.3;1.05;1.0;0.963;24.6;19.7;29.5;轮换池;0;PASS;未知;前腰 (左);前腰 (右左), 前锋 (中)
29177374;现役;Alfie Doughty;英格兰;Millwall;英冠;英冠;majority_high;25;183;精准;欠佳;左脚;左边锋;右翼卫、后腰、中前卫;左后卫、左翼卫、左边前卫、右边锋;左边锋;1.0;0.95;0.9;56.7;53.9;51.0;£1000万 - £1600万;10.0;16.0;13.0;47.3;54.0;62.5;49.8;65.0;55.2;52.2;54.8;12;9;6;10;10;16;10;6;12;11;9;14;16;13;9;13;13;11;11;12;13;13;10;12;5;10;11;10;10;11;14;11;10;10;11;12;9.3;1.05;1.0;1.05;10.3;8.2;12.4;基础池;0;PASS;未知;翼卫 (右), 后腰, 中场 (中);后卫 (左), 翼卫 (右左), 后腰, 中场 (左中), 前腰 (右左)
2000202178;现役;Malcolm Jeng;瑞典;Feyenoord;荷甲;荷甲;manual;19;190;精准;欠佳;左脚;中后卫;左后卫;;中后卫;1.0;0.95;0.9;61.4;58.3;;£1000万 - £1600万;10.0;16.0;13.0;42.7;59.5;58.0;60.5;61.0;66.8;59.3;61.5;12;12;7;12;12;9;7;13;7;12;6;12;10;6;13;12;12;14;16;12;14;12;12;6;7;11;14;12;12;12;13;12;12;13;14;9;19.6;1.0;1.0;0.978;19.2;15.4;23.0;轮换池;0;PASS;未知;后卫 (左);后卫 (左中)
2000105658;现役;Cam Bragg;苏格兰;Southampton;英冠;英冠;majority_high;19;177;还行;精准;右脚;中前卫;;后腰;中前卫;1.0;0.95;0.9;59.7;;53.7;£1000万 - £1600万;10.0;16.0;13.0;51.0;63.5;63.0;55.8;56.5;57.2;62.0;58.5;13;12;9;14;10;5;9;9;8;13;9;10;7;7;10;13;11;13;9;13;12;11;12;19;7;11;14;12;14;11;12;12;11;14;11;7;15.3;1.02;1.0;0.999;15.6;12.5;18.7;基础池;0;PASS;未知;;后腰, 中场 (中)
28066821;现役;Joe Rothwell;英格兰;Sheffield United;英冠;英冠;majority_high;30;185;不错;精准;右脚;中前卫;后腰;;中前卫;1.0;0.95;0.9;62.8;59.7;;£1000万 - £1250万;10.0;12.5;11.25;57.5;64.8;70.8;51.2;70.0;64.5;55.7;67.5;14;12;11;13;7;4;11;6;11;13;11;15;10;13;11;14;14;16;10;15;14;14;12;14;9;14;16;14;15;10;15;10;11;9;12;10;23.7;1.02;1.0;0.956;23.1;18.5;27.7;轮换池;0;PASS;未知;后腰;后腰, 中场 (中)
5108293;现役;Chris Wood;新西兰;Nottingham Forest;英超;英超;manual;33;191;不错;精准;右脚;中锋;;;中锋;1.0;0.95;0.9;63.8;;;£1000万 - £1250万;10.0;12.5;11.25;64.0;62.0;60.2;50.8;57.0;74.8;63.2;74.8;13;9;15;13;7;3;11;15;10;13;13;11;9;3;15;15;11;12;16;16;11;11;14;10;14;13;15;11;16;11;15;14;13;13;16;14;27.0;1.08;1.0;0.95;27.7;22.2;33.2;主力池;0;PASS;未知;;前锋 (中)
38039385;现役;Roland Sallai;匈牙利;Galatasaray;土超;土超;manual;27;183;不错;精准;右脚;右边锋;右边前卫;右后卫、右翼卫;右边锋;1.0;0.95;0.9;62.0;58.9;55.8;£1000万 - £1200万;10.0;12.0;11.0;61.0;62.2;62.7;55.8;61.5;62.5;62.5;65.5;13;10;12;12;11;8;11;12;12;13;12;12;14;11;13;14;12;12;11;12;13;12;13;12;10;13;15;12;15;11;12;13;13;13;12;15;21.3;1.05;1.0;0.96;21.5;17.2;25.8;轮换池;0;PASS;未知;中场 (右);后卫/翼卫/中场/前腰 (右)
36116501;现役;Konstantinos Mavropanos;希腊;West Ham;英超;英超;manual;27;194;还行;精准;右脚;中后卫;右后卫;;中后卫;1.0;0.95;0.9;65.9;62.6;;£1000万 - £1200万;10.0;12.0;11.0;47.3;59.2;59.2;65.8;68.0;72.0;58.0;72.5;12;15;6;13;13;16;11;15;2;11;7;12;8;2;16;12;15;13;16;15;11;13;13;12;12;10;17;12;12;12;18;10;10;12;14;10;34.7;1.0;1.0;0.95;33.0;26.4;39.6;主力池;0;PASS;未知;后卫 (右);后卫 (右中)
2000022026;现役;Max Johnston;苏格兰;Derby;英冠;英冠;majority_high;21;185;不错;精准;右脚;右后卫;中前卫、右边前卫;右翼卫;右后卫;1.0;0.95;0.9;58.6;55.7;52.7;£980万 - £1550万;9.8;15.5;12.65;49.5;57.8;54.5;55.5;65.5;59.8;59.0;63.5;11;12;6;12;9;6;6;12;6;10;10;12;13;9;8;14;14;14;12;13;12;12;12;7;3;12;14;11;13;11;16;13;12;13;13;10;12.9;0.98;1.0;1.015;12.8;10.2;15.4;基础池;0;PASS;未知;中场 (右中);后卫/翼卫 (右), 中场 (右中)
27097478;现役;Joakim Mæhle;丹麦;VfL Wolfsburg;德甲;德甲;majority_high;27;186;还行;精准;右脚;左翼卫;;左后卫、右后卫、右翼卫;左翼卫;1.0;0.95;0.9;62.5;;56.3;£980万 - £1550万;9.8;15.5;12.65;56.3;59.5;62.0;57.8;70.5;64.0;58.0;69.2;12;12;10;12;11;13;12;11;8;12;9;13;12;10;12;16;14;12;12;12;13;14;13;12;10;14;16;12;15;11;15;11;11;11;12;15;22.8;1.0;1.0;0.965;22.0;17.6;26.4;轮换池;0;PASS;未知;;后卫/翼卫 (右左)
29113879;现役;Kalvin Phillips;英格兰;Sheffield United;英冠;英冠;majority_high;29;178;还行;精准;右脚;后腰;中前卫;;后腰;1.0;0.95;0.9;65.4;62.1;;£980万 - £1300万;9.8;13.0;11.4;52.2;67.2;59.5;66.2;63.0;68.2;61.5;73.2;13;14;10;15;13;5;11;11;13;12;9;11;12;13;12;17;12;15;11;13;13;12;12;10;10;11;16;13;15;13;16;12;13;12;14;16;32.8;1.03;1.0;0.95;32.1;25.7;38.5;主力池;0;PASS;未知;中场 (中);后腰, 中场 (中)
28100155;现役;Nathan Broadhead;威尔士;Wrexham;英冠;英冠;majority_high;26;180;还行;精准;右脚;前腰;;左边锋;前腰;1.0;0.95;0.9;64.0;;57.6;£980万 - £1250万;9.8;12.5;11.15;65.8;70.8;66.5;34.0;67.5;52.7;62.7;48.0;13;4;13;14;5;3;11;10;12;14;14;14;10;8;11;11;14;11;8;11;12;14;13;13;7;14;11;16;11;7;7;14;11;13;11;11;27.6;1.04;1.0;0.95;27.3;21.8;32.8;主力池;0;PASS;未知;;前腰 (左中)
2000138501;现役;Anton Gaaei;丹麦;Ajax;荷甲;荷甲;manual;22;183;还行;精准;右脚;右翼卫;右边前卫;右后卫;右翼卫;1.0;0.95;0.9;60.9;57.9;54.8;£980万 - £1200万;9.8;12.0;10.9;51.5;66.7;59.5;55.5;69.5;59.0;58.2;57.3;13;11;12;15;11;9;12;9;15;12;8;10;15;14;10;14;14;12;11;13;13;14;11;13;8;11;14;12;14;12;10;12;10;12;11;12;18.3;1.0;1.0;0.97;17.7;14.2;21.2;基础池;0;PASS;未知;中场 (右);后卫/翼卫/中场 (右)
28127121;现役;Lewis Dobbin;英格兰;Preston;英冠;英冠;majority_high;22;175;欠佳;精准;右脚;右边锋;前腰、中锋;;右边锋;1.0;0.95;0.9;59.7;56.7;;£980万 - £1200万;9.8;12.0;10.9;55.0;58.0;65.2;38.3;73.8;52.0;48.7;52.5;14;8;7;11;7;4;8;7;6;11;13;14;13;8;9;12;15;14;8;11;12;16;10;14;5;12;14;12;11;6;12;9;9;11;8;9;15.3;1.05;1.0;0.983;15.8;12.6;19.0;基础池;0;PASS;未知;前腰 (中), 前锋 (中);前腰 (右中), 前锋 (中)
25052345;现役;Lukáš Provod;捷克;Slavia;捷甲联赛;捷甲联赛;majority_medium;28;191;精准;还行;左脚;左边锋;前腰;;左边锋;1.0;0.95;0.9;65.9;62.6;;£980万 - £1200万;9.8;12.0;10.9;63.0;66.5;63.5;60.0;71.7;70.5;63.3;65.0;12;11;14;14;12;13;15;12;11;13;12;13;13;11;16;15;15;10;14;14;12;14;12;13;11;12;15;13;10;12;13;14;14;11;14;13;34.7;1.05;1.0;0.95;34.7;27.8;41.6;主力池;0;PASS;未知;前腰 (中);前腰 (左中)
2000268036;现役;Wassim Bouziane;荷兰;AZ;荷甲;荷甲;majority_high;18;181;欠佳;精准;右脚;左边锋;前腰、左边前卫;;左边锋;1.0;0.95;0.9;60.8;57.8;;£960万 - £1550万;9.6;15.5;12.55;59.5;63.0;69.2;29.0;65.2;54.5;53.5;53.2;14;4;10;12;4;11;11;7;9;14;12;14;11;11;10;10;13;13;10;13;13;14;12;14;5;13;11;13;11;5;14;11;9;12;10;8;18.0;1.05;1.0;0.982;18.5;14.8;22.2;轮换池;0;PASS;未知;中场 (左), 前腰 (中);中场 (左), 前腰 (左中)
16010162;现役;David Alaba;奥地利;Real Madrid;西甲;西甲;manual;32;180;精准;还行;左脚;中后卫、左后卫;左翼卫;;中后卫;1.0;0.95;0.9;68.0;64.6;;£960万 - £1550万;9.6;15.5;12.55;63.0;73.0;67.2;69.0;64.5;64.0;69.5;72.0;15;13;14;16;14;13;14;13;15;15;10;12;12;12;12;13;13;15;11;14;12;13;14;12;15;14;14;13;15;15;16;14;14;14;12;13;43.9;1.0;1.0;0.95;41.7;33.4;50.0;强援池;0;PASS;未知;翼卫 (左);后卫 (左中), 翼卫 (左)
28100152;现役;Tom Davies;英格兰;Sheffield United;英冠;英冠;majority_high;26;179;还行;精准;右脚;后腰;;中前卫;后腰;1.0;0.95;0.9;64.5;;58.1;£960万 - £1500万;9.6;15.0;12.3;47.0;61.5;66.2;65.2;65.2;67.0;63.2;70.2;14;14;8;13;10;2;7;10;10;13;8;12;10;9;12;16;12;15;10;13;15;13;14;14;9;11;15;11;15;14;14;11;14;12;15;15;29.4;1.03;1.0;0.95;28.8;23.0;34.6;主力池;0;PASS;未知;;后腰, 中场 (中)
55061470;现役;Nélson Semedo;葡萄牙;Fenerbahçe;土超;土超;manual;31;177;还行;精准;右脚;右翼卫;;右后卫;右翼卫;1.0;0.95;0.9;65.2;;58.7;£960万 - £1500万;9.6;15.0;12.3;53.2;65.5;69.8;60.5;72.2;63.5;61.7;67.8;15;12;8;13;12;11;10;9;10;15;9;13;13;10;11;15;14;14;9;14;14;15;13;12;12;13;14;11;14;12;15;14;11;12;14;10;32.0;1.0;1.0;0.95;30.4;24.3;36.5;主力池;0;PASS;未知;;后卫/翼卫 (右)
13112706;现役;Bertrand Traoré;布基纳法索;Sunderland;英超;英超;manual;29;181;精准;欠佳;左脚;左边锋;右边前卫、中锋;右边锋;左边锋;1.0;0.95;0.9;63.2;60.0;56.9;£960万 - £1500万;9.6;15.0;12.3;60.8;61.2;72.5;32.5;74.5;57.0;48.8;53.8;14;5;10;12;6;4;13;12;14;15;13;14;12;13;12;13;15;12;10;10;16;15;11;17;7;13;14;11;8;5;13;11;9;8;10;8;25.0;1.05;1.0;0.958;25.1;20.1;30.1;主力池;0;PASS;未知;中场 (右), 前腰 (左), 前锋 (中);中场 (右), 前腰 (右左), 前锋 (中)
29134274;现役;Chris Mepham;威尔士;West Brom;英冠;英冠;majority_high;27;190;还行;精准;右脚;中后卫;;;中后卫;1.0;0.95;0.9;66.0;;;£940万 - £1500万;9.4;15.0;12.2;37.2;55.5;49.5;71.8;48.8;71.0;65.0;71.0;12;15;4;12;13;4;4;13;5;12;7;8;5;4;15;13;9;14;15;14;9;10;15;5;12;6;14;9;14;15;16;14;14;13;14;12;35.2;1.0;1.0;0.95;33.4;26.7;40.1;主力池;0;PASS;未知;;后卫 (中)
29071914;现役;Jack Stephens;英格兰;Southampton;英冠;英冠;majority_high;30;185;还行;精准;右脚;中后卫;;;中后卫;1.0;0.95;0.9;64.1;;;£940万 - £1500万;9.4;15.0;12.2;46.0;63.0;59.2;67.0;52.0;65.2;63.8;67.5;13;14;9;13;14;10;8;14;10;13;7;11;10;9;14;13;10;13;14;10;11;10;13;11;16;10;12;12;13;12;14;13;13;14;14;13;28.0;1.0;1.0;0.951;26.6;21.3;31.9;主力池;0;PASS;未知;;后卫 (中)
70097248;现役;Zeki Çelik;土耳其;Roma;意甲;意甲;manual;27;180;还行;精准;右脚;中后卫;右边前卫;右后卫、右翼卫;中后卫;1.0;0.95;0.9;66.5;63.2;59.9;£940万 - £1500万;9.4;15.0;12.2;51.8;56.2;60.2;70.5;71.2;66.2;62.7;71.5;13;15;5;12;13;13;9;12;6;12;8;12;12;10;13;14;15;14;12;12;12;14;14;10;11;14;16;8;15;14;14;13;14;13;15;12;37.2;1.0;1.0;0.95;35.4;28.3;42.5;主力池;0;PASS;未知;后卫 (中), 中场 (右);后卫 (右中), 翼卫/中场 (右)
2000030160;现役;Franculino;几内亚比绍;FC Midtjylland;丹超;丹超;majority_medium;20;186;精准;欠佳;左脚;中锋;;;中锋;1.0;0.95;0.9;68.7;;;£940万 - £1500万;9.4;15.0;12.2;68.8;67.2;71.2;43.0;74.0;69.0;64.2;66.5;14;8;13;14;6;7;11;12;6;15;14;14;11;11;13;13;16;16;14;15;14;14;15;14;9;15;14;12;13;6;15;14;14;15;12;14;47.3;1.08;1.0;0.95;48.5;38.8;58.2;强援池;0;PASS;未知;;前锋 (中)
28109939;现役;Christoph Klarer;奥地利;Birmingham;英冠;英冠;majority_high;24;191;还行;精准;右脚;中后卫;;;中后卫;1.0;0.95;0.9;63.9;;;£940万 - £1250万;9.4;12.5;10.95;40.0;55.5;52.0;63.5;62.3;73.0;57.3;70.8;11;13;7;12;13;12;6;16;3;12;7;9;7;3;15;13;13;15;15;15;11;12;12;7;16;8;13;10;13;12;15;12;12;12;15;16;27.3;1.0;1.0;0.95;25.9;20.7;31.1;主力池;0;PASS;未知;;后卫 (中)
89046527;现役;Joe Aribo;尼日利亚;Leicester;英冠;英冠;majority_high;28;188;精准;欠佳;左脚;前腰;右边锋;中前卫;前腰;1.0;0.95;0.9;66.4;63.1;59.8;£940万 - £1200万;9.4;12.0;10.7;64.2;66.8;77.0;46.0;62.0;68.2;65.2;50.2;15;10;9;12;6;6;12;8;8;16;12;16;10;10;15;14;12;14;13;15;14;12;15;15;5;14;13;14;11;9;11;13;10;15;8;7;36.8;1.04;1.0;0.95;36.4;29.1;43.7;主力池;0;PASS;未知;前腰 (右中);中场 (中), 前腰 (右中)
37076007;现役;Million Manhoef;荷兰;Stoke;英冠;英冠;majority_high;23;179;精准;还行;左脚;左边锋;;左边前卫、右边前卫、右边锋;左边锋;1.0;0.95;0.9;61.0;;54.9;£940万 - £1200万;9.4;12.0;10.7;57.7;63.8;65.8;45.8;63.8;59.2;56.3;57.3;12;9;12;14;8;12;11;7;10;13;11;14;13;12;12;13;13;11;9;13;14;12;12;13;8;12;12;12;13;7;11;11;12;13;13;8;18.5;1.05;1.0;0.968;18.8;15.0;22.6;轮换池;0;PASS;未知;;中场/前腰 (右左)
72046373;现役;Jordan Morris;美国;Seattle;美职联;美职联;majority_medium;30;183;欠佳;精准;右脚;左边锋;;右边锋、中锋;左边锋;1.0;0.95;0.9;60.9;;54.8;£940万 - £1150万;9.4;11.5;10.45;59.3;52.2;61.0;38.0;75.8;65.8;47.8;64.0;11;5;12;11;6;7;13;12;7;11;13;14;12;8;15;14;16;12;11;13;13;15;8;11;9;12;13;9;13;10;15;10;12;9;12;12;18.3;1.05;1.0;0.967;18.5;14.8;22.2;轮换池;0;PASS;未知;;前腰 (右左), 前锋 (中)
83228124;现役;Beto;几内亚比绍;Everton;英超;英超;manual;26;194;欠佳;精准;右脚;中锋;;;中锋;1.0;0.95;0.9;64.0;;;£920万 - £1450万;9.2;14.5;11.85;62.8;55.5;58.8;40.0;75.2;71.0;58.3;69.0;11;6;11;12;6;6;11;13;6;11;12;13;7;5;17;13;16;14;17;10;13;15;12;11;8;15;16;10;13;8;16;13;13;14;12;15;27.6;1.08;1.0;0.95;28.4;22.7;34.1;主力池;0;PASS;未知;;前锋 (中)
34010721;现役;Jordan Ayew;加纳;Leicester;英冠;英冠;majority_high;33;182;还行;精准;右脚;中锋;前腰;左边锋、右边锋;中锋;1.0;0.95;0.9;60.4;57.4;54.4;£920万 - £1150万;9.2;11.5;10.35;58.0;55.0;62.0;53.5;61.0;67.0;55.0;73.7;12;10;12;11;10;6;10;11;9;13;12;13;11;11;12;15;11;17;11;12;12;13;12;11;11;12;17;10;14;11;17;10;11;12;14;14;17.0;1.08;1.0;0.971;17.8;14.2;21.4;基础池;0;PASS;未知;前腰 (中);前腰 (右左中), 前锋 (中)
28087596;现役;Cameron Burgess;澳大利亚;Swansea;英冠;英冠;majority_high;29;194;精准;还行;左脚;中后卫;;;中后卫;1.0;0.95;0.9;65.2;;;£900万 - £1450万;9.0;14.5;11.75;38.3;55.5;49.8;69.5;50.2;72.5;61.8;69.5;12;14;3;12;13;14;6;16;6;13;6;8;5;6;15;14;11;16;16;11;9;8;14;5;13;8;14;9;14;15;14;13;13;12;15;13;32.0;1.0;1.0;0.95;30.4;24.3;36.5;主力池;0;PASS;未知;;后卫 (中)
28059634;现役;Jamaal Lascelles;英格兰;Leicester;英冠;英冠;majority_high;31;188;不错;精准;右脚;中后卫;;;中后卫;1.0;0.95;0.9;63.6;;;£900万 - £1400万;9.0;14.0;11.5;32.5;43.0;45.2;69.0;60.5;73.0;52.7;72.8;10;15;3;10;15;3;3;15;3;11;5;8;4;3;16;14;13;16;15;11;10;11;13;4;17;8;15;4;15;12;14;13;11;11;15;15;26.3;1.0;1.0;0.951;25.0;20.0;30.0;主力池;0;PASS;未知;;后卫 (中)
37045879;现役;Sofyan Amrabat;摩洛哥;Real Betis;西甲;西甲;manual;28;185;不错;精准;右脚;后腰;中前卫;;后腰;1.0;0.95;0.9;68.5;65.1;;£900万 - £1150万;9.0;11.5;10.25;55.2;72.5;58.8;71.5;57.8;73.2;67.5;69.0;14;15;13;16;15;11;11;13;10;13;10;10;12;9;16;15;12;15;13;13;8;11;14;12;12;10;14;14;13;13;14;14;13;13;15;16;46.3;1.03;1.0;0.95;45.3;36.2;54.4;强援池;0;PASS;未知;中场 (中);后腰, 中场 (中)
92086318;现役;Iliya Gruev;保加利亚;Leeds;英超;英超;manual;24;185;精准;笨拙;左脚;后腰;;中前卫;后腰;1.0;0.95;0.9;67.9;;61.1;£880万 - £1400万;8.8;14.0;11.4;54.5;69.5;60.5;71.2;59.8;67.5;69.2;73.8;15;14;11;14;14;6;12;11;14;14;7;9;11;14;12;15;12;13;14;13;12;11;15;10;11;13;15;14;16;15;16;13;13;14;15;14;43.4;1.03;1.0;0.95;42.5;34.0;51.0;强援池;0;PASS;未知;;后腰, 中场 (中)
62097340;现役;Nemanja Maksimović;塞尔维亚;Shabab Al-Ahli;“ADNOC”阿联酋职业超级联赛;“ADNOC”阿联酋职业超级联赛;majority_high;29;189;不错;精准;右脚;后腰;;中前卫;后腰;1.0;0.95;0.9;64.2;;57.8;£880万 - £1400万;8.8;14.0;11.4;57.7;60.2;54.2;65.0;59.3;68.0;67.5;74.5;12;12;9;12;13;8;9;14;8;13;10;9;12;9;14;14;13;14;15;11;11;10;15;9;15;14;16;11;16;13;15;14;14;15;13;14;28.3;1.03;1.0;0.95;27.7;22.2;33.2;主力池;0;PASS;未知;后腰;后腰, 中场 (中)
37072818;现役;Souffian El Karouani;摩洛哥;FC Utrecht;荷甲;荷甲;majority_high;24;178;精准;还行;左脚;左翼卫;左边前卫;左后卫;左翼卫;1.0;0.95;0.9;61.8;58.7;55.6;£880万 - £1400万;8.8;14.0;11.4;52.5;63.8;61.0;58.5;67.8;58.2;61.2;66.8;14;13;11;12;10;12;12;9;14;12;7;12;14;14;10;15;14;12;9;12;12;13;13;9;9;13;16;13;14;11;14;13;12;12;12;13;20.7;1.0;1.0;0.964;20.0;16.0;24.0;轮换池;0;PASS;未知;中场 (左);后卫/翼卫/中场 (左)
28120038;现役;Tommy Doyle;英格兰;Birmingham;英冠;英冠;majority_high;23;172;还行;精准;右脚;中前卫;;后腰;中前卫;1.0;0.95;0.9;63.1;;56.8;£880万 - £1400万;8.8;14.0;11.4;58.5;68.2;62.3;56.8;62.8;60.0;62.5;69.0;14;12;13;14;9;5;11;7;14;13;11;11;13;13;11;13;12;13;9;13;13;13;13;11;14;12;13;14;13;12;16;12;11;13;14;13;24.7;1.02;1.0;0.954;24.0;19.2;28.8;轮换池;0;PASS;未知;;后腰, 中场 (中)
18089606;现役;Ilias Chair;摩洛哥;QPR;英冠;英冠;majority_high;27;164;欠佳;精准;右脚;左边锋;中前卫;前腰;左边锋;1.0;0.95;0.9;64.2;61.0;57.8;£880万 - £1400万;8.8;14.0;11.4;64.5;63.2;74.0;43.8;64.2;55.8;59.0;61.5;14;7;10;12;8;7;14;4;11;15;12;15;13;12;9;14;12;11;5;16;15;13;12;15;15;14;14;12;11;9;12;12;10;14;13;8;28.3;1.05;1.0;0.95;28.3;22.6;34.0;主力池;0;PASS;未知;中场 (中);中场 (中), 前腰 (左中)
88024471;现役;Liberato Cacace;新西兰;Wrexham;英冠;英冠;majority_high;24;182;精准;欠佳;左脚;左翼卫;左边前卫;左后卫;左翼卫;1.0;0.95;0.9;62.3;59.2;56.1;£880万 - £1150万;8.8;11.5;10.15;53.8;63.5;64.8;59.2;69.0;61.5;57.7;61.2;13;13;4;13;11;7;12;11;7;13;9;13;14;9;10;13;14;16;10;14;13;14;11;12;8;14;13;12;14;12;14;12;11;11;12;7;22.2;1.0;1.0;0.954;21.1;16.9;25.3;轮换池;0;PASS;未知;中场 (左);后卫/翼卫/中场 (左)
53182883;现役;Sondre Langås;挪威;Derby;英冠;英冠;majority_high;23;187;还行;精准;右脚;中后卫;;;中后卫;1.0;0.95;0.9;65.1;;;£880万 - £1150万;8.8;11.5;10.15;39.0;48.5;47.5;67.0;64.0;75.8;61.2;67.5;10;13;5;10;13;10;5;14;4;10;7;9;5;4;15;15;14;16;16;14;8;12;14;8;11;7;15;9;13;15;14;12;11;13;15;12;31.6;1.0;1.0;0.95;30.0;24.0;36.0;主力池;0;PASS;未知;;后卫 (中)
51055829;现役;Uriel Antuna;墨西哥;Pumas;墨超;墨超;majority_high;27;172;欠佳;精准;右脚;左边锋;中锋;右边锋;左边锋;1.0;0.95;0.9;62.5;59.4;56.3;£880万 - £1100万;8.8;11.0;9.9;59.8;56.2;65.2;41.8;79.5;50.2;54.2;59.5;13;7;11;11;7;10;10;9;6;11;12;14;12;12;6;15;16;14;7;8;16;16;12;14;7;14;13;11;13;8;13;10;11;12;12;10;22.8;1.05;1.0;0.951;22.7;18.2;27.2;轮换池;0;PASS;未知;前锋 (中);前腰 (右左), 前锋 (中)
37055853;现役;Dani de Wit;荷兰;FC Utrecht;荷甲;荷甲;majority_high;26;184;还行;精准;右脚;中锋;;中前卫、前腰;中锋;1.0;0.95;0.9;62.6;;56.3;£880万 - £1050万;8.8;10.5;9.65;63.8;52.8;51.0;56.8;58.0;78.5;61.2;81.2;11;10;14;11;10;8;8;14;8;11;13;8;8;7;16;17;11;15;14;15;11;11;15;10;15;16;18;9;17;10;15;13;15;12;17;16;23.1;1.08;1.0;0.95;23.7;19.0;28.4;轮换池;0;PASS;未知;前锋 (中);中场/前腰 (中), 前锋 (中)
13196665;现役;Issa Kaboré;布基纳法索;Wrexham;英冠;英冠;majority_high;23;180;还行;精准;右脚;左翼卫;;右后卫、右翼卫;左翼卫;1.0;0.95;0.9;59.5;;53.6;£880万 - £1050万;8.8;10.5;9.65;45.2;50.5;60.3;57.5;77.0;62.8;50.2;59.5;11;13;10;10;11;12;8;11;10;11;7;13;14;10;13;13;16;12;12;12;13;16;11;13;6;12;13;9;12;11;13;9;9;10;13;16;14.8;1.0;1.0;0.976;14.5;11.6;17.4;基础池;0;PASS;未知;翼卫 (左);后卫 (右), 翼卫 (右左)
28109942;现役;Will Smallbone;爱尔兰;Millwall;英冠;英冠;majority_high;24;173;不错;精准;右脚;前腰;后腰;中前卫;前腰;1.0;0.95;0.9;62.5;59.4;56.3;£860万 - £1350万;8.6;13.5;11.05;57.0;68.5;64.5;54.8;56.5;54.8;64.8;58.8;13;11;9;13;10;6;9;9;11;13;11;13;12;12;9;13;10;12;11;13;13;12;13;12;9;14;14;16;14;11;13;13;13;12;7;7;22.8;1.04;1.0;0.957;22.7;18.2;27.2;轮换池;0;PASS;未知;后腰;后腰, 中场/前腰 (中)
77029444;现役;Renato Tapia;秘鲁;Al-Wasl;“ADNOC”阿联酋职业超级联赛;“ADNOC”阿联酋职业超级联赛;majority_medium;29;185;还行;精准;右脚;中后卫;中前卫;后腰;中后卫;1.0;0.95;0.9;68.1;64.7;61.3;£860万 - £1350万;8.6;13.5;11.05;51.5;59.2;60.5;70.5;63.8;71.5;65.0;74.0;13;15;12;12;13;10;10;13;8;13;8;11;7;9;14;15;13;15;14;13;12;12;14;11;13;11;16;11;15;15;15;13;12;13;15;17;44.4;1.0;1.0;0.95;42.2;33.8;50.6;强援池;0;PASS;未知;后卫/中场 (中);后卫 (中), 后腰, 中场 (中)
2000257207;现役;Thijs Kraaijeveld;荷兰;Feyenoord;荷甲;荷甲;manual;17;187;还行;精准;右脚;中后卫;;后腰、中前卫;中后卫;1.0;0.95;0.9;55.0;;49.5;£860万 - £1100万;8.6;11.0;9.8;45.8;58.8;41.2;52.2;54.5;59.0;53.8;63.5;11;14;11;12;8;6;10;9;8;11;8;3;8;7;13;9;11;12;13;14;12;11;10;5;9;9;13;12;14;8;16;14;12;10;9;11;6.7;1.0;1.0;1.05;7.1;5.7;8.5;基础池;0;PASS;未知;后卫 (中);后卫 (中), 后腰, 中场 (中)
98033057;现役;Nico Elvedi;瑞士;Borussia M'gladbach;德甲;德甲;majority_medium;28;189;不错;精准;右脚;中后卫;右后卫;;中后卫;1.0;0.95;0.9;65.9;62.6;;£860万 - £1050万;8.6;10.5;9.55;39.8;63.0;53.2;68.0;66.8;70.0;63.3;67.2;12;13;7;14;14;8;6;14;4;12;6;9;8;4;14;14;14;12;15;15;11;13;13;7;13;9;13;12;16;14;12;13;14;12;14;13;34.7;1.0;1.0;0.95;33.0;26.4;39.6;主力池;0;PASS;未知;后卫 (右);后卫 (右中)
28094856;现役;Daniel James;威尔士;Leeds;英超;英超;manual;27;171;欠佳;精准;右脚;左边锋;右边前卫;右边锋;左边锋;1.0;0.95;0.9;58.8;55.9;52.9;£840万 - £1350万;8.4;13.5;10.95;54.0;39.8;54.8;39.8;89.8;59.8;42.5;65.0;8;9;8;7;4;2;9;4;7;11;12;11;13;10;8;16;18;16;6;13;16;19;9;12;5;13;17;7;14;10;14;8;6;9;15;13;13.3;1.05;1.0;0.996;13.9;11.1;16.7;基础池;0;PASS;未知;中场 (右), 前腰 (左);中场 (右), 前腰 (右左)
29083588;现役;Wes Burns;威尔士;Ipswich;英冠;英冠;majority_high;30;173;欠佳;精准;右脚;右边锋;右翼卫;右边前卫;右边锋;1.0;0.95;0.9;60.8;57.8;54.7;£840万 - £1350万;8.4;13.5;10.95;60.0;54.0;60.2;50.0;72.5;57.2;55.2;61.2;11;12;11;10;5;8;11;11;10;12;13;12;13;9;12;12;15;13;8;12;13;15;11;14;8;14;16;10;15;13;12;13;9;8;11;9;18.0;1.05;1.0;0.971;18.4;14.7;22.1;轮换池;0;PASS;未知;翼卫 (右);翼卫/中场/前腰 (右)
78059800;现役;Giorgian De Arrascaeta;乌拉圭;Flamengo;巴甲;巴甲;manual;30;173;还行;精准;右脚;前腰;左边前卫、左边锋;;前腰;1.0;0.95;0.9;71.4;67.8;;£840万 - £1350万;8.4;13.5;10.95;68.2;80.2;82.2;40.5;63.2;54.0;67.2;62.8;17;7;13;17;4;4;12;12;12;16;14;17;13;14;10;11;12;10;12;12;16;13;17;17;15;14;12;16;13;8;14;13;12;12;10;10;61.9;1.04;1.0;0.95;61.2;49.0;73.4;强援池;0;PASS;未知;中场/前腰 (左);中场 (左), 前腰 (左中)
62096282;现役;Aleksandar Mitrović;塞尔维亚;Al-Rayyan;卡塔尔联;卡塔尔联;manual;30;189;还行;精准;右脚;中锋;;;中锋;1.0;0.95;0.9;66.7;;;£840万 - £1350万;8.4;13.5;10.95;72.5;61.5;65.0;49.5;61.7;67.8;62.8;72.8;14;9;14;12;9;5;8;19;6;14;16;13;9;3;17;11;14;11;15;10;11;11;16;12;13;18;13;11;15;6;15;14;13;14;17;16;38.1;1.08;1.0;0.95;39.1;31.3;46.9;主力池;0;PASS;未知;;前锋 (中)
85126092;现役;Ellyes Skhiri;突尼斯;Eintracht Frankfurt;德甲;德甲;majority_high;29;185;还行;精准;右脚;后腰;;中前卫;后腰;1.0;0.95;0.9;67.3;;60.6;£840万 - £1350万;8.4;13.5;10.95;59.7;58.2;57.5;70.8;63.0;76.0;65.0;80.0;12;15;10;12;13;8;13;13;6;12;11;11;8;6;13;18;12;16;13;16;12;12;16;8;14;11;17;11;16;13;17;13;14;12;16;15;40.7;1.03;1.0;0.95;39.8;31.8;47.8;主力池;0;PASS;未知;;后腰, 中场 (中)
93070264;现役;Hjalmar Ekdal;瑞典;Burnley;英超;英超;manual;26;188;还行;精准;右脚;中后卫;;;中后卫;1.0;0.95;0.9;64.4;;;£840万 - £1350万;8.4;13.5;10.95;41.8;62.0;59.2;65.8;56.0;66.8;63.5;70.3;13;14;7;13;12;8;7;14;7;13;6;11;11;6;13;13;11;14;14;12;11;11;13;10;13;9;14;11;15;13;15;13;13;14;15;8;29.1;1.0;1.0;0.95;27.6;22.1;33.1;主力池;0;PASS;未知;;后卫 (中)
28030268;现役;Callum Wilson;英格兰;West Ham;英超;英超;manual;32;180;还行;精准;右脚;中锋;;;中锋;1.0;0.95;0.9;66.2;;;£840万 - £1350万;8.4;13.5;10.95;73.5;62.5;59.0;41.2;60.5;66.2;67.0;73.3;13;7;17;13;4;4;10;12;6;11;15;11;8;6;15;13;11;12;11;13;13;13;15;11;12;17;17;12;15;8;15;15;13;17;15;10;36.0;1.08;1.0;0.95;36.9;29.5;44.3;主力池;0;PASS;未知;;前锋 (中)
37072824;现役;Bart van Rooij;荷兰;FC Twente;荷甲;荷甲;majority_high;23;174;欠佳;精准;右脚;右后卫;右翼卫;;右后卫;1.0;0.95;0.9;64.3;61.1;;£840万 - £1300万;8.4;13.0;10.7;50.8;65.5;63.2;62.0;68.2;62.8;64.2;72.5;14;12;8;13;13;13;13;9;12;12;7;12;12;11;12;15;14;13;9;13;13;13;11;12;15;11;15;13;15;12;15;14;14;14;13;13;28.7;0.98;1.0;0.95;26.7;21.4;32.0;主力池;0;PASS;未知;翼卫 (右);后卫/翼卫 (右)
29156935;现役;Lewis O'Brien;英格兰;Wrexham;英冠;英冠;majority_high;26;173;精准;还行;左脚;后腰;;中前卫;后腰;1.0;0.95;0.9;62.0;;55.8;£840万 - £1100万;8.4;11.0;9.7;55.0;62.2;59.5;60.0;64.8;64.2;59.0;70.2;12;13;9;13;10;4;10;6;7;12;11;12;10;8;12;16;13;14;7;14;13;12;13;9;13;13;15;12;15;13;15;14;10;8;14;13;21.3;1.03;1.0;0.953;20.9;16.7;25.1;轮换池;0;PASS;未知;;后腰, 中场 (中)
37060899;现役;Gijs Smal;荷兰;Feyenoord;荷甲;荷甲;manual;27;183;精准;还行;左脚;左后卫;左边前卫;左翼卫;左后卫;1.0;0.95;0.9;62.9;59.8;56.6;£840万 - £1100万;8.4;11.0;9.7;48.0;64.2;61.0;62.7;62.7;63.3;62.0;74.0;13;12;7;14;12;5;13;12;15;12;5;13;12;11;12;14;12;12;12;13;12;13;12;8;14;12;15;12;14;13;17;12;15;13;13;12;24.0;0.98;1.0;0.95;22.4;17.9;26.9;轮换池;0;PASS;未知;中场 (左);后卫/翼卫/中场 (左)
95031615;现役;Jack Taylor;爱尔兰;Ipswich;英冠;英冠;majority_high;26;185;不错;精准;右脚;中前卫;后腰、前腰;;中前卫;1.0;0.95;0.9;61.3;58.2;;£840万 - £1100万;8.4;11.0;9.7;64.2;63.7;56.8;58.5;61.8;64.8;60.0;62.2;13;12;10;13;11;3;13;10;9;12;13;11;12;11;13;15;12;14;12;10;9;13;11;10;9;14;16;13;14;12;10;12;12;13;13;12;19.3;1.02;1.0;0.959;18.9;15.1;22.7;轮换池;0;PASS;未知;后腰, 前腰 (中);后腰, 中场/前腰 (中)
57113505;现役;Răzvan Marin;罗马尼亚;AEK;希超;希超;majority_high;28;178;欠佳;精准;右脚;中前卫;;后腰;中前卫;1.0;0.95;0.9;64.0;;57.6;£840万 - £1000万;8.4;10.0;9.2;61.3;70.2;63.0;60.2;57.0;59.0;66.0;66.0;14;11;15;15;12;5;14;11;16;13;10;11;14;15;11;14;11;13;8;12;12;11;14;14;12;12;13;14;14;12;14;12;13;14;13;11;27.6;1.02;1.0;0.95;26.8;21.4;32.2;主力池;0;PASS;未知;;后腰, 中场 (中)
14024702;现役;Leandro Paredes;阿根廷;Boca;阿甲;阿甲;majority_high;30;183;还行;精准;右脚;中前卫;;后腰;中前卫;1.0;0.95;0.9;69.4;;62.5;£820万 - £1300万;8.2;13.0;10.6;65.0;77.8;68.5;67.5;57.5;62.0;71.0;72.0;16;15;16;16;10;6;14;8;15;15;12;12;13;15;11;14;10;14;9;12;14;12;14;11;14;12;14;16;15;15;14;14;13;14;16;15;50.8;1.02;1.0;0.95;49.2;39.4;59.0;强援池;0;PASS;未知;;后腰, 中场 (中)
72056224;现役;Aidan Morris;美国;Middlesbrough;英冠;英冠;majority_high;23;175;还行;精准;右脚;后腰;;中前卫;后腰;1.0;0.95;0.9;63.7;;57.3;£820万 - £1300万;8.2;13.0;10.6;52.3;63.5;61.0;66.5;53.8;66.0;62.3;69.0;14;13;8;14;14;7;12;7;6;12;7;12;9;9;14;13;9;12;12;14;12;12;13;8;11;13;15;11;14;13;14;13;13;13;14;14;26.6;1.03;1.0;0.95;26.1;20.9;31.3;主力池;0;PASS;未知;;后腰, 中场 (中)
29218480;现役;Dan Neil;英格兰;Ipswich;英冠;英冠;majority_high;23;185;不错;精准;右脚;后腰;中前卫、前腰;;后腰;1.0;0.95;0.9;62.9;59.8;;£820万 - £1300万;8.2;13.0;10.6;55.8;67.2;66.8;63.0;55.2;59.5;59.8;67.5;14;14;11;15;12;2;12;8;9;14;10;13;12;8;11;15;10;12;6;15;12;11;11;12;13;11;14;12;14;13;16;11;11;14;12;8;24.0;1.03;1.0;0.952;23.5;18.8;28.2;轮换池;0;PASS;未知;中场/前腰 (中);后腰, 中场/前腰 (中)
2000204688;现役;Lucas Jetten;荷兰;Ajax;荷甲;荷甲;manual;17;170;精准;还行;左脚;左后卫;左翼卫、中后卫;;左后卫;1.0;0.95;0.9;56.1;53.3;;£820万 - £1300万;8.2;13.0;10.6;42.0;54.8;61.8;57.8;64.0;49.0;51.8;57.0;13;12;7;11;12;6;5;6;5;13;9;12;12;7;8;11;13;14;6;10;13;13;10;11;7;9;11;9;12;12;14;10;10;11;11;11;8.3;0.98;1.0;1.049;8.6;6.9;10.3;基础池;0;PASS;未知;后卫 (中), 翼卫 (左);后卫 (左中), 翼卫 (左)
67191240;现役;Paik Seung-Ho;韩国;Birmingham;英冠;英冠;majority_high;27;180;强势;精准;左脚;中前卫;;后腰;中前卫;1.0;0.95;0.9;61.6;;55.4;£820万 - £1300万;8.2;13.0;10.6;52.5;67.2;65.3;53.5;61.0;62.0;60.8;60.0;14;11;11;14;8;7;10;8;14;14;9;12;12;12;11;13;12;13;13;13;13;12;12;12;11;12;13;13;12;12;12;12;12;12;12;10;20.2;1.02;1.0;0.962;19.8;15.8;23.8;轮换池;0;PASS;未知;;后腰, 中场 (中)
76037151;现役;Yerry Mina;哥伦比;Cagliari;意甲;意甲;majority_high;30;195;欠佳;精准;右脚;中后卫;;;中后卫;1.0;0.95;0.9;65.6;;;£820万 - £1050万;8.2;10.5;9.35;43.5;50.8;54.0;73.0;53.8;68.3;62.0;70.5;11;15;9;11;15;9;8;15;5;11;7;11;5;4;17;12;11;11;16;11;11;10;14;9;16;8;13;8;14;15;15;13;13;12;13;16;33.6;1.0;1.0;0.95;31.9;25.5;38.3;主力池;0;PASS;未知;;后卫 (中)
2000041123;现役;Amourricho van Axel Dongen;荷兰;sc Heerenveen;荷甲;荷甲;majority_high;20;175;强势;精准;左脚;左边锋;;左边前卫;左边锋;1.0;0.95;0.9;58.5;;52.6;£820万 - £1050万;8.2;10.5;9.35;52.8;63.5;65.3;39.2;63.5;45.5;55.0;58.0;13;6;10;13;8;7;11;7;11;12;11;14;11;10;10;9;13;7;9;10;14;13;10;13;12;9;12;13;10;8;15;12;10;12;9;8;12.7;1.05;1.0;0.986;13.1;10.5;15.7;基础池;0;PASS;未知;;中场/前腰 (左)
2000083123;现役;Eom Ji-Sung;韩国;Swansea;英冠;英冠;majority_high;22;174;不错;精准;右脚;左边锋;右边前卫;右边锋;左边锋;1.0;0.95;0.9;58.8;55.9;52.9;£820万 - £1050万;8.2;10.5;9.35;57.2;57.2;66.3;41.2;64.8;51.7;50.5;53.0;13;7;12;11;9;10;12;11;9;12;11;14;12;9;9;9;13;9;13;12;13;14;10;15;7;13;10;11;9;6;12;11;11;10;12;13;13.3;1.05;1.0;0.982;13.7;11.0;16.4;基础池;0;PASS;未知;中场 (右);中场 (右), 前腰 (右左)
28100270;现役;Jimmy Dunne;爱尔兰;QPR;英冠;英冠;majority_high;27;183;还行;精准;右脚;中后卫;右后卫;;中后卫;1.0;0.95;0.9;62.3;59.2;;£800万 - £1300万;8.0;13.0;10.5;45.5;49.0;43.5;65.5;51.5;67.2;59.3;76.0;12;14;8;10;11;11;8;16;4;8;8;7;10;6;15;14;9;10;14;12;10;11;15;4;17;8;16;8;15;13;15;12;13;12;15;15;22.2;1.0;1.0;0.955;21.2;17.0;25.4;轮换池;0;PASS;未知;后卫 (右);后卫 (右中)
735216;现役;Cristiano Ronaldo;葡萄牙;Al-Nassr;沙特联;沙特联;manual;39;187;强势;精准;左脚;中锋;;;中锋;1.0;0.95;0.9;71.8;;;£800万 - £1300万;8.0;13.0;10.5;91.2;67.5;70.0;34.8;50.5;71.7;68.5;60.5;17;5;20;13;3;7;16;19;12;15;19;12;11;10;15;11;11;20;15;13;9;9;19;16;19;20;4;11;6;4;20;16;14;15;12;6;64.3;1.08;1.0;0.95;66.0;52.8;79.2;强援池;0;PASS;未知;;前锋 (中)
24058106;现役;Josip Šutalo;克罗地亚;Ajax;荷甲;荷甲;manual;24;185;还行;精准;右脚;中后卫;;;中后卫;1.0;0.95;0.9;67.2;;;£800万 - £1300万;8.0;13.0;10.5;38.5;59.5;59.2;72.3;60.5;68.2;66.3;70.0;13;16;9;12;14;7;5;14;3;13;5;11;8;2;14;15;12;14;13;12;10;12;14;11;12;8;15;11;15;14;15;13;13;15;13;11;40.2;1.0;1.0;0.95;38.2;30.6;45.8;主力池;0;PASS;未知;;后卫 (中)
23442016;现役;Bassam Al-Rawi;卡塔尔;Al-Duhail;卡塔尔联;卡塔尔联;manual;27;174;还行;精准;右脚;中后卫;右后卫、右翼卫;;中后卫;1.0;0.95;0.9;61.4;58.3;;£800万 - £1250万;8.0;12.5;10.25;48.2;60.7;57.2;62.0;58.2;62.0;60.0;67.2;13;13;11;12;12;12;10;12;12;12;8;10;12;8;12;13;11;14;8;14;12;12;12;9;12;9;13;12;13;12;15;12;12;13;14;13;19.6;1.0;1.0;0.961;18.8;15.0;22.6;轮换池;0;PASS;未知;后卫/翼卫 (右);后卫 (右中), 翼卫 (右)
65039540;现役;Lyle Foster;南非;Burnley;英超;英超;manual;24;185;不错;精准;右脚;中锋;左边锋;;中锋;1.0;0.95;0.9;62.5;59.4;;£800万 - £1250万;8.0;12.5;10.25;63.5;57.7;63.0;38.8;65.8;65.7;58.3;63.3;13;6;12;11;6;5;11;12;8;12;14;13;7;6;15;13;13;12;13;13;11;14;14;13;10;12;14;12;14;6;13;12;13;12;11;11;22.8;1.08;1.0;0.953;23.4;18.7;28.1;轮换池;0;PASS;未知;前腰 (左);前腰 (左), 前锋 (中)
27122563;现役;Mads Roerslev;丹麦;Southampton;英冠;英冠;majority_high;25;184;欠佳;精准;右脚;右后卫;;右翼卫;右后卫;1.0;0.95;0.9;62.5;;56.3;£800万 - £1050万;8.0;10.5;9.25;46.0;60.2;60.2;65.5;61.0;65.8;62.3;70.8;12;13;8;12;13;13;8;12;8;12;6;12;13;12;12;14;12;14;12;13;12;12;13;12;8;13;15;12;16;13;15;12;13;12;15;13;22.8;0.98;1.0;0.95;21.2;17.0;25.4;轮换池;0;PASS;未知;;后卫/翼卫 (右)
51055617;现役;Carlos Rodríguez;墨西哥;Cruz Azul;墨超;墨超;majority_medium;28;176;还行;精准;右脚;前腰;;中前卫;前腰;1.0;0.95;0.9;67.6;;60.8;£800万 - £980万;8.0;9.8;8.9;63.2;72.5;71.3;56.5;62.5;57.2;69.0;65.0;15;11;13;14;10;13;11;8;11;15;12;13;12;11;7;14;12;13;9;16;15;12;13;13;10;14;14;15;14;11;14;15;14;15;12;8;42.0;1.04;1.0;0.95;41.5;33.2;49.8;强援池;0;PASS;未知;前腰 (中);中场/前腰 (中)
2000193585;现役;Aymen Sliti;荷兰;Feyenoord;荷甲;荷甲;manual;18;179;精准;还行;左脚;左边锋;左边前卫;;左边锋;1.0;0.95;0.9;58.0;55.1;;£800万 - £980万;8.0;9.8;8.9;48.5;54.3;67.5;32.5;77.0;48.0;42.0;52.0;14;5;9;11;7;11;11;8;11;13;9;13;11;11;8;11;16;11;9;10;15;16;8;15;5;11;11;9;11;5;13;8;10;9;9;9;11.7;1.05;1.0;0.989;12.1;9.7;14.5;基础池;0;PASS;未知;中场 (左);中场/前腰 (左)
2000325860;现役;Divine Mukasa;英格兰;Leicester;英冠;英冠;majority_high;17;180;精准;还行;左脚;前腰;;中前卫;前腰;1.0;0.95;0.9;58.5;;52.6;£780万 - £1250万;7.8;12.5;10.15;56.5;64.5;66.8;39.2;65.8;52.3;49.5;40.0;15;8;12;14;7;4;10;6;8;13;12;12;8;8;10;11;13;12;9;12;13;14;9;15;7;12;11;13;9;8;5;8;8;12;8;10;12.7;1.04;1.0;0.994;13.1;10.5;15.7;基础池;0;PASS;未知;;中场/前腰 (中)
53052372;现役;Mohamed Elyounoussi;挪威;FC København;丹超;丹超;majority_high;30;178;不错;精准;右脚;前腰;中前卫、右边锋;左边锋;前腰;1.0;0.95;0.9;65.8;62.5;59.2;£780万 - £1250万;7.8;12.5;10.15;66.0;69.0;73.0;34.5;64.8;58.2;60.2;67.5;14;5;7;14;5;3;13;10;15;15;13;14;12;11;10;14;13;13;8;14;15;12;14;17;10;15;15;14;16;5;14;12;12;13;11;15;34.3;1.04;1.0;0.95;33.9;27.1;40.7;主力池;0;PASS;未知;中场 (中), 前腰 (右);中场 (中), 前腰 (右左中)
52064664;现役;Ryan Manning;爱尔兰;Southampton;英冠;英冠;majority_high;28;173;精准;欠佳;左脚;中后卫;;左后卫、左翼卫;中后卫;1.0;0.95;0.9;62.9;;56.6;£780万 - £1250万;7.8;12.5;10.15;55.5;62.0;63.5;64.0;55.8;61.5;61.5;70.3;13;14;14;12;12;12;12;9;13;12;8;13;14;13;11;15;10;14;8;11;13;11;13;13;10;13;14;13;15;11;14;11;13;13;16;16;24.0;1.0;1.0;0.95;22.8;18.2;27.4;轮换池;0;PASS;未知;后卫 (中);后卫 (左中), 翼卫 (左)
13158264;现役;Patson Daka;赞比亚;Leicester;英冠;英冠;majority_high;26;183;还行;精准;右脚;中锋;;;中锋;1.0;0.95;0.9;61.8;;;£780万 - £1250万;7.8;12.5;10.15;60.0;54.0;56.8;49.0;75.2;62.3;57.5;68.2;12;8;9;10;8;11;11;10;7;11;13;10;8;6;11;13;15;13;12;13;14;16;12;11;9;12;15;12;14;11;16;10;13;12;14;5;20.7;1.08;1.0;0.957;21.4;17.1;25.7;轮换池;0;PASS;未知;;前锋 (中)
93123136;现役;Zeidane Inoussa;瑞典;Swansea;英冠;英冠;majority_high;22;177;欠佳;精准;右脚;左边锋;左边前卫;;左边锋;1.0;0.95;0.9;61.9;58.8;;£780万 - £1250万;7.8;12.5;10.15;61.0;59.2;68.0;45.5;69.0;54.5;53.5;58.2;13;10;13;12;7;5;11;8;8;13;13;15;11;9;9;13;14;13;9;11;13;14;11;14;9;13;13;11;12;8;12;11;11;11;11;12;21.0;1.05;1.0;0.957;21.1;16.9;25.3;轮换池;0;PASS;未知;中场 (左);中场/前腰 (左)
19347264;现役;Morato;巴西;Nottingham Forest;英超;英超;manual;23;192;精准;还行;左脚;中后卫;;;中后卫;1.0;0.95;0.9;65.2;;;£780万 - £1250万;7.8;12.5;10.15;48.5;57.5;46.2;67.2;62.3;73.8;60.0;67.0;10;14;10;13;14;10;8;14;6;9;8;8;9;6;16;14;13;15;13;15;10;12;13;8;12;11;14;12;14;13;13;11;11;13;15;14;32.0;1.0;1.0;0.95;30.4;24.3;36.5;主力池;0;PASS;未知;;后卫 (中)
53072019;现役;Sondre Tronstad;挪威;Blackburn;英冠;英冠;majority_high;29;174;欠佳;精准;右脚;后腰;;中前卫;后腰;1.0;0.95;0.9;64.4;;58.0;£780万 - £1000万;7.8;10.0;8.9;51.2;59.8;59.3;71.5;54.8;62.8;66.2;71.8;13;14;7;13;13;6;11;9;8;13;8;11;10;8;11;14;10;16;8;14;12;11;14;8;13;11;15;9;17;17;14;14;14;13;13;13;29.1;1.03;1.0;0.95;28.4;22.7;34.1;主力池;0;PASS;未知;;后腰, 中场 (中)
98003635;现役;Ricardo Rodríguez;瑞士;Real Betis;西甲;西甲;manual;32;182;精准;欠佳;左脚;中后卫;左翼卫;左后卫;中后卫;1.0;0.95;0.9;65.7;62.4;59.1;£780万 - £1000万;7.8;10.0;8.9;54.8;64.5;59.2;69.2;58.2;64.8;68.5;65.0;13;14;13;13;13;16;12;14;14;13;8;10;14;13;12;12;11;15;12;14;13;12;15;10;12;11;12;12;14;14;13;14;14;14;14;11;33.9;1.0;1.0;0.95;32.3;25.8;38.8;主力池;0;PASS;未知;翼卫 (左);后卫 (左中), 翼卫 (左)
72056133;现役;Daryl Dike;美国;West Brom;英冠;英冠;majority_high;24;187;不错;精准;右脚;中锋;;;中锋;1.0;0.95;0.9;59.9;;;£780万 - £960万;7.8;9.6;8.7;65.8;51.5;53.8;39.5;64.8;63.5;50.2;61.5;11;7;12;11;7;7;12;14;8;11;15;10;7;5;17;11;13;8;13;12;11;14;11;11;8;13;12;9;12;7;15;11;9;12;13;14;15.8;1.08;1.0;0.965;16.4;13.1;19.7;基础池;0;PASS;未知;;前锋 (中)
2000143821;现役;Esmir Bajraktarević;波斯尼亚和黑塞哥维那;PSV;荷甲;荷甲;manual;19;176;精准;欠佳;左脚;左边锋;前腰;右边锋;左边锋;1.0;0.95;0.9;62.3;59.2;56.1;£780万 - £960万;7.8;9.6;8.7;54.2;61.2;73.3;43.0;69.0;55.2;55.5;58.8;14;7;8;12;8;11;10;8;11;14;11;16;12;11;9;12;14;16;7;13;14;14;11;15;5;12;12;11;13;9;16;12;11;11;10;6;22.2;1.05;1.0;0.95;22.1;17.7;26.5;轮换池;0;PASS;未知;前腰 (中);前腰 (右左中)
93031462;现役;Emil Krafth;瑞典;Newcastle;英超;英超;manual;30;184;欠佳;精准;右脚;中后卫;;右后卫;中后卫;1.0;0.95;0.9;66.3;;59.7;£760万 - £1200万;7.6;12.0;9.8;48.5;63.5;58.0;68.3;71.8;67.8;63.8;66.5;13;14;7;12;14;10;10;13;9;11;7;11;13;8;13;14;15;12;13;15;13;14;13;8;10;12;15;14;13;13;13;13;13;12;15;11;36.4;1.0;1.0;0.95;34.6;27.7;41.5;主力池;0;PASS;未知;后卫 (中);后卫 (右中)
2000191802;现役;Lewis Koumas;威尔士;Hull;英冠;英冠;majority_high;19;182;还行;精准;右脚;左边锋;右边锋、中锋;前腰;左边锋;1.0;0.95;0.9;57.1;54.2;51.4;£760万 - £1200万;7.6;12.0;9.8;52.3;55.0;66.5;32.5;65.0;45.7;47.8;61.5;14;6;6;10;4;9;9;7;11;12;11;13;9;11;4;9;12;11;10;12;18;14;9;11;4;12;14;11;14;7;14;10;7;12;14;14;10.0;1.05;1.0;1.015;10.7;8.6;12.8;基础池;0;PASS;未知;前腰 (右), 前锋 (中);前腰 (右左中), 前锋 (中)
85051578;现役;Sébastien Haller;科特迪瓦;FC Utrecht;荷甲;荷甲;majority_high;30;190;欠佳;精准;右脚;中锋;;;中锋;1.0;0.95;0.9;61.3;;;£760万 - £1200万;7.6;12.0;9.8;63.0;64.5;62.5;40.7;53.2;67.5;58.8;66.0;14;7;18;13;7;8;9;16;8;13;14;11;8;3;15;11;11;8;17;16;11;10;13;12;11;12;12;13;13;5;15;13;13;13;14;12;19.3;1.08;1.0;0.959;20.0;16.0;24.0;轮换池;0;PASS;未知;;前锋 (中)
29233150;现役;Ibane Bowat;苏格兰;Portsmouth;英冠;英冠;majority_high;22;190;精准;还行;左脚;中后卫;;;中后卫;1.0;0.95;0.9;58.3;;;£760万 - £1200万;7.6;12.0;9.8;29.5;48.5;41.8;58.2;60.0;70.0;51.5;61.0;9;12;3;11;11;8;9;14;1;11;3;6;5;3;15;13;13;14;15;14;10;11;11;4;7;3;12;9;13;13;16;9;10;12;12;7;12.3;1.0;1.0;0.994;12.2;9.8;14.6;基础池;0;PASS;未知;;后卫 (中)
37054408;现役;Joël Piroe;苏里南;Leeds;英超;英超;manual;25;186;精准;强势;右脚;中锋;前腰;;中锋;1.0;0.95;0.9;64.6;61.4;;£760万 - £1200万;7.6;12.0;9.8;76.8;67.8;66.2;35.5;48.8;62.0;63.5;55.5;15;6;15;13;5;4;15;10;12;15;16;12;10;7;14;12;11;10;12;14;8;8;14;14;6;15;12;13;13;5;12;15;11;16;11;8;29.8;1.08;1.0;0.95;30.5;24.4;36.6;主力池;0;PASS;未知;前腰 (中);前腰 (中), 前锋 (中)
58098760;现役;Sardar Azmoun;伊朗;Shabab Al-Ahli;“ADNOC”阿联酋职业超级联赛;“ADNOC”阿联酋职业超级联赛;majority_high;30;186;还行;精准;右脚;中锋;;;中锋;1.0;0.95;0.9;62.4;;;£740万 - £1200万;7.4;12.0;9.7;66.2;62.5;65.0;44.0;59.0;58.2;62.3;61.0;15;8;11;12;6;5;9;15;10;14;14;12;9;6;14;10;13;8;14;11;11;11;15;12;12;15;10;12;13;8;14;12;12;15;12;11;22.5;1.08;1.0;0.95;23.1;18.5;27.7;轮换池;0;PASS;未知;;前锋 (中)
2000366580;现役;Noah Fernandez;比利时;PSV;荷甲;荷甲;manual;17;170;精准;还行;左脚;前腰;中前卫、右边锋;左边锋;前腰;1.0;0.95;0.9;59.0;56.0;53.1;£740万 - £1200万;7.4;12.0;9.7;49.0;63.8;66.8;41.0;63.5;47.2;56.5;54.5;14;7;7;13;7;5;8;7;11;14;9;12;12;9;10;9;13;9;7;11;14;13;13;15;7;11;11;12;12;7;12;11;11;12;11;9;13.7;1.04;1.0;0.983;14.0;11.2;16.8;基础池;0;PASS;未知;中场 (中), 前腰 (右);中场 (中), 前腰 (右左中)
43093476;现役;Federico Bernardeschi;意大利;Bologna;意甲;意甲;majority_high;30;185;精准;还行;左脚;左边锋;前腰、右边前卫、中锋;右边锋;左边锋;1.0;0.95;0.9;64.9;61.7;58.4;£740万 - £1150万;7.4;11.5;9.45;64.2;70.0;73.2;38.8;67.2;59.8;53.2;61.8;15;8;14;14;5;6;14;10;15;16;13;14;15;15;12;13;13;13;12;12;14;14;9;15;12;14;13;14;13;9;15;10;10;11;8;13;30.9;1.05;1.0;0.95;30.8;24.6;37.0;主力池;0;PASS;未知;中场 (右), 前腰 (左中), 前锋 (中);中场 (右), 前腰 (右左中), 前锋 (中)
37079280;现役;Youri Regeer;荷兰;Ajax;荷甲;荷甲;manual;21;177;还行;精准;右脚;后腰;左后卫;右后卫、右翼卫、中前卫;后腰;1.0;0.95;0.9;59.9;56.9;53.9;£740万 - £1150万;7.4;11.5;9.45;56.3;61.5;48.2;57.5;57.0;63.2;60.0;71.8;12;12;11;13;10;5;11;11;12;12;10;6;9;10;11;15;11;14;11;13;11;11;11;7;14;13;15;12;15;12;16;13;13;13;12;12;15.8;1.03;1.0;0.97;15.7;12.6;18.8;基础池;0;PASS;未知;后卫 (左);后卫 (右左), 翼卫 (右), 后腰, 中场 (中)
63031763;现役;Róbert Boženík;斯洛伐克;Stoke;英冠;英冠;majority_high;25;188;不错;精准;右脚;中锋;;;中锋;1.0;0.95;0.9;61.9;;;£740万 - £960万;7.4;9.6;8.5;65.0;57.0;59.2;41.8;60.5;68.0;60.0;60.8;12;6;12;11;7;5;11;13;6;12;14;11;7;6;14;13;12;14;13;15;12;12;14;12;8;13;12;12;13;7;13;12;14;13;12;11;21.0;1.08;1.0;0.95;21.6;17.3;25.9;轮换池;0;PASS;未知;;前锋 (中)
49048381;现役;Kiliann Sildillia;法国;PSV;荷甲;荷甲;manual;22;186;欠佳;精准;右脚;中后卫;;右后卫、右翼卫;中后卫;1.0;0.95;0.9;66.2;;59.6;£740万 - £920万;7.4;9.2;8.3;42.5;58.7;59.8;68.5;66.8;69.8;60.5;71.0;12;15;8;12;13;16;6;14;4;12;6;12;12;3;14;14;13;14;14;13;12;14;13;11;10;12;16;11;16;13;13;12;13;11;15;16;36.0;1.0;1.0;0.95;34.2;27.4;41.0;主力池;0;PASS;未知;后卫 (中);后卫 (右中), 翼卫 (右)
28106685;现役;Josh Dasilva;英格兰;Brentford;英超;英超;manual;26;184;精准;还行;左脚;中前卫;前腰;;中前卫;1.0;0.95;0.9;64.1;60.9;;£740万 - £900万;7.4;9.0;8.2;66.0;68.5;66.5;59.3;55.5;57.2;66.0;65.2;14;12;11;14;11;8;14;11;9;13;13;13;12;8;12;11;11;11;10;14;12;11;14;14;9;13;14;14;14;11;15;13;14;13;10;12;28.0;1.02;1.0;0.95;27.1;21.7;32.5;主力池;0;PASS;未知;;中场 (中)
2000220942;现役;Kasper Boogaard;荷兰;AZ;荷甲;荷甲;majority_high;18;187;不错;精准;右脚;中前卫;;后腰;中前卫;1.0;0.95;0.9;59.5;;53.6;£720万 - £1150万;7.2;11.5;9.35;51.8;63.3;60.5;55.0;53.8;61.0;60.0;64.5;12;11;12;13;10;11;12;10;12;13;9;12;11;13;11;12;11;14;13;12;11;10;12;12;10;9;12;13;13;11;16;12;12;12;12;11;14.8;1.02;1.0;0.974;14.7;11.8;17.6;基础池;0;PASS;未知;;后腰, 中场 (中)
28084932;现役;Glen Kamara;芬兰;Rennes;法甲;法甲;majority_high;29;181;欠佳;精准;右脚;中前卫;;后腰;中前卫;1.0;0.95;0.9;63.1;;56.8;£720万 - £1150万;7.2;11.5;9.35;43.8;69.5;69.5;57.3;65.0;63.2;64.2;53.2;15;12;12;14;11;8;5;10;7;14;5;14;13;5;13;14;12;17;10;13;13;14;14;12;10;13;13;14;14;11;10;12;12;14;6;7;24.7;1.02;1.0;0.95;23.9;19.1;28.7;轮换池;0;PASS;未知;;后腰, 中场 (中)
85050636;现役;Alassane Pléa;法国;PSV;荷甲;荷甲;manual;31;181;还行;精准;右脚;前腰;左边锋;中锋;前腰;1.0;0.95;0.9;67.7;64.3;60.9;£720万 - £1150万;7.2;11.5;9.35;70.0;72.5;74.2;38.5;62.8;62.5;64.5;57.7;16;6;13;14;6;6;15;12;11;16;13;14;11;11;13;12;13;13;11;15;13;12;15;14;12;14;11;15;12;6;12;13;12;15;10;13;42.5;1.04;1.0;0.95;42.0;33.6;50.4;强援池;0;PASS;未知;前腰 (左);前腰 (左中), 前锋 (中)
2000210528;现役;Josh Stephenson;英格兰;Brentford;英超;英超;manual;18;179;精准;欠佳;左脚;中后卫;;左后卫;中后卫;1.0;0.95;0.9;56.6;;50.9;£720万 - £1150万;7.2;11.5;9.35;40.2;52.2;49.3;56.2;64.2;58.8;54.0;62.5;10;11;7;11;11;8;6;12;7;11;8;10;8;6;11;11;13;12;13;11;10;14;12;6;10;7;12;10;12;11;14;11;11;11;14;12;9.1;1.0;1.0;1.02;9.3;7.4;11.2;基础池;0;PASS;未知;;后卫 (左中)
29156202;现役;Jayson Molumby;爱尔兰;West Brom;英冠;英冠;majority_high;25;176;不错;精准;右脚;后腰;;中前卫;后腰;1.0;0.95;0.9;62.5;;56.3;£720万 - £1150万;7.2;11.5;9.35;50.5;63.5;62.8;61.2;64.2;63.5;56.0;74.0;14;15;12;14;9;5;11;12;8;13;8;12;9;8;11;14;13;16;10;11;14;12;10;9;12;12;16;11;16;13;15;12;11;11;16;15;22.8;1.03;1.0;0.95;22.3;17.8;26.8;轮换池;0;PASS;未知;后腰;后腰, 中场 (中)
55041694;现役;André Silva;葡萄牙;Elche;西甲;西甲;majority_medium;29;186;不错;精准;右脚;中锋;;;中锋;1.0;0.95;0.9;63.1;;;£720万 - £1150万;7.2;11.5;9.35;67.0;61.0;65.0;39.0;62.2;64.2;59.0;59.0;14;6;15;12;6;6;11;16;10;13;13;12;8;4;13;12;13;12;14;14;12;12;15;14;11;16;12;12;11;6;12;12;12;12;12;13;24.7;1.08;1.0;0.95;25.3;20.2;30.4;主力池;0;PASS;未知;;前锋 (中)
85140415;现役;Issa Diop;摩洛哥;Fulham;英超;英超;manual;28;194;欠佳;精准;右脚;中后卫;;;中后卫;1.0;0.95;0.9;64.6;;;£720万 - £940万;7.2;9.4;8.3;45.0;48.2;55.5;65.0;69.0;74.2;58.0;68.5;12;15;4;9;12;8;9;15;5;11;6;12;3;3;16;13;14;16;17;14;13;14;13;3;13;11;14;9;14;12;15;12;12;14;12;15;29.8;1.0;1.0;0.95;28.3;22.6;34.0;主力池;0;PASS;未知;;后卫 (中)
27102027;现役;Enis Bardhi;北马其顿;Konyaspor;土超;土超;majority_medium;29;172;不错;精准;右脚;前腰;左边前卫、左边锋;中前卫;前腰;1.0;0.95;0.9;64.7;61.5;58.2;£720万 - £940万;7.2;9.4;8.3;67.2;69.2;72.0;39.0;57.8;53.8;59.8;64.0;15;7;14;15;5;4;17;6;18;14;13;14;11;14;8;12;10;14;6;15;13;13;12;16;8;12;12;12;14;7;16;14;13;12;11;11;30.1;1.04;1.0;0.95;29.8;23.8;35.8;主力池;0;PASS;未知;中场/前腰 (左);中场/前腰 (左中)
37079279;现役;Naci Ünüvar;土耳其;Heracles Almelo;荷甲;荷甲;majority_high;21;168;不错;精准;右脚;前腰;中锋;左边锋;前腰;1.0;0.95;0.9;63.0;59.8;56.7;£720万 - £920万;7.2;9.2;8.2;57.2;67.2;76.8;38.2;62.3;45.0;56.8;57.2;17;6;12;13;7;5;11;4;13;15;11;15;8;10;6;10;13;12;6;12;14;12;13;16;6;12;13;13;10;7;15;12;9;11;10;12;24.3;1.04;1.0;0.95;24.0;19.2;28.8;轮换池;0;PASS;未知;前锋 (中);前腰 (左中), 前锋 (中)
29076104;现役;Harrison Reed;英格兰;Fulham;英超;英超;manual;29;181;还行;精准;右脚;后腰;;中前卫;后腰;1.0;0.95;0.9;64.1;;57.7;£700万 - £1150万;7.0;11.5;9.25;54.0;62.0;56.8;67.2;61.5;63.2;63.0;75.8;11;13;8;14;14;8;11;12;11;12;8;11;12;11;11;15;11;14;8;14;13;13;13;9;13;14;16;11;17;13;15;13;14;13;15;14;28.0;1.03;1.0;0.95;27.4;21.9;32.9;主力池;0;PASS;未知;;后腰, 中场 (中)
70093800;现役;Çağlar Söyüncü;土耳其;Fenerbahçe;土超;土超;manual;28;187;强势;精准;左脚;中后卫;;;中后卫;1.0;0.95;0.9;62.9;;;£700万 - £1100万;7.0;11.0;9.0;43.8;51.5;46.8;70.2;49.3;67.2;61.0;61.8;11;14;7;11;15;11;7;15;9;9;8;8;7;6;16;13;10;10;15;10;9;9;15;10;12;8;12;9;13;14;12;13;10;11;16;8;24.0;1.0;1.0;0.95;22.8;18.2;27.4;轮换池;0;PASS;未知;;后卫 (中)
53099570;现役;Patrick Berg;挪威;Bodø/Glimt;挪超;挪超;majority_medium;27;177;欠佳;精准;右脚;后腰;中前卫;;后腰;1.0;0.95;0.9;69.0;65.5;;£700万 - £1100万;7.0;11.0;9.0;59.0;67.2;62.7;72.5;56.8;65.2;74.8;80.2;14;13;10;13;14;5;13;6;13;14;10;11;12;13;11;18;10;18;7;13;12;11;17;11;17;10;17;14;20;17;17;13;15;15;10;14;48.8;1.03;1.0;0.95;47.7;38.2;57.2;强援池;0;PASS;未知;中场 (中);后腰, 中场 (中)
2000387880;现役;Sami Bouhoudane;摩洛哥;PSV;荷甲;荷甲;manual;17;187;欠佳;精准;右脚;中锋;;;中锋;1.0;0.95;0.9;54.7;;;£700万 - £1100万;7.0;11.0;9.0;47.8;53.5;65.8;27.8;69.5;60.2;42.0;49.3;13;5;8;10;4;2;10;14;15;14;9;14;9;8;10;14;14;14;13;12;13;14;11;10;4;11;10;10;8;3;14;9;9;7;9;10;6.4;1.08;1.0;1.05;7.2;5.8;8.6;基础池;0;PASS;未知;;前锋 (中)
28128172;现役;Daniel Jebbison;加拿大;Preston;英冠;英冠;majority_high;21;190;还行;精准;右脚;中锋;;;中锋;1.0;0.95;0.9;59.8;;;£700万 - £1100万;7.0;11.0;9.0;59.8;53.8;62.3;36.0;71.3;60.5;51.5;53.8;12;6;10;10;5;6;11;11;9;11;13;13;9;7;12;13;14;13;10;13;14;15;12;13;7;12;13;12;11;8;11;9;8;11;11;12;15.5;1.08;1.0;0.968;16.2;13.0;19.4;基础池;0;PASS;未知;;前锋 (中)
2000168143;现役;Ali Ahmed;加拿大;Norwich;英冠;英冠;majority_high;24;181;欠佳;精准;右脚;左边锋;;左翼卫、右翼卫、左边前卫、右边前卫、右边锋;左边锋;1.0;0.95;0.9;56.6;;50.9;£700万 - £920万;7.0;9.2;8.1;44.5;59.5;59.5;47.0;69.0;49.8;55.2;50.5;12;9;11;12;9;4;7;5;5;12;7;12;12;8;7;12;15;14;10;10;13;13;11;11;6;11;13;12;11;10;11;11;10;12;7;9;9.1;1.05;1.0;1.004;9.6;7.7;11.5;基础池;0;PASS;未知;;翼卫/中场/前腰 (右左)
51055610;现役;César Montes;墨西哥;Lokomotiv Moscow;俄超;俄超;majority_medium;27;195;欠佳;精准;右脚;中后卫;;;中后卫;1.0;0.95;0.9;65.2;;;£680万 - £1100万;6.8;11.0;8.9;52.5;55.5;43.8;68.2;48.8;71.0;71.2;67.0;10;12;11;10;14;13;9;15;7;10;9;7;7;7;16;13;11;13;16;13;7;8;16;8;12;10;13;13;13;14;15;15;15;14;13;9;32.0;1.0;1.0;0.95;30.4;24.3;36.5;主力池;0;PASS;未知;;后卫 (中)
2000064254;现役;Ryoya Morishita;日本;Blackburn;英冠;英冠;majority_high;27;170;不错;精准;右脚;左边锋;;中前卫、前腰、右边锋;左边锋;1.0;0.95;0.9;60.2;;54.2;£680万 - £1100万;6.8;11.0;8.9;54.5;60.2;66.3;46.5;65.0;54.3;55.0;65.0;14;9;10;12;8;5;11;6;11;13;10;13;12;11;7;14;12;15;8;11;13;14;12;14;6;12;15;11;15;8;14;11;12;11;12;13;16.5;1.05;1.0;0.963;16.7;13.4;20.0;基础池;0;PASS;未知;;中场 (中), 前腰 (右左中)
91178618;现役;Can Bozdogan;德国;FC Utrecht;荷甲;荷甲;majority_high;23;174;精准;还行;左脚;前腰;后腰;中前卫;前腰;1.0;0.95;0.9;61.7;58.6;55.5;£680万 - £1100万;6.8;11.0;8.9;51.8;65.5;67.3;56.3;61.8;56.0;59.0;65.0;14;13;10;13;10;4;12;7;14;14;7;13;14;14;11;11;12;12;8;13;13;13;12;13;8;12;15;13;12;10;15;11;10;14;13;14;20.4;1.04;1.0;0.951;20.2;16.2;24.2;轮换池;0;PASS;未知;后腰, 前腰 (中);后腰, 中场/前腰 (中)
28086114;现役;Dominic Hyam;苏格兰;Wrexham;英冠;英冠;majority_high;29;188;欠佳;精准;右脚;中后卫;;;中后卫;1.0;0.95;0.9;62.4;;;£680万 - £1100万;6.8;11.0;8.9;42.0;50.7;47.5;69.2;53.8;67.0;60.0;60.5;12;14;7;11;14;7;5;14;7;11;7;7;7;2;13;13;10;17;14;12;11;11;13;5;14;10;12;7;12;15;12;13;13;13;11;11;22.5;1.0;1.0;0.95;21.4;17.1;25.7;轮换池;0;PASS;未知;;后卫 (中)
61066342;现役;Ross McCrorie;苏格兰;Bristol City;英冠;英冠;majority_high;26;185;欠佳;精准;右脚;右后卫;;右翼卫;右后卫;1.0;0.95;0.9;62.7;;56.4;£680万 - £1050万;6.8;10.5;8.65;34.8;53.8;56.3;64.5;69.0;72.8;57.3;78.2;10;14;9;12;11;9;4;14;4;12;6;13;11;5;14;15;14;15;15;11;11;14;14;8;15;6;15;8;13;13;18;13;10;10;19;17;23.4;0.98;1.0;0.95;21.8;17.4;26.2;轮换池;0;PASS;未知;;后卫/翼卫 (右)
45078327;现役;Takuma Asano;日本;Mallorca;西甲;西甲;majority_high;30;173;不错;精准;右脚;左边锋;前腰、中锋;右边锋;左边锋;1.0;0.95;0.9;61.0;57.9;54.9;£680万 - £880万;6.8;8.8;7.8;56.5;55.7;64.5;39.8;78.0;55.0;49.5;55.5;13;7;13;11;7;6;9;10;6;12;11;13;10;8;11;12;16;11;9;11;16;16;12;12;6;14;13;11;12;7;12;9;9;10;12;8;18.5;1.05;1.0;0.95;18.5;14.8;22.2;轮换池;0;PASS;未知;前腰 (左中), 前锋 (中);前腰 (右左中), 前锋 (中)
2000077867;现役;Amankwah Forson;加纳;Norwich;英冠;英冠;majority_high;22;173;精准;欠佳;左脚;右边锋;右边前卫;中前卫;右边锋;1.0;0.95;0.9;61.2;58.1;55.1;£680万 - £880万;6.8;8.8;7.8;55.5;61.2;67.0;45.5;70.0;52.2;55.2;59.0;12;8;9;13;8;6;13;7;7;12;9;14;11;11;7;12;14;12;8;14;16;14;10;15;7;13;14;13;13;10;12;9;11;13;12;9;19.1;1.05;1.0;0.95;19.0;15.2;22.8;轮换池;0;PASS;未知;中场 (右);中场 (右中), 前腰 (右)
13156726;现役;Trezeguet;埃及;Al-Ahly;埃超联赛;埃超联赛;majority_high;30;180;欠佳;精准;右脚;左边锋;左边前卫、右边前卫;右边锋;左边锋;1.0;0.95;0.9;65.7;62.4;59.1;£660万 - £1050万;6.6;10.5;8.55;72.2;61.5;74.5;40.5;64.0;63.5;55.0;64.5;15;7;13;12;6;4;16;8;11;14;14;16;12;13;11;13;12;15;11;15;12;14;12;16;13;17;14;11;11;8;14;11;11;11;12;15;33.9;1.05;1.0;0.95;33.9;27.1;40.7;主力池;0;PASS;未知;中场 (右左);中场/前腰 (右左)
37077008;现役;Sven Mijnans;荷兰;AZ;荷甲;荷甲;majority_high;24;190;精准;不错;左脚;前腰;右边锋;中前卫;前腰;1.0;0.95;0.9;64.2;61.0;57.8;£660万 - £1050万;6.6;10.5;8.55;56.0;68.5;69.8;46.8;54.0;70.0;64.0;69.2;15;8;14;13;8;6;9;11;12;14;10;14;12;13;11;17;10;16;15;14;11;10;13;14;12;13;17;14;13;9;15;14;13;13;11;12;28.3;1.04;1.0;0.95;28.0;22.4;33.6;主力池;0;PASS;未知;前腰 (右);中场 (中), 前腰 (右中)
14136122;现役;Gonzalo Montiel;阿根廷;River Plate;阿甲;阿甲;majority_high;28;175;欠佳;精准;右脚;右后卫;;;右后卫;1.0;0.95;0.9;63.2;;;£660万 - £1050万;6.6;10.5;8.55;43.8;52.2;50.0;70.8;70.5;69.5;58.2;76.8;10;14;17;12;15;13;5;12;3;12;6;8;9;7;13;16;14;16;9;14;13;14;14;7;14;11;17;8;15;14;16;11;12;12;16;14;25.0;0.98;1.0;0.95;23.3;18.6;28.0;轮换池;0;PASS;未知;;后卫 (右)
29159400;现役;Ben Brereton Díaz;智利;Derby;英冠;英冠;majority_high;25;185;不错;精准;右脚;中锋;右边锋;左边锋;中锋;1.0;0.95;0.9;59.3;56.3;53.4;£660万 - £1050万;6.6;10.5;8.55;60.5;56.2;59.2;38.0;64.5;66.2;49.5;56.5;13;7;13;11;7;3;12;12;11;10;13;13;9;5;14;14;13;14;13;12;11;13;10;10;7;12;11;12;12;5;13;10;12;11;11;10;14.4;1.08;1.0;0.97;15.1;12.1;18.1;基础池;0;PASS;未知;前腰 (右), 前锋 (中);前腰 (右左), 前锋 (中)
49060919;现役;Edouard Michut;法国;Fortuna Sittard;荷甲;荷甲;majority_high;21;178;欠佳;精准;右脚;中前卫;后腰;;中前卫;1.0;0.95;0.9;63.6;60.4;;£660万 - £860万;6.6;8.6;7.6;56.8;69.8;64.8;60.0;61.7;52.3;66.8;65.2;13;11;10;15;12;4;11;8;8;14;9;13;11;9;8;12;12;11;8;12;12;13;14;12;9;13;14;14;13;12;14;13;12;15;14;12;26.3;1.02;1.0;0.95;25.5;20.4;30.6;主力池;0;PASS;未知;后腰;后腰, 中场 (中)
2000232595;现役;Patrick Agyemang;美国;Derby;英冠;英冠;majority_high;24;193;不错;精准;右脚;中锋;;;中锋;1.0;0.95;0.9;58.2;;;£660万 - £860万;6.6;8.6;7.6;57.8;47.5;57.7;35.8;73.8;64.2;49.8;46.5;12;5;11;8;7;4;8;11;5;9;14;14;5;9;16;13;16;12;16;7;10;15;10;12;7;12;10;11;10;7;9;10;10;11;10;7;12.1;1.08;1.0;0.974;12.7;10.2;15.2;基础池;0;PASS;未知;;前锋 (中)
28098307;现役;Elijah Adebayo;英格兰;Luton;英甲;英甲;majority_high;27;190;欠佳;精准;右脚;中锋;;;中锋;1.0;0.95;0.9;60.4;;;£660万 - £860万;6.6;8.6;7.6;58.5;52.8;64.5;47.0;65.5;70.8;54.5;52.2;12;9;13;10;8;6;9;15;8;13;13;13;7;6;16;14;13;11;16;14;13;13;12;14;7;12;11;10;11;9;10;11;11;11;12;10;17.0;1.08;1.0;0.952;17.5;14.0;21.0;基础池;0;PASS;未知;;前锋 (中)
27161401;现役;Elias Jelert;丹麦;Southampton;英冠;英冠;majority_high;21;174;欠佳;精准;右脚;左翼卫;左后卫、右后卫;右翼卫;左翼卫;1.0;0.95;0.9;58.7;55.8;52.8;£660万 - £820万;6.6;8.2;7.4;48.0;61.8;63.5;48.0;73.2;49.8;52.8;62.7;13;12;5;13;7;7;9;8;2;13;9;12;12;11;5;15;14;15;6;11;16;15;8;11;4;12;15;11;14;9;15;12;12;12;9;15;13.1;1.0;1.0;0.966;12.6;10.1;15.1;基础池;0;PASS;未知;后卫 (右左);后卫/翼卫 (右左)
37076465;现役;Denso Kasius;荷兰;AZ;荷甲;荷甲;majority_high;22;185;欠佳;精准;右脚;左翼卫;左后卫、右边前卫;右后卫、右翼卫;左翼卫;1.0;0.95;0.9;60.7;57.7;54.6;£660万 - £800万;6.6;8.0;7.3;55.2;55.5;65.2;49.8;80.2;65.2;45.2;56.0;13;12;5;12;9;11;12;8;11;13;10;13;12;7;12;15;17;16;11;12;13;16;11;14;5;15;15;9;11;8;11;8;8;8;12;14;17.7;1.0;1.0;0.95;16.9;13.5;20.3;基础池;0;PASS;未知;后卫/翼卫 (左), 中场 (右);后卫/翼卫 (右左), 中场 (右)
91107360;现役;Niklas Süle;德国;Borussia Dortmund;德甲;德甲;manual;29;195;还行;精准;右脚;中后卫;右后卫;;中后卫;1.0;0.95;0.9;68.0;64.6;;£640万 - £1000万;6.4;10.0;8.2;54.0;66.2;62.0;70.8;63.5;71.5;68.8;60.3;13;14;10;14;14;12;12;14;6;13;8;12;11;4;17;12;15;8;16;17;9;11;14;12;13;11;11;13;13;15;10;13;13;15;15;11;43.9;1.0;1.0;0.95;41.7;33.4;50.0;强援池;0;PASS;未知;后卫 (右);后卫 (右中)
2000054508;现役;Jaden Slory;荷兰;Go Ahead Eagles;荷甲;荷甲;majority_high;19;175;欠佳;精准;右脚;左边锋;;右边锋;左边锋;1.0;0.95;0.9;59.5;;53.6;£640万 - £1000万;6.4;10.0;8.2;54.3;59.0;66.5;31.0;77.0;46.2;44.8;52.0;13;5;11;12;5;11;12;8;11;14;10;13;12;13;9;10;16;6;9;11;16;16;9;12;11;13;11;11;9;5;11;9;10;9;11;7;14.8;1.05;1.0;0.965;15.0;12.0;18.0;基础池;0;PASS;未知;;前腰 (右左)
2000108166;现役;Richard Koné;科特迪瓦;QPR;英冠;英冠;majority_high;21;185;还行;精准;右脚;中锋;前腰;;中锋;1.0;0.95;0.9;61.6;58.5;;£640万 - £1000万;6.4;10.0;8.2;65.8;53.2;62.5;32.3;67.2;63.0;54.0;56.2;12;5;9;11;4;4;12;13;7;12;14;12;7;7;12;13;13;13;13;12;14;14;12;15;5;14;12;9;9;6;14;12;9;14;13;13;20.2;1.08;1.0;0.95;20.7;16.6;24.8;轮换池;0;PASS;未知;前腰 (中);前腰 (中), 前锋 (中)
18057323;现役;Chancel Mbemba;刚果民主共和国;LOSC;法甲;法甲;majority_high;30;182;不错;精准;右脚;中后卫;右后卫;;中后卫;1.0;0.95;0.9;65.9;62.6;;£640万 - £820万;6.4;8.2;7.3;46.2;61.5;58.5;68.5;63.3;68.7;60.0;71.5;12;14;9;14;15;4;10;15;4;12;6;11;9;4;14;13;13;14;13;14;13;12;14;10;13;11;15;11;15;12;15;12;12;11;15;11;34.7;1.0;1.0;0.95;33.0;26.4;39.6;主力池;0;PASS;未知;后卫 (右);后卫 (右中)
37058888;现役;Owen Wijndal;荷兰;Ajax;荷甲;荷甲;manual;25;176;精准;欠佳;左脚;左后卫;左边前卫;左翼卫;左后卫;1.0;0.95;0.9;63.1;59.9;56.8;£620万 - £1000万;6.2;10.0;8.1;44.8;63.5;62.8;61.2;71.3;65.2;58.2;66.2;13;14;11;13;11;11;8;8;9;12;6;12;13;11;12;14;14;15;10;14;13;15;12;13;13;12;12;13;13;12;15;11;10;11;14;15;24.7;0.98;1.0;0.95;23.0;18.4;27.6;轮换池;0;PASS;未知;中场 (左);后卫/翼卫/中场 (左)
2000251820;现役;Jonah Kusi-Asare;瑞典;Fulham;英超;英超;manual;17;196;不错;精准;右脚;中锋;;;中锋;1.0;0.95;0.9;55.5;;;£620万 - £980万;6.2;9.8;8.0;53.5;51.5;63.0;28.8;61.8;62.5;44.8;52.0;13;5;13;10;3;6;10;12;8;13;11;12;8;6;13;11;13;10;16;13;12;12;10;13;4;11;11;9;9;5;13;9;9;10;12;10;7.4;1.08;1.0;1.026;8.3;6.6;10.0;基础池;0;PASS;未知;;前锋 (中)
28121567;现役;Teden Mengi;英格兰;Luton;英甲;英甲;majority_high;22;186;欠佳;精准;右脚;中后卫;;;中后卫;1.0;0.95;0.9;63.3;;;£620万 - £820万;6.2;8.2;7.2;35.8;54.0;53.5;66.2;71.7;70.0;54.8;61.7;13;14;4;12;13;4;6;13;3;11;5;10;4;2;14;15;15;15;14;13;12;14;12;4;11;9;12;9;10;14;15;11;12;10;12;12;25.3;1.0;1.0;0.95;24.0;19.2;28.8;轮换池;0;PASS;未知;;后卫 (中)
28084863;现役;Matthew Targett;英格兰;Middlesbrough;英冠;英冠;majority_high;29;183;精准;还行;左脚;左后卫;左翼卫;;左后卫;1.0;0.95;0.9;62.4;59.3;;£620万 - £820万;6.2;8.2;7.2;52.3;63.5;58.0;63.5;61.0;65.5;64.2;65.0;12;13;7;13;12;10;6;12;10;12;10;11;12;12;13;14;12;13;12;14;12;12;13;10;9;14;14;13;14;13;14;13;13;13;12;12;22.5;0.98;1.0;0.95;20.9;16.7;25.1;轮换池;0;PASS;未知;翼卫 (左);后卫/翼卫 (左)
37071199;现役;Sontje Hansen;库拉索;Middlesbrough;英冠;英冠;majority_high;22;176;欠佳;精准;右脚;左边锋;;前腰、右边锋、中锋;左边锋;1.0;0.95;0.9;59.9;;53.9;£620万 - £820万;6.2;8.2;7.2;55.0;58.0;69.5;29.5;69.5;56.2;48.0;54.0;14;3;12;12;6;3;11;7;12;14;10;14;10;12;10;13;14;13;8;12;14;14;11;14;6;12;12;10;9;4;14;9;10;12;12;3;15.8;1.05;1.0;0.953;15.8;12.6;19.0;基础池;0;PASS;未知;前腰 (左);前腰 (右左中), 前锋 (中)
72045915;现役;Richie Laryea;加拿大;Toronto FC;美职联;美职联;majority_high;30;176;欠佳;精准;右脚;左翼卫;左后卫;右后卫、右翼卫;左翼卫;1.0;0.95;0.9;60.7;57.7;54.6;£620万 - £800万;6.2;8.0;7.1;55.7;60.2;58.5;54.8;75.8;60.5;53.2;55.8;11;11;9;13;11;3;10;8;6;12;12;12;13;9;12;14;16;12;9;13;13;15;11;10;8;12;12;12;11;11;11;10;10;10;12;15;17.7;1.0;1.0;0.95;16.9;13.5;20.3;基础池;0;PASS;未知;后卫 (左);后卫/翼卫 (右左)
2000086849;现役;Younes Taha;摩洛哥;FC Groningen;荷甲;荷甲;majority_high;22;176;精准;还行;左脚;右边锋;中前卫;前腰;右边锋;1.0;0.95;0.9;59.4;56.4;53.5;£620万 - £760万;6.2;7.6;6.9;56.2;57.8;63.2;38.3;65.0;59.5;56.5;54.8;13;7;5;11;5;9;13;9;14;12;10;13;10;13;10;13;13;15;9;12;13;13;12;12;8;12;13;11;14;6;6;13;12;13;14;13;14.6;1.05;1.0;0.955;14.6;11.7;17.5;基础池;0;PASS;未知;中场 (中), 前腰 (右);中场 (中), 前腰 (右中)
29228252;现役;Kwame Poku;加纳;QPR;英冠;英冠;majority_high;23;179;精准;还行;左脚;右边锋;;前腰;右边锋;1.0;0.95;0.9;62.7;;56.4;£600万 - £980万;6.0;9.8;7.9;61.5;65.3;72.0;39.2;65.8;51.8;54.8;57.3;14;8;8;13;6;4;12;6;9;13;14;16;13;13;9;11;13;11;7;14;13;14;9;15;4;12;11;13;13;8;16;12;9;13;11;7;23.4;1.05;1.0;0.95;23.3;18.6;28.0;轮换池;0;PASS;未知;;前腰 (右中)
2000054498;现役;Gjivai Zechiël;荷兰;FC Utrecht;荷甲;荷甲;majority_high;20;171;还行;精准;右脚;中前卫;;后腰;中前卫;1.0;0.95;0.9;60.8;;54.7;£600万 - £960万;6.0;9.6;7.8;58.5;64.0;66.5;49.8;66.5;61.2;56.0;61.8;13;11;9;13;10;4;12;11;11;14;11;13;12;11;10;14;13;14;12;13;15;13;12;12;8;13;15;12;13;8;14;13;8;12;11;13;18.0;1.02;1.0;0.951;17.5;14.0;21.0;基础池;0;PASS;未知;;后腰, 中场 (中)
2000079847;现役;José Córdoba;巴拿马;Norwich;英冠;英冠;majority_high;23;189;精准;笨拙;左脚;中后卫;;;中后卫;1.0;0.95;0.9;64.2;;;£600万 - £800万;6.0;8.0;7.0;39.5;50.8;47.2;65.0;70.2;75.2;57.3;65.5;10;15;9;11;13;13;6;13;6;10;5;9;6;6;16;14;15;17;15;13;10;14;13;6;11;8;11;10;14;11;15;10;10;16;15;14;28.3;1.0;1.0;0.95;26.9;21.5;32.3;主力池;0;PASS;未知;;后卫 (中)
2000088444;现役;Tygo Land;荷兰;FC Groningen;荷甲;荷甲;majority_high;19;168;还行;精准;右脚;前腰;;后腰、中前卫;前腰;1.0;0.95;0.9;61.4;;55.3;£580万 - £940万;5.8;9.4;7.6;56.2;65.0;66.5;45.2;61.5;51.8;59.5;64.0;14;8;5;13;7;3;12;5;11;14;10;13;10;12;7;13;12;13;7;12;14;12;12;11;8;13;12;13;14;9;15;12;13;13;12;13;19.6;1.04;1.0;0.95;19.4;15.5;23.3;轮换池;0;PASS;未知;前腰 (中);后腰, 中场/前腰 (中)
28100404;现役;Alfie Jones;加拿大;Middlesbrough;英冠;英冠;majority_high;27;191;还行;精准;右脚;中后卫;后腰;;中后卫;1.0;0.95;0.9;63.2;60.0;;£580万 - £940万;5.8;9.4;7.6;43.0;61.2;50.0;66.0;59.0;66.2;64.0;62.0;11;13;5;13;13;7;7;14;7;13;7;8;6;6;14;13;12;12;14;13;9;12;13;7;15;9;14;13;14;14;9;12;13;14;13;10;25.0;1.0;1.0;0.95;23.7;19.0;28.4;轮换池;0;PASS;未知;后腰;后卫 (中), 后腰
28058544;现役;Bobby De Cordova-Reid;牙买加;Leicester;英冠;英冠;majority_high;31;170;还行;精准;右脚;左边锋;右边锋;前腰;左边锋;1.0;0.95;0.9;62.5;59.4;56.3;£580万 - £940万;5.8;9.4;7.6;62.5;61.2;66.5;46.2;65.5;52.8;60.0;67.5;13;8;11;12;8;5;11;9;10;12;13;14;12;9;7;14;12;14;5;15;14;14;12;13;8;14;16;12;15;9;16;13;14;12;9;10;22.8;1.05;1.0;0.95;22.7;18.2;27.2;轮换池;0;PASS;未知;前腰 (右左);前腰 (右左中)
2000021340;现役;Taylor Booth;美国;FC Twente;荷甲;荷甲;majority_high;23;174;还行;精准;右脚;右边锋;中前卫;前腰、右边前卫;右边锋;1.0;0.95;0.9;60.5;57.5;54.5;£580万 - £920万;5.8;9.2;7.5;53.7;62.2;66.3;37.2;69.0;53.2;54.5;61.2;14;6;12;12;6;9;10;6;12;12;9;13;14;13;10;12;14;10;8;13;14;14;12;14;6;13;15;13;12;7;14;10;10;12;11;14;17.2;1.05;1.0;0.951;17.2;13.8;20.6;基础池;0;PASS;未知;中场 (中);中场/前腰 (右中)
28080367;现役;Carlton Morris;英格兰;Derby;英冠;英冠;majority_high;29;185;还行;精准;右脚;中锋;;;中锋;1.0;0.95;0.9;61.6;;;£580万 - £760万;5.8;7.6;6.7;62.8;54.5;55.0;47.5;60.0;69.2;61.3;74.8;11;8;14;10;7;4;10;14;7;12;13;10;8;5;15;13;12;13;14;13;11;12;12;11;15;14;15;11;14;10;16;14;14;13;15;14;20.2;1.08;1.0;0.95;20.7;16.6;24.8;轮换池;0;PASS;未知;;前锋 (中)
29190795;现役;Adam Idah;爱尔兰;Swansea;英冠;英冠;majority_high;23;190;欠佳;精准;右脚;中锋;;;中锋;1.0;0.95;0.9;61.1;;;£580万 - £760万;5.8;7.6;6.7;62.8;57.7;57.2;32.0;72.5;67.8;48.2;58.2;11;6;16;13;5;4;11;12;6;12;13;12;8;5;16;13;14;10;15;14;13;16;11;7;5;13;14;11;13;4;13;10;9;13;11;12;18.8;1.08;1.0;0.95;19.3;15.4;23.2;轮换池;0;PASS;未知;;前锋 (中)
19334517;现役;Danilo;巴西;N.E.C.;荷甲;荷甲;majority_high;25;174;还行;精准;右脚;中锋;右边锋;左边锋;中锋;1.0;0.95;0.9;61.9;58.8;55.7;£580万 - £720万;5.8;7.2;6.5;65.0;56.7;65.8;35.0;63.3;64.0;57.0;54.8;14;6;17;11;4;5;12;13;10;10;13;14;9;6;12;13;13;15;12;13;13;12;12;15;8;13;15;11;10;6;9;12;12;14;12;8;21.0;1.08;1.0;0.95;21.6;17.3;25.9;轮换池;0;PASS;未知;前腰 (右);前腰 (右左), 前锋 (中)
28051378;现役;Wilfried Zaha;科特迪瓦;Charlotte FC;美职联;美职联;majority_high;32;180;不错;精准;右脚;左边锋;右边锋;中锋;左边锋;1.0;0.95;0.9;65.7;62.4;59.1;£560万 - £880万;5.6;8.8;7.2;68.0;59.0;75.3;38.8;69.5;64.5;57.3;53.3;14;6;12;11;7;7;14;7;10;14;14;17;12;8;13;14;14;15;11;13;13;14;12;17;12;13;9;11;10;8;13;11;9;15;10;10;33.9;1.05;1.0;0.95;33.9;27.1;40.7;主力池;0;PASS;未知;前腰 (右);前腰 (右左), 前锋 (中)
53126892;现役;Tobias Lauritsen;挪威;Sparta Rotterdam;荷甲;荷甲;majority_high;27;194;还行;精准;右脚;中锋;;;中锋;1.0;0.95;0.9;59.0;;;£560万 - £880万;5.6;8.8;7.2;60.0;52.3;58.0;40.0;55.5;72.0;57.0;58.8;12;6;13;10;7;6;10;18;12;12;11;11;8;10;15;13;11;13;18;14;10;11;14;12;8;14;13;9;13;6;11;13;12;13;13;10;13.7;1.08;1.0;0.961;14.2;11.4;17.0;基础池;0;PASS;未知;;前锋 (中)
51049312;现役;Jesús Gallardo;墨西哥;Toluca;墨超;墨超;majority_medium;30;178;精准;欠佳;左脚;左后卫;左翼卫、左边前卫、左边锋;;左后卫;1.0;0.95;0.9;65.4;62.1;;£560万 - £880万;5.6;8.8;7.2;60.8;63.5;62.0;69.2;71.0;59.0;66.0;66.8;13;14;8;13;12;13;12;12;11;11;11;12;13;9;7;15;14;14;12;11;15;14;13;13;10;15;16;13;14;16;11;12;14;12;15;13;32.8;0.98;1.0;0.95;30.5;24.4;36.6;主力池;0;PASS;未知;翼卫/中场/前腰 (左);后卫/翼卫/中场/前腰 (左)
88026183;现役;Marko Stamenić;新西兰;Swansea;英冠;英冠;majority_high;22;188;还行;精准;右脚;后腰;;中前卫;后腰;1.0;0.95;0.9;61.6;;55.4;£560万 - £740万;5.6;7.4;6.5;49.3;63.3;59.2;62.7;62.7;62.0;60.0;63.7;14;13;10;13;12;5;8;13;10;13;9;11;10;8;13;13;14;12;14;9;11;11;12;9;11;11;14;12;15;13;11;12;12;12;13;14;20.2;1.03;1.0;0.95;19.7;15.8;23.6;轮换池;0;PASS;未知;;后腰, 中场 (中)
29218499;现役;Ali Al-Hamadi;伊拉克;Luton;英甲;英甲;majority_high;22;191;不错;精准;右脚;左边锋;右边锋;中锋;左边锋;1.0;0.95;0.9;55.6;52.8;50.0;£560万 - £720万;5.6;7.2;6.4;51.0;42.5;54.0;33.5;75.2;64.2;43.2;60.8;11;7;8;8;6;2;6;9;5;8;10;11;7;5;13;13;16;15;12;13;13;15;10;12;8;15;14;8;13;4;15;9;8;11;10;11;7.6;1.05;1.0;0.999;8.0;6.4;9.6;基础池;0;PASS;未知;前腰 (右左);前腰 (右左), 前锋 (中)
24039513;现役;Marko Pjaca;克罗地亚;FC Twente;荷甲;荷甲;majority_high;29;186;不错;精准;右脚;左边锋;中锋;前腰、右边锋;左边锋;1.0;0.95;0.9;59.3;56.3;53.4;£560万 - £700万;5.6;7.0;6.3;58.8;59.5;72.5;38.5;58.2;61.5;48.0;44.0;15;7;13;11;8;8;13;11;11;14;12;14;10;9;14;10;11;12;13;15;15;12;9;15;4;12;9;12;9;7;11;9;9;10;8;8;14.4;1.05;1.0;0.951;14.4;11.5;17.3;基础池;0;PASS;未知;前锋 (中);前腰 (右左中), 前锋 (中)
28127217;现役;Zidane Iqbal;伊拉克;FC Utrecht;荷甲;荷甲;majority_high;21;181;不错;精准;右脚;前腰;后腰;中前卫;前腰;1.0;0.95;0.9;62.1;59.0;55.9;£560万 - £700万;5.6;7.0;6.3;54.5;71.0;68.5;42.3;65.5;51.0;57.5;51.0;15;8;10;15;7;2;11;3;8;14;10;13;11;10;8;13;13;12;9;11;14;13;11;13;5;11;12;15;13;10;11;10;8;14;8;12;21.6;1.04;1.0;0.95;21.3;17.0;25.6;轮换池;0;PASS;未知;后腰, 前腰 (中);后腰, 中场/前腰 (中)
29162985;现役;Brandon Thomas-Asante;加纳;Coventry;英冠;英冠;majority_high;26;175;不错;精准;右脚;中锋;右边锋;左边锋;中锋;1.0;0.95;0.9;56.6;53.8;50.9;£560万 - £680万;5.6;6.8;6.2;53.2;41.5;55.0;34.8;74.2;69.5;41.5;62.5;10;6;13;8;6;12;10;10;8;9;12;11;9;6;16;13;15;17;9;14;12;16;7;15;6;11;16;7;14;7;13;9;9;9;13;10;9.1;1.08;1.0;0.979;9.7;7.8;11.6;基础池;0;PASS;未知;前腰 (右);前腰 (右左), 前锋 (中)
45100936;现役;Koki Ogawa;日本;N.E.C.;荷甲;荷甲;majority_high;27;185;还行;精准;右脚;中锋;;;中锋;1.0;0.95;0.9;61.1;;;£540万 - £860万;5.4;8.6;7.0;63.5;58.0;62.5;36.8;63.8;58.8;60.2;58.0;12;5;12;11;5;6;11;14;11;12;14;12;9;11;10;14;12;10;13;12;14;13;13;15;10;12;14;12;13;7;8;13;13;13;12;15;18.8;1.08;1.0;0.95;19.3;15.4;23.2;轮换池;0;PASS;未知;;前锋 (中)
53151874;现役;Mathias Kjølø;挪威;FC Twente;荷甲;荷甲;majority_high;23;174;还行;精准;右脚;前腰;;后腰、中前卫;前腰;1.0;0.95;0.9;59.3;;53.4;£540万 - £860万;5.4;8.6;7.0;47.5;64.2;56.5;48.5;63.2;58.0;63.3;66.8;11;7;8;13;8;9;10;7;11;12;6;12;11;11;10;14;13;12;9;13;12;12;12;7;12;13;15;14;15;12;12;14;14;12;12;14;14.4;1.04;1.0;0.957;14.3;11.4;17.2;基础池;0;PASS;未知;前腰 (中);后腰, 中场/前腰 (中)
23240168;现役;Saeid Ezatolahi;伊朗;Shabab Al-Ahli;“ADNOC”阿联酋职业超级联赛;“ADNOC”阿联酋职业超级联赛;majority_high;28;189;还行;精准;右脚;中前卫;;后腰;中前卫;1.0;0.95;0.9;62.2;;56.0;£540万 - £860万;5.4;8.6;7.0;59.5;68.8;58.0;58.0;53.8;62.2;65.5;62.0;14;12;9;14;10;7;12;14;11;13;11;11;11;9;15;12;12;9;15;10;10;9;13;7;14;12;11;14;16;12;11;14;12;15;12;13;21.9;1.02;1.0;0.95;21.2;17.0;25.4;轮换池;0;PASS;未知;;后腰, 中场 (中)
67269484;现役;Samuel Chukwueze;尼日利亚;Fulham;英超;英超;manual;25;172;精准;欠佳;左脚;左边锋;;右边前卫、右边锋;左边锋;1.0;0.95;0.9;64.7;;58.2;£540万 - £840万;5.4;8.4;6.9;59.5;59.8;66.8;43.5;79.5;61.2;58.0;61.5;12;8;11;12;6;7;11;11;9;13;11;14;14;9;11;16;16;12;9;13;15;16;13;14;10;14;12;11;13;9;14;12;11;12;12;11;30.1;1.05;1.0;0.95;30.1;24.1;36.1;主力池;0;PASS;未知;前腰 (左);中场 (右), 前腰 (右左)
27013431;现役;Jannik Vestergaard;丹麦;Leicester;英冠;英冠;majority_high;32;199;不错;精准;右脚;中后卫;;;中后卫;1.0;0.95;0.9;65.9;;;£540万 - £720万;5.4;7.2;6.3;42.0;64.8;53.0;69.5;38.0;74.0;63.5;67.5;13;15;7;14;15;11;10;16;10;10;7;11;6;5;17;13;8;12;18;13;6;6;12;8;12;5;13;14;16;12;13;13;13;14;15;10;34.7;1.0;1.0;0.95;33.0;26.4;39.6;主力池;0;PASS;未知;;后卫 (中)
61085725;现役;Josh Edwards;苏格兰;Charlton;英冠;英冠;majority_high;24;176;精准;欠佳;左脚;左后卫;;左翼卫;左后卫;1.0;0.95;0.9;60.2;;54.2;£540万 - £680万;5.4;6.8;6.1;42.0;49.3;47.8;69.0;59.2;67.2;60.0;77.0;10;14;9;10;12;15;7;12;8;10;7;9;11;10;12;15;12;16;12;11;11;11;13;7;12;9;15;8;15;15;17;13;15;10;16;16;16.5;0.98;1.0;0.95;15.3;12.2;18.4;基础池;0;PASS;未知;;后卫/翼卫 (左)
28100212;现役;Cédric Kipré;科特迪瓦;Ipswich;英冠;英冠;majority_high;28;193;欠佳;精准;右脚;中后卫;;;中后卫;1.0;0.95;0.9;65.5;;;£520万 - £840万;5.2;8.4;6.8;47.8;64.2;59.0;64.2;61.0;72.5;64.2;65.5;13;12;8;14;13;5;9;14;8;12;9;12;7;4;19;13;13;12;14;11;12;11;12;8;9;7;12;13;12;14;15;12;12;16;16;13;33.2;1.0;1.0;0.95;31.5;25.2;37.8;主力池;0;PASS;未知;;后卫 (中)
28098206;现役;Kieran Dowell;英格兰;Hull;英冠;英冠;majority_high;27;186;精准;还行;左脚;前腰;中前卫、左边锋;右边锋;前腰;1.0;0.95;0.9;61.7;58.6;55.5;£520万 - £820万;5.2;8.2;6.7;66.0;68.5;61.7;42.5;53.0;59.5;61.5;53.8;13;7;12;14;7;8;14;10;14;13;12;12;14;13;10;14;10;12;12;14;12;10;13;10;13;14;10;15;13;8;10;11;13;15;9;7;20.4;1.04;1.0;0.95;20.2;16.2;24.2;轮换池;0;PASS;未知;中场 (中), 前腰 (左);中场 (中), 前腰 (右左中)
2000167698;现役;Kota Kudo;日本;Okayama;J1;J1;majority_high;21;180;精准;笨拙;左脚;中后卫;;;中后卫;1.0;0.95;0.9;65.5;;;£520万 - £820万;5.2;8.2;6.7;31.0;52.5;46.5;73.8;65.0;65.0;62.0;73.8;11;15;4;11;15;9;5;12;5;11;4;6;7;5;13;13;13;12;12;13;13;13;14;6;14;5;15;9;16;15;14;13;13;12;16;15;33.2;1.0;1.0;0.95;31.5;25.2;37.8;主力池;0;PASS;后卫 (中);;后卫 (中)
51042458;现役;Luis Romo;墨西哥;Chivas;墨超;墨超;majority_high;29;182;还行;精准;右脚;中后卫;中前卫;后腰;中后卫;1.0;0.95;0.9;65.3;62.0;58.8;£520万 - £820万;5.2;8.2;6.7;60.8;66.5;57.5;61.8;66.0;68.5;67.8;69.8;13;12;10;13;12;11;12;11;6;13;11;9;12;6;12;17;14;14;11;15;10;12;13;12;13;13;16;14;14;12;14;14;14;15;13;10;32.4;1.0;1.0;0.95;30.8;24.6;37.0;主力池;0;PASS;未知;中场 (中);后卫 (中), 后腰, 中场 (中)
67047092;现役;Koke;西班牙;Atlético Madrid;西甲;西甲;manual;33;178;不错;精准;右脚;后腰;;中前卫;后腰;1.0;0.95;0.9;67.8;;61.0;£520万 - £820万;5.2;8.2;6.7;60.2;75.2;64.5;68.2;47.8;58.2;74.5;79.5;14;13;10;16;12;6;12;8;14;14;11;13;14;14;11;10;9;14;8;14;10;10;15;10;18;11;15;15;18;15;16;15;15;16;15;13;43.0;1.03;1.0;0.95;42.0;33.6;50.4;强援池;0;PASS;未知;;后腰, 中场 (中)
61069532;现役;Harry Souttar;澳大利亚;Leicester;英冠;英冠;majority_high;26;200;还行;精准;右脚;中后卫;;;中后卫;1.0;0.95;0.9;60.6;;;£520万 - £820万;5.2;8.2;6.7;28.5;49.8;41.8;64.5;43.5;71.0;54.8;66.5;10;14;8;12;13;9;4;16;5;9;4;7;3;6;15;13;9;12;20;13;9;7;12;4;11;4;14;8;12;12;16;12;13;11;11;13;17.5;1.0;1.0;0.95;16.6;13.3;19.9;基础池;0;PASS;未知;;后卫 (中)
37076315;现役;Couhaib Driouech;荷兰;PSV;荷甲;荷甲;manual;22;175;还行;精准;右脚;左边锋;左边前卫、右边前卫;右边锋;左边锋;1.0;0.95;0.9;61.4;58.3;55.3;£520万 - £680万;5.2;6.8;6.0;48.2;57.5;71.0;32.2;80.5;54.3;50.5;54.2;14;5;13;11;5;7;8;12;7;13;10;16;11;8;8;12;17;13;10;12;13;17;10;14;7;9;11;10;10;5;11;12;11;11;12;16;19.6;1.05;1.0;0.95;19.6;15.7;23.5;轮换池;0;PASS;未知;中场 (右左);中场/前腰 (右左)
98034811;现役;Jordan Lotomba;瑞士;Feyenoord;荷甲;荷甲;manual;26;177;还行;精准;右脚;左后卫;右边前卫;右后卫、右翼卫;左后卫;1.0;0.95;0.9;59.8;56.8;53.8;£520万 - £680万;5.2;6.8;6.0;45.2;54.8;64.8;62.0;70.8;52.2;54.8;63.0;13;13;7;11;13;14;6;7;7;14;8;13;10;8;9;13;14;13;9;8;13;15;12;13;11;12;14;9;15;12;12;10;11;11;11;14;15.5;0.98;1.0;0.95;14.5;11.6;17.4;基础池;0;PASS;未知;后卫 (左), 中场 (右);后卫 (右左), 翼卫/中场 (右)
37041918;现役;Jaïro Riedewald;荷兰;Sheffield United;英冠;英冠;majority_high;28;182;精准;还行;左脚;后腰;左后卫;中前卫;后腰;1.0;0.95;0.9;60.6;57.6;54.5;£500万 - £820万;5.0;8.2;6.6;45.2;62.8;59.8;62.5;59.8;63.2;62.8;53.2;12;13;8;13;12;8;7;11;9;13;7;11;9;8;14;13;12;13;11;13;14;11;13;10;10;11;11;13;14;13;9;12;12;13;10;8;17.5;1.03;1.0;0.95;17.1;13.7;20.5;基础池;0;PASS;未知;后卫 (左);后卫 (左), 后腰, 中场 (中)
2000067216;现役;Tammer Bany;约旦;West Brom;英冠;英冠;majority_high;21;181;精准;不错;左脚;前腰;;中锋;前腰;1.0;0.95;0.9;59.4;;53.5;£500万 - £800万;5.0;8.0;6.5;54.2;64.0;67.5;35.2;59.0;49.5;57.0;54.0;15;5;8;12;5;7;9;8;11;14;11;13;10;9;11;9;12;10;10;9;13;12;12;13;7;12;13;13;12;8;10;12;10;12;10;14;14.6;1.04;1.0;0.952;14.5;11.6;17.4;基础池;0;PASS;未知;;前腰 (中), 前锋 (中)
92023402;现役;Marvin Ducksch;德国;Birmingham;英冠;英冠;majority_high;30;188;还行;精准;右脚;中锋;前腰;;中锋;1.0;0.95;0.9;62.0;58.9;;£500万 - £800万;5.0;8.0;6.5;70.2;66.3;62.5;38.0;51.5;60.0;62.0;53.5;13;6;15;13;6;7;15;13;14;13;14;12;13;13;13;12;10;11;13;13;11;10;14;13;12;13;10;14;12;7;11;13;11;14;8;13;21.3;1.08;1.0;0.95;21.8;17.4;26.2;轮换池;0;PASS;未知;前腰 (中);前腰 (中), 前锋 (中)
2000015266;现役;Jordan Bos;澳大利亚;Feyenoord;荷甲;荷甲;manual;22;180;精准;不错;左脚;左后卫;;左翼卫;左后卫;1.0;0.95;0.9;60.6;;54.5;£500万 - £800万;5.0;8.0;6.5;52.0;55.2;57.7;61.8;65.0;62.8;58.2;67.5;11;13;6;11;12;13;11;11;11;12;10;12;13;11;12;15;13;11;10;14;11;13;11;10;7;10;16;10;15;12;14;12;13;13;13;12;17.5;0.98;1.0;0.95;16.3;13.0;19.6;基础池;0;PASS;未知;;后卫/翼卫 (左)
53151876;现役;Joshua Kitolano;挪威;Sparta Rotterdam;荷甲;荷甲;majority_high;23;170;还行;精准;右脚;中前卫;;后腰;中前卫;1.0;0.95;0.9;61.4;;55.3;£500万 - £800万;5.0;8.0;6.5;52.2;61.8;65.2;55.0;67.0;60.2;60.0;71.0;13;10;14;13;11;8;8;6;10;13;9;13;10;10;11;16;13;15;5;12;14;13;11;13;11;13;16;11;16;11;14;13;13;13;13;15;19.6;1.02;1.0;0.95;19.0;15.2;22.8;轮换池;0;PASS;未知;;后腰, 中场 (中)
27132918;现役;Anis Ben Slimane;突尼斯;Norwich;英冠;英冠;majority_high;23;188;还行;精准;右脚;前腰;;中前卫;前腰;1.0;0.95;0.9;61.6;;55.4;£500万 - £800万;5.0;8.0;6.5;58.2;66.0;64.5;58.2;53.2;61.7;61.8;57.5;13;12;8;14;11;6;11;11;12;13;11;13;9;8;13;11;10;11;14;13;12;11;12;13;9;13;12;14;13;12;11;11;11;14;12;12;20.2;1.04;1.0;0.95;19.9;15.9;23.9;轮换池;0;PASS;未知;;中场/前腰 (中)
37056187;现役;Sam Lammers;荷兰;FC Twente;荷甲;荷甲;majority_high;27;191;精准;强势;右脚;中锋;右边锋;;中锋;1.0;0.95;0.9;60.2;57.2;;£500万 - £640万;5.0;6.4;5.7;59.3;61.0;62.0;36.5;61.5;64.5;58.2;59.5;14;5;13;12;5;7;12;14;10;8;10;13;12;6;12;13;12;12;14;14;14;12;14;13;8;13;12;14;10;7;15;10;11;13;13;8;16.5;1.08;1.0;0.95;16.9;13.5;20.3;基础池;0;PASS;未知;前腰 (右);前腰 (右), 前锋 (中)
28121305;现役;Lorent Tolaj;瑞士;Plymouth;英甲;英甲;majority_medium;23;183;精准;不错;左脚;中锋;;;中锋;1.0;0.95;0.9;60.6;;;£500万 - £620万;5.0;6.2;5.6;64.5;48.0;53.5;36.8;69.0;70.0;49.5;63.8;10;6;13;9;5;4;13;11;8;11;13;10;6;5;15;15;14;13;12;14;11;14;12;12;7;14;16;11;9;8;15;8;8;11;14;17;17.5;1.08;1.0;0.95;17.9;14.3;21.5;基础池;0;PASS;未知;;前锋 (中)
18089265;现役;Dimitri Lavalée;比利时;SK Sturm Graz;奥甲;奥甲;majority_medium;28;188;精准;还行;左脚;中后卫;左后卫、左翼卫;;中后卫;1.0;0.95;0.9;64.0;60.8;;£500万 - £620万;5.0;6.2;5.6;49.0;57.5;50.7;65.0;63.8;71.0;60.0;65.0;11;13;7;14;12;13;9;13;9;12;9;8;8;8;14;15;13;14;14;14;12;12;14;7;12;9;12;9;14;13;14;11;14;13;14;6;27.6;1.0;1.0;0.95;26.3;21.0;31.6;主力池;0;PASS;未知;后卫/翼卫 (左);后卫 (左中), 翼卫 (左)
653054;现役;Luka Modrić;克罗地亚;AC Milan;意甲;意甲;manual;39;172;还行;精准;右脚;中前卫、前腰;;后腰;中前卫;1.0;0.95;0.9;76.8;;69.1;£490万 - £780万;4.9;7.8;6.35;68.7;92.3;85.2;59.0;57.7;55.0;85.8;77.8;19;9;14;18;8;4;13;7;13;20;11;16;15;16;8;11;11;16;6;14;13;12;16;15;16;16;14;19;16;15;17;18;18;18;14;12;99.7;1.02;1.0;0.95;96.6;77.3;115.9;球星池;0;PASS;中场 (中);前腰 (中);后腰, 中场/前腰 (中)
2000223688;现役;Rayan Atikallah;荷兰;AZ;荷甲;荷甲;majority_high;18;185;还行;精准;右脚;中后卫;;;中后卫;1.0;0.95;0.9;60.8;;;£490万 - £780万;4.9;7.8;6.35;34.8;57.8;57.0;63.5;59.0;60.2;58.8;66.8;12;13;8;12;13;8;6;12;6;12;5;11;5;5;12;11;12;12;13;12;11;12;12;10;13;6;12;12;13;13;16;11;11;12;13;13;18.0;1.0;1.0;0.95;17.1;13.7;20.5;基础池;0;PASS;未知;;后卫 (中)
24048099;现役;Borna Sosa;克罗地亚;Crystal Palace;英超;英超;manual;26;186;精准;还行;左脚;左边前卫;;左后卫、左翼卫;左边前卫;1.0;0.95;0.9;60.8;;54.7;£490万 - £640万;4.9;6.4;5.65;48.5;66.5;67.2;54.8;64.5;59.2;56.5;58.2;14;12;12;13;10;14;11;8;13;14;6;13;15;14;11;13;13;11;12;13;12;13;11;14;10;13;10;14;14;11;13;10;10;11;11;13;18.0;1.01;1.0;0.95;17.3;13.8;20.8;基础池;0;PASS;未知;;后卫/翼卫/中场 (左)
2000164947;现役;Riku Yamane;日本;Yokohama F･M;J1;J1;majority_high;21;174;欠佳;精准;右脚;后腰;右翼卫、中前卫;;后腰;1.0;0.95;0.9;65.1;61.8;;£480万 - £620万;4.8;6.2;5.5;46.8;73.8;66.5;60.8;60.2;60.7;70.0;70.0;14;12;10;16;11;8;8;10;10;13;7;12;12;10;9;15;9;14;8;16;16;14;15;12;13;9;15;15;15;12;15;14;13;15;12;12;31.6;1.03;1.0;0.95;30.9;24.7;37.1;主力池;0;PASS;后腰;翼卫 (右), 中场 (中);翼卫 (右), 后腰, 中场 (中)
18083967;现役;Casper De Norre;比利时;Millwall;英冠;英冠;majority_high;27;175;欠佳;精准;右脚;中前卫;;后腰;中前卫;1.0;0.95;0.9;64.0;;57.6;£480万 - £620万;4.8;6.2;5.5;56.2;71.2;66.2;59.3;60.0;54.8;67.0;63.2;15;12;10;15;11;5;9;7;9;14;9;12;13;12;9;13;12;14;8;12;11;12;14;14;12;14;14;14;13;12;14;12;12;16;10;10;27.6;1.02;1.0;0.95;26.8;21.4;32.2;主力池;0;PASS;未知;;后腰, 中场 (中)
43500895;现役;Mattia Zanotti;意大利;Lugano;瑞士超;瑞士超;majority_high;22;177;不错;精准;右脚;右后卫;;右翼卫、右边前卫;右后卫;1.0;0.95;0.9;62.5;;56.3;£480万 - £620万;4.8;6.2;5.5;46.2;62.0;62.5;61.8;68.2;58.0;63.5;70.0;13;13;6;12;11;13;6;8;5;13;7;12;13;7;9;15;14;14;6;13;13;13;14;11;11;13;15;12;14;12;15;13;12;13;14;15;22.8;0.98;1.0;0.95;21.2;17.0;25.4;轮换池;0;PASS;未知;;后卫/翼卫/中场 (右)
91167594;现役;Phil Neumann;德国;Birmingham;英冠;英冠;majority_high;27;192;欠佳;精准;右脚;中后卫;右后卫;;中后卫;1.0;0.95;0.9;63.6;60.4;;£470万 - £740万;4.7;7.4;6.05;40.5;54.8;55.2;61.2;68.5;73.8;56.2;69.8;11;13;6;11;12;12;8;13;3;11;6;11;10;3;15;13;15;16;16;14;11;13;12;10;13;9;13;11;12;11;16;11;12;11;15;16;26.3;1.0;1.0;0.95;25.0;20.0;30.0;主力池;0;PASS;未知;后卫 (右);后卫 (右中)
28109689;现役;Rhian Brewster;英格兰;Derby;英冠;英冠;majority_high;24;178;还行;精准;右脚;中锋;;;中锋;1.0;0.95;0.9;62.1;;;£460万 - £900万;4.6;9.0;6.8;65.3;59.0;65.8;43.5;66.8;56.2;54.8;62.0;14;8;13;11;8;15;12;10;12;12;14;13;11;7;9;11;14;12;9;15;14;13;13;12;8;13;11;12;11;7;16;11;9;12;14;15;21.6;1.08;1.0;0.95;22.1;17.7;26.5;轮换池;0;PASS;未知;;前锋 (中)
13136621;现役;Kelechi Iheanacho;尼日利亚;Celtic;苏超;苏超;majority_high;28;185;精准;还行;左脚;中锋;;;中锋;1.0;0.95;0.9;63.3;;;£460万 - £900万;4.6;9.0;6.8;67.5;61.2;64.5;35.8;66.2;65.2;56.0;54.0;13;6;14;13;5;5;13;13;7;12;14;14;7;6;15;12;14;13;12;13;12;13;11;12;6;14;10;12;11;6;12;12;12;14;12;11;25.3;1.08;1.0;0.95;26.0;20.8;31.2;主力池;0;PASS;未知;;前锋 (中)
2000038244;现役;Ahmetcan Kaplan;土耳其;N.E.C.;荷甲;荷甲;majority_high;22;189;精准;欠佳;左脚;中后卫;;;中后卫;1.0;0.95;0.9;63.9;;;£460万 - £740万;4.6;7.4;6.0;37.2;53.5;48.2;66.5;60.8;68.5;62.5;71.0;10;13;7;12;14;8;4;15;5;9;6;10;6;4;14;13;12;11;14;15;9;13;12;7;11;7;14;10;15;13;16;13;13;16;16;7;27.3;1.0;1.0;0.95;25.9;20.7;31.1;主力池;0;PASS;未知;;后卫 (中)
2000199278;现役;Nazjir Held;库拉索;RKC Waalwijk;荷乙;荷乙;majority_high;19;178;精准;欠佳;左脚;左后卫;;左翼卫;左后卫;1.0;0.95;0.9;56.4;;50.8;£460万 - £720万;4.6;7.2;5.9;40.2;53.8;52.8;56.0;68.0;60.0;51.8;54.0;11;12;10;11;11;10;8;12;4;11;7;8;11;7;12;11;13;16;10;12;14;15;10;12;7;8;11;10;13;12;12;11;9;9;11;8;8.8;0.98;1.0;0.978;8.5;6.8;10.2;基础池;0;PASS;未知;;后卫/翼卫 (左)
13200569;现役;Ibrahim Sadiq;加纳;AZ;荷甲;荷甲;majority_high;24;167;欠佳;精准;右脚;左边锋;前腰;右边锋、中锋;左边锋;1.0;0.95;0.9;59.9;56.9;53.9;£450万 - £880万;4.5;8.8;6.65;61.5;54.8;62.0;37.0;72.0;53.0;50.2;57.5;12;7;11;11;4;7;11;13;9;12;13;12;11;9;9;11;14;11;10;12;14;16;11;14;6;14;13;11;11;7;12;8;12;11;12;13;15.8;1.05;1.0;0.95;15.7;12.6;18.8;基础池;0;PASS;未知;前腰 (中);前腰 (右左中), 前锋 (中)
53166936;现役;Aune Heggebø;挪威;West Brom;英冠;英冠;majority_high;23;185;精准;欠佳;左脚;中锋;;;中锋;1.0;0.95;0.9;64.1;;;£450万 - £720万;4.5;7.2;5.85;68.5;54.5;54.5;50.0;58.8;74.8;65.3;72.2;12;8;12;11;6;3;11;15;6;11;14;10;7;3;15;15;12;15;15;14;10;11;14;10;8;15;15;10;13;13;17;13;13;16;16;15;28.0;1.08;1.0;0.95;28.7;23.0;34.4;主力池;0;PASS;未知;;前锋 (中)
19159362;现役;Fred;巴西;Fenerbahçe;土超;土超;manual;31;169;精准;不错;左脚;前腰;中前卫;后腰;前腰;1.0;0.95;0.9;63.8;60.6;57.4;£450万 - £720万;4.5;7.2;5.85;57.0;66.5;70.8;60.8;62.7;58.2;61.0;60.5;15;13;10;13;11;7;13;10;12;14;8;13;10;10;11;12;9;12;6;16;17;16;13;12;12;15;11;14;12;12;12;11;11;12;14;14;27.0;1.04;1.0;0.95;26.6;21.3;31.9;主力池;0;PASS;未知;中场/前腰 (中);后腰, 中场/前腰 (中)
37076224;现役;Camiel Neghli;阿尔及利亚;Millwall;英冠;英冠;majority_high;23;179;精准;还行;左脚;前腰;左边前卫、右边前卫;中前卫、左边锋、右边锋;前腰;1.0;0.95;0.9;59.7;56.7;53.7;£450万 - £720万;4.5;7.2;5.85;61.0;61.0;63.0;41.2;60.5;54.2;57.2;59.2;14;7;13;11;7;5;13;8;13;12;13;12;12;13;10;12;12;12;9;12;13;12;12;12;6;10;13;13;14;8;13;12;11;12;10;14;15.3;1.04;1.0;0.95;15.1;12.1;18.1;基础池;0;PASS;未知;中场 (右左);中场/前腰 (右左中)
23248112;现役;Mohamed Kanno;沙特阿拉伯;Al-Hilal;沙特联;沙特联;manual;30;192;欠佳;精准;右脚;中前卫;;后腰;中前卫;1.0;0.95;0.9;64.3;;57.9;£450万 - £720万;4.5;7.2;5.85;57.5;69.5;61.0;60.8;64.0;62.8;67.0;64.8;15;13;11;14;10;8;13;12;9;12;9;12;10;9;14;12;15;12;16;9;10;11;14;10;13;12;13;15;17;13;12;13;12;14;11;13;28.7;1.02;1.0;0.95;27.8;22.2;33.4;主力池;0;PASS;未知;;后腰, 中场 (中)
2000181028;现役;Elijah Dijkstra;荷兰;AZ;荷甲;荷甲;majority_high;18;171;不错;精准;右脚;左翼卫;;左后卫、右后卫、右翼卫;左翼卫;1.0;0.95;0.9;57.0;;51.3;£440万 - £700万;4.4;7.0;5.7;46.0;49.8;58.2;52.7;72.5;55.8;48.0;66.8;11;12;10;10;9;13;7;6;5;11;8;12;11;6;9;12;15;14;8;12;13;15;11;12;8;13;15;9;12;9;15;9;11;8;14;16;9.8;1.0;1.0;0.968;9.5;7.6;11.4;基础池;0;PASS;未知;;后卫/翼卫 (右左)
37060947;现役;Shurandy Sambo;库拉索;Sparta Rotterdam;荷甲;荷甲;majority_high;23;174;欠佳;精准;右脚;右后卫;中后卫;右翼卫;右后卫;1.0;0.95;0.9;59.9;56.9;53.9;£440万 - £560万;4.4;5.6;5.0;41.5;57.2;59.0;59.0;70.0;60.8;56.8;62.5;13;12;11;12;11;10;5;7;8;11;7;11;12;10;10;14;14;14;12;11;14;14;11;11;12;10;14;10;13;12;11;11;13;12;13;11;15.8;0.98;1.0;0.95;14.7;11.8;17.6;基础池;0;PASS;未知;后卫 (中);后卫 (右中), 翼卫 (右)
2000184217;现役;Joel Ndala;英格兰;Sheffield Wednesday;英冠;英冠;majority_high;18;178;欠佳;精准;右脚;左边锋;右边前卫、右边锋;左边前卫;左边锋;1.0;0.95;0.9;56.9;54.1;51.2;£430万 - £860万;4.3;8.6;6.45;55.2;50.8;64.2;24.5;74.8;43.5;45.0;42.7;12;3;8;10;4;11;10;7;11;10;11;15;11;8;8;10;16;9;8;9;15;15;11;14;2;13;9;10;9;3;11;8;9;11;8;7;9.7;1.05;1.0;0.978;9.9;7.9;11.9;基础池;0;PASS;未知;中场/前腰 (右);中场/前腰 (右左)
23439033;现役;Homam Ahmed;卡塔尔;Leonesa;西乙;西乙;majority_medium;25;188;精准;还行;左脚;左翼卫;;左后卫;左翼卫;1.0;0.95;0.9;58.1;;52.3;£430万 - £840万;4.3;8.4;6.35;48.3;59.2;60.0;50.5;64.5;60.7;57.5;58.0;13;10;11;12;9;13;8;11;7;12;8;12;11;8;13;12;14;12;13;11;12;12;12;10;8;11;13;11;13;10;12;12;11;13;11;10;11.9;1.0;1.0;0.963;11.4;9.1;13.7;基础池;0;PASS;未知;翼卫 (左);后卫/翼卫 (左)
96075512;现役;Krystian Bielik;波兰;West Brom;英冠;英冠;majority_high;27;189;还行;精准;右脚;中后卫;中前卫;后腰;中后卫;1.0;0.95;0.9;64.3;61.1;57.9;£430万 - £700万;4.3;7.0;5.65;40.0;63.3;59.8;66.5;44.8;68.2;62.8;69.5;14;14;8;14;13;6;7;14;7;13;6;12;6;4;14;12;9;15;15;13;9;8;13;7;15;7;14;11;14;13;14;13;13;14;13;15;28.7;1.0;1.0;0.95;27.3;21.8;32.8;主力池;0;PASS;未知;中场 (中);后卫 (中), 后腰, 中场 (中)
2000181850;现役;Yu Hirakawa;日本;Hull;英冠;英冠;majority_high;24;171;不错;精准;右脚;前腰;;左边锋、右边锋;前腰;1.0;0.95;0.9;60.3;;54.3;£430万 - £680万;4.3;6.8;5.55;52.0;65.0;69.0;41.8;69.0;41.0;56.5;52.5;14;10;9;13;7;5;4;7;9;12;11;15;11;6;8;11;14;11;5;8;15;14;12;15;5;14;14;14;7;6;16;11;10;13;4;11;16.7;1.04;1.0;0.95;16.5;13.2;19.8;基础池;0;PASS;未知;前腰 (中);前腰 (右左中)
28084927;现役;Chuba Akpom;英格兰;Ipswich;英冠;英冠;majority_high;29;183;欠佳;精准;右脚;中锋;;前腰;中锋;1.0;0.95;0.9;63.9;;57.5;£430万 - £560万;4.3;5.6;4.95;62.0;61.0;61.8;34.8;76.2;70.0;55.5;63.5;14;5;10;12;5;4;8;11;7;12;14;10;9;6;14;14;16;14;13;15;14;15;13;13;8;14;14;13;13;5;13;10;12;13;14;12;27.3;1.08;1.0;0.95;28.0;22.4;33.6;主力池;0;PASS;未知;;前腰 (中), 前锋 (中)
37058361;现役;Tahith Chong;库拉索;Sheffield United;英冠;英冠;majority_high;25;185;精准;欠佳;左脚;左边锋;右边锋;前腰;左边锋;1.0;0.95;0.9;61.0;57.9;54.9;£420万 - £820万;4.2;8.2;6.2;55.2;59.2;66.5;29.5;77.5;57.7;47.5;52.2;13;5;8;12;3;4;11;6;10;13;11;13;12;9;8;13;16;16;12;11;14;16;11;16;4;13;11;12;9;5;13;8;10;9;11;12;18.5;1.05;1.0;0.95;18.5;14.8;22.2;轮换池;0;PASS;未知;前腰 (右左);前腰 (右左中)
28058228;现役;Tyias Browning;中国;SH Port;中超;中超;majority_high;30;185;欠佳;精准;右脚;中后卫;右后卫;;中后卫;1.0;0.95;0.9;59.1;56.1;;£420万 - £680万;4.2;6.8;5.5;37.0;39.0;36.8;61.8;65.2;68.8;56.0;61.5;6;13;5;8;12;10;6;12;5;7;5;7;7;5;15;12;14;15;14;13;10;13;12;7;10;9;13;7;13;12;12;13;12;12;13;12;13.9;1.0;1.0;0.95;13.2;10.6;15.8;基础池;0;PASS;后卫 (中);后卫 (右);后卫 (右中)
67117360;现役;Álvaro Morata;西班牙;Como;意甲;意甲;majority_medium;32;189;不错;精准;右脚;中锋;;;中锋;1.0;0.95;0.9;67.0;;;£410万 - £640万;4.1;6.4;5.25;69.2;70.5;68.0;46.5;61.0;67.0;65.8;73.5;16;9;15;14;6;7;14;14;9;15;14;12;11;5;15;13;14;13;14;12;11;10;14;13;14;13;16;13;17;9;15;15;13;14;12;14;39.4;1.08;1.0;0.95;40.4;32.3;48.5;强援池;0;PASS;未知;;前锋 (中)
93122991;现役;Melker Widell;瑞典;Swansea;英冠;英冠;majority_high;22;181;还行;精准;右脚;左边锋;右边锋;中前卫、前腰;左边锋;1.0;0.95;0.9;60.6;57.6;54.5;£410万 - £540万;4.1;5.4;4.75;53.0;62.5;64.5;46.8;66.5;58.0;54.0;71.0;13;8;8;13;9;4;12;6;10;12;10;13;11;11;9;15;13;12;10;11;14;13;11;14;15;11;15;13;14;9;15;10;11;10;14;13;17.5;1.05;1.0;0.95;17.4;13.9;20.9;基础池;0;PASS;未知;前腰 (右左);中场 (中), 前腰 (右左中)
2000071150;现役;Stije Resink;荷兰;FC Groningen;荷甲;荷甲;majority_high;21;186;还行;精准;右脚;中前卫;;后腰、前腰;中前卫;1.0;0.95;0.9;61.1;;55.0;£400万 - £640万;4.0;6.4;5.2;50.2;62.0;62.5;54.2;62.0;63.5;61.8;72.8;13;11;14;11;9;4;7;12;13;13;9;12;10;11;12;14;12;13;12;13;14;12;12;10;15;12;15;14;14;11;17;13;13;12;12;12;18.8;1.02;1.0;0.95;18.2;14.6;21.8;轮换池;0;PASS;未知;;后腰, 中场/前腰 (中)
71068795;现役;Roman Yaremchuk;乌克兰;Olympique Lyonnais;法甲;法甲;manual;29;191;还行;精准;右脚;中锋;;;中锋;1.0;0.95;0.9;62.4;;;£400万 - £520万;4.0;5.2;4.6;66.0;64.5;63.0;37.0;62.2;64.5;58.2;53.5;15;6;10;13;5;6;12;13;7;14;14;12;10;5;16;12;14;12;15;9;11;11;13;9;7;13;11;12;12;7;11;12;11;15;11;10;22.5;1.08;1.0;0.95;23.1;18.5;27.7;轮换池;0;PASS;未知;;前锋 (中)
45111410;现役;Yuki Ohashi;日本;Blackburn;英冠;英冠;majority_high;28;181;不错;精准;右脚;中锋;前腰、左边锋;;中锋;1.0;0.95;0.9;60.3;57.3;;£390万 - £620万;3.9;6.2;5.05;60.2;54.2;60.5;49.5;61.0;66.2;57.2;64.8;13;10;13;11;7;3;10;12;7;12;12;12;10;7;12;15;12;18;12;11;11;12;13;12;6;13;17;9;17;11;12;11;11;13;11;13;16.7;1.08;1.0;0.95;17.2;13.8;20.6;基础池;0;PASS;未知;前腰 (左中);前腰 (左中), 前锋 (中)
29076103;现役;Calum Chambers;英格兰;Cardiff;英甲;英甲;majority_high;30;182;欠佳;精准;右脚;中后卫;;后腰;中后卫;1.0;0.95;0.9;62.2;;56.0;£390万 - £500万;3.9;5.0;4.45;49.0;61.0;60.0;65.2;60.5;60.2;59.8;66.0;13;14;7;13;13;12;10;13;7;13;9;11;9;6;12;12;12;13;9;13;13;12;11;9;11;9;14;11;14;13;13;12;12;14;14;13;21.9;1.0;1.0;0.95;20.8;16.6;25.0;轮换池;0;PASS;未知;;后卫 (中), 后腰
24057535;现役;Toni Fruk;克罗地亚;Rijeka;克甲;克甲;majority_medium;23;178;还行;精准;右脚;前腰;中前卫、中锋;;前腰;1.0;0.95;0.9;65.7;62.4;;£390万 - £500万;3.9;5.0;4.45;72.0;72.8;73.0;34.2;55.8;55.2;60.2;55.5;15;6;11;15;4;3;13;9;13;15;15;14;14;14;10;13;10;12;8;15;15;11;14;14;6;16;12;15;12;6;15;11;11;14;7;8;33.9;1.04;1.0;0.95;33.5;26.8;40.2;主力池;0;PASS;未知;中场 (中), 前锋 (中);中场/前腰 (中), 前锋 (中)
53175544;现役;Oliver Edvardsen;挪威;Ajax;荷甲;荷甲;manual;25;175;还行;精准;右脚;左边锋;右边前卫;左边前卫、右边锋;左边锋;1.0;0.95;0.9;62.0;58.9;55.8;£380万 - £600万;3.8;6.0;4.9;51.8;57.2;69.2;41.2;71.0;63.8;54.0;70.8;12;7;8;11;7;6;8;8;8;12;11;15;10;7;12;14;14;14;10;13;16;14;11;17;7;12;15;12;13;7;18;11;12;10;14;14;21.3;1.05;1.0;0.95;21.2;17.0;25.4;轮换池;0;PASS;未知;中场 (右);中场/前腰 (右左)
33027508;现役;Joel Pohjanpalo;芬兰;Palermo;意乙;意乙;majority_high;30;186;不错;精准;右脚;中锋;;;中锋;1.0;0.95;0.9;64.0;;;£370万 - £600万;3.7;6.0;4.85;71.0;62.5;60.2;37.5;53.8;67.8;62.7;70.5;12;6;13;14;4;4;10;15;9;13;15;12;4;4;15;12;11;12;13;15;11;10;15;10;13;16;14;12;14;5;15;13;15;16;14;11;27.6;1.08;1.0;0.95;28.4;22.7;34.1;主力池;0;PASS;未知;;前锋 (中)
85086702;现役;Anthony Martial;法国;Monterrey;墨超;墨超;majority_high;29;184;不错;精准;右脚;左边锋;;中锋;左边锋;1.0;0.95;0.9;64.9;;58.4;£370万 - £600万;3.7;6.0;4.85;66.8;65.5;77.0;31.5;70.0;57.5;55.0;39.0;16;5;15;14;5;3;13;10;8;16;14;15;10;8;13;13;14;10;9;14;15;14;13;15;6;12;7;10;12;5;7;12;9;14;7;6;30.9;1.05;1.0;0.95;30.8;24.6;37.0;主力池;0;PASS;未知;;前腰 (左), 前锋 (中)
26038808;现役;Musa Al-Tamari;约旦;Rennes;法甲;法甲;majority_high;27;178;精准;欠佳;左脚;左边锋;右边前卫;右边锋;左边锋;1.0;0.95;0.9;62.6;59.5;56.3;£370万 - £600万;3.7;6.0;4.85;58.0;53.5;69.5;35.0;81.2;51.0;51.0;58.5;13;5;6;10;6;6;12;7;6;13;12;16;9;6;8;15;17;12;7;9;15;16;12;13;5;12;15;10;15;6;12;10;11;11;10;7;23.1;1.05;1.0;0.95;23.0;18.4;27.6;轮换池;0;PASS;未知;中场 (右), 前腰 (左);中场 (右), 前腰 (右左)
93069729;现役;Jens Cajuste;瑞典;Ipswich;英冠;英冠;majority_high;25;188;还行;精准;右脚;后腰;;中前卫;后腰;1.0;0.95;0.9;64.0;;57.6;£350万 - £720万;3.5;7.2;5.35;49.0;63.0;66.5;62.5;66.8;68.5;62.2;66.3;13;14;8;13;12;15;9;12;11;13;8;14;10;10;15;13;14;12;14;15;12;13;12;13;8;11;15;12;15;12;14;13;11;14;12;16;27.6;1.03;1.0;0.95;27.1;21.7;32.5;主力池;0;PASS;未知;;后腰, 中场 (中)
37020720;现役;Joris van Overeem;荷兰;sc Heerenveen;荷甲;荷甲;majority_high;30;181;还行;精准;右脚;中前卫;前腰;后腰;中前卫;1.0;0.95;0.9;61.7;58.6;55.5;£350万 - £560万;3.5;5.6;4.55;44.5;67.5;62.0;55.5;58.0;61.0;65.8;67.8;12;10;10;14;9;5;6;8;9;12;6;14;11;10;11;15;11;12;9;12;13;11;14;9;9;12;15;15;15;12;13;13;13;13;15;12;20.4;1.02;1.0;0.95;19.8;15.8;23.8;轮换池;0;PASS;未知;前腰 (中);后腰, 中场/前腰 (中)
61063289;现役;Ryan Hardie;苏格兰;Huddersfield;英甲;英甲;majority_high;27;188;不错;精准;右脚;中锋;;;中锋;1.0;0.95;0.9;59.4;;;£340万 - £700万;3.4;7.0;5.2;60.0;50.2;55.2;41.2;73.0;58.5;54.0;60.2;11;7;16;9;7;5;10;10;8;11;12;10;8;6;10;14;16;14;10;12;11;14;13;14;8;13;18;11;8;8;14;10;10;11;10;9;14.6;1.08;1.0;0.95;15.0;12.0;18.0;基础池;0;PASS;未知;;前锋 (中)
2000290285;现役;Artem Stepanov;乌克兰;FC Utrecht;荷甲;荷甲;majority_high;17;192;欠佳;精准;右脚;中锋;;;中锋;1.0;0.95;0.9;56.8;;;£340万 - £680万;3.4;6.8;5.1;57.0;48.2;58.5;33.0;64.5;70.5;41.8;53.8;12;6;14;10;5;8;11;12;8;12;12;11;7;4;15;13;14;13;16;14;11;12;11;12;7;12;12;8;10;5;11;8;8;8;13;13;9.5;1.08;1.0;0.963;9.9;7.9;11.9;基础池;0;PASS;未知;;前锋 (中)
28062309;现役;Callum Robinson;爱尔兰;Cardiff;英甲;英甲;majority_high;29;181;欠佳;精准;右脚;前腰;;中锋;前腰;1.0;0.95;0.9;61.0;;54.9;£330万 - £680万;3.3;6.8;5.05;61.5;62.0;63.0;46.5;61.0;57.3;60.5;60.2;13;8;11;12;7;6;10;10;9;12;13;12;12;10;11;12;12;12;11;13;14;12;12;13;10;14;14;13;15;12;12;12;11;12;9;11;18.5;1.04;1.0;0.95;18.3;14.6;22.0;轮换池;0;PASS;未知;前腰 (中);前腰 (中), 前锋 (中)
29160165;现役;Jacob Brown;苏格兰;Portsmouth;英冠;英冠;majority_high;26;184;欠佳;精准;右脚;中锋;;右边锋;中锋;1.0;0.95;0.9;57.9;;52.1;£330万 - £680万;3.3;6.8;5.05;53.0;48.0;57.5;45.5;65.0;68.2;53.2;69.8;11;8;12;8;6;7;10;11;8;11;10;12;11;8;13;15;13;14;13;13;11;13;11;12;6;12;17;10;15;11;15;10;12;10;14;13;11.5;1.08;1.0;0.952;11.8;9.4;14.2;基础池;0;PASS;未知;;前腰 (右), 前锋 (中)
63028929;现役;Wesley Moraes;巴西;Peng City;中超;中超;majority_high;28;191;还行;精准;右脚;中锋;;;中锋;1.0;0.95;0.9;59.7;;;£320万 - £660万;3.2;6.6;4.9;62.5;59.0;54.8;45.2;58.3;61.8;59.5;63.5;12;7;14;12;8;10;10;13;10;12;12;9;8;9;16;12;13;4;16;11;11;10;14;12;10;15;13;12;14;8;12;12;13;12;13;15;15.3;1.08;1.0;0.95;15.7;12.6;18.8;基础池;0;PASS;前锋 (中);;前锋 (中)
19303820;现役;Lucas Rosa;巴西;Ajax;荷甲;荷甲;manual;24;176;不错;精准;右脚;左后卫;左翼卫、右边前卫;右后卫、右翼卫;左后卫;1.0;0.95;0.9;60.2;57.2;54.2;£320万 - £520万;3.2;5.2;4.2;45.5;55.2;60.2;63.2;67.2;60.2;55.5;63.2;13;14;7;11;13;11;7;8;7;10;7;13;13;8;12;13;14;13;10;12;13;13;12;10;8;13;14;10;13;11;14;11;12;11;12;12;16.5;0.98;1.0;0.95;15.3;12.2;18.4;基础池;0;PASS;未知;后卫/翼卫 (左), 中场 (右);后卫/翼卫 (右左), 中场 (右)
88025225;现役;Matthew Garbett;新西兰;Peterborough;英甲;英甲;majority_high;22;188;还行;精准;右脚;右边锋;;中前卫、前腰、右边前卫;右边锋;1.0;0.95;0.9;58.6;;52.7;£310万 - £640万;3.1;6.4;4.75;55.2;61.8;59.2;34.5;63.8;62.0;55.2;56.8;12;5;9;14;5;8;11;11;13;12;10;11;7;11;10;14;13;13;14;13;13;12;12;12;9;12;12;12;14;6;11;11;12;13;11;7;12.9;1.05;1.0;0.95;12.8;10.2;15.4;基础池;0;PASS;未知;前腰 (右);中场/前腰 (右中)
45096169;现役;Tetsushi Yamakawa;日本;Kobe;J1;J1;majority_high;27;186;欠佳;精准;右脚;中后卫;;;中后卫;1.0;0.95;0.9;66.5;;;£310万 - £640万;3.1;6.4;4.75;38.0;48.5;42.7;74.8;65.5;70.2;64.2;68.8;9;16;2;10;14;8;7;12;6;10;6;7;6;3;15;14;15;15;15;10;11;11;14;6;12;6;11;9;16;16;15;13;13;14;15;13;37.2;1.0;1.0;0.95;35.4;28.3;42.5;主力池;0;PASS;后卫 (中);;后卫 (中)
45114005;现役;Mao Hosoya;日本;Kashiwa;J1;J1;majority_high;23;178;欠佳;精准;右脚;中锋;;;中锋;1.0;0.95;0.9;67.5;;;£310万 - £640万;3.1;6.4;4.75;64.5;64.8;67.2;45.8;81.7;66.0;62.0;70.0;14;7;11;13;7;6;12;10;10;13;13;12;11;7;11;16;16;14;10;15;16;17;14;14;8;14;16;13;14;9;15;12;14;12;14;13;41.6;1.08;1.0;0.95;42.7;34.2;51.2;强援池;0;PASS;前锋 (中);;前锋 (中)
98033505;现役;Kwadwo Duah;瑞士;Ludogorets;保加利亚甲;保加利亚甲;manual;27;185;还行;精准;右脚;中锋;;;中锋;1.0;0.95;0.9;61.9;;;£310万 - £640万;3.1;6.4;4.75;65.0;51.7;62.5;31.2;77.2;61.8;51.2;49.8;13;5;14;10;4;6;11;12;13;12;14;12;9;7;14;11;16;12;12;13;12;17;13;14;7;13;10;9;10;5;11;10;9;13;11;9;21.0;1.08;1.0;0.95;21.6;17.3;25.9;轮换池;0;PASS;未知;;前锋 (中)
19251417;现役;Mateus Vital;巴西;SH Port;中超;中超;majority_high;26;175;不错;精准;右脚;左边锋;后腰、中前卫、前腰、左边前卫、右边前卫、右边锋;;左边锋;1.0;0.95;0.9;61.5;58.4;;£300万 - £620万;3.0;6.2;4.6;61.2;66.5;69.2;36.8;64.0;53.8;56.5;45.8;15;6;14;13;5;4;13;9;13;14;11;14;12;12;10;11;13;14;9;12;13;13;13;12;8;13;10;14;10;8;9;10;10;12;8;8;19.9;1.05;1.0;0.95;19.8;15.8;23.8;轮换池;0;PASS;前腰 (左);后腰, 中场 (右左中), 前腰 (右中);后腰, 中场/前腰 (右左中)
53165677;现役;Lasse Nordås;挪威;sc Heerenveen;荷甲;荷甲;majority_high;22;194;精准;欠佳;左脚;中锋;;;中锋;1.0;0.95;0.9;59.0;;;£300万 - £620万;3.0;6.2;4.6;59.2;53.8;59.0;46.0;56.5;70.2;55.0;61.0;12;8;12;10;8;8;11;12;10;12;13;11;8;8;13;14;11;12;18;14;11;11;12;13;8;11;13;11;13;9;13;11;11;11;14;8;13.7;1.08;1.0;0.95;14.1;11.3;16.9;基础池;0;PASS;未知;;前锋 (中)
59006269;现役;Henrikh Mkhitaryan;亚美尼亚;Inter Milan;意甲;意甲;manual;35;177;强势;精准;左脚;中前卫;后腰;;中前卫;1.0;0.95;0.9;70.2;66.7;;£300万 - £620万;3.0;6.2;4.6;69.0;76.5;71.3;62.3;66.0;62.2;72.5;71.7;16;13;13;16;10;5;13;10;11;16;13;12;12;11;10;14;13;18;8;13;14;13;16;14;12;15;13;14;15;12;17;16;14;14;13;14;55.1;1.02;1.0;0.95;53.4;42.7;64.1;强援池;0;PASS;未知;后腰;后腰, 中场 (中)
45100977;现役;Yuki Kakita;日本;Kashiwa;J1;J1;majority_high;27;187;欠佳;精准;右脚;中锋;;;中锋;1.0;0.95;0.9;65.3;;;£300万 - £620万;3.0;6.2;4.6;65.5;63.2;62.8;55.2;71.0;67.8;58.2;70.5;13;11;11;13;11;11;11;12;10;13;15;13;13;7;13;16;15;13;13;12;13;13;13;9;9;13;17;12;16;8;13;12;14;12;14;13;32.4;1.08;1.0;0.95;33.2;26.6;39.8;主力池;0;PASS;前锋 (中);;前锋 (中)
33062261;现役;Albion Ademi;阿尔巴尼亚;Peng City;中超;中超;majority_high;25;173;不错;精准;右脚;左边锋;左边前卫、右边前卫、右边锋;;左边锋;1.0;0.95;0.9;60.4;57.4;;£300万 - £620万;3.0;6.2;4.6;58.0;57.2;64.0;39.0;69.8;56.0;54.8;56.0;13;6;12;11;6;7;10;8;10;12;12;13;12;11;11;10;14;13;9;13;14;15;12;12;5;12;12;11;10;8;13;11;11;12;12;13;17.0;1.05;1.0;0.95;16.9;13.5;20.3;基础池;0;PASS;前腰 (左);中场 (右左), 前腰 (右);中场/前腰 (右左)
29030379;现役;Danny Ings;英格兰;Sheffield United;英冠;英冠;majority_high;32;178;还行;精准;右脚;中锋;;;中锋;1.0;0.95;0.9;64.3;;;非卖品;;;;65.8;66.8;66.5;53.5;59.5;59.5;63.2;77.2;15;11;13;13;8;3;12;13;10;13;14;12;11;4;13;10;12;13;9;13;13;12;13;14;14;13;15;14;16;10;18;12;14;13;14;13;28.7;1.08;1.0;1.0;31.0;24.8;37.2;主力池;0;PASS;未知;;前锋 (中)
29036189;现役;Lewis Dunk;英格兰;Brighton;英超;英超;manual;33;192;还行;精准;右脚;中后卫;;;中后卫;1.0;0.95;0.9;70.6;;;非卖品;;;;40.0;66.7;54.2;77.2;57.0;69.5;74.0;74.8;13;16;10;14;14;6;5;13;9;13;6;9;7;5;14;15;12;13;15;10;10;10;15;8;16;7;14;13;15;16;14;16;16;15;17;13;57.3;1.0;1.0;1.0;57.3;45.8;68.8;强援池;0;PASS;未知;;后卫 (中)
29036830;现役;Sam Morsy;埃及;Bristol City;英冠;英冠;majority_high;33;175;欠佳;精准;右脚;后腰;;中前卫;后腰;1.0;0.95;0.9;67.0;;60.3;非卖品;;;;52.0;66.0;63.5;69.2;59.2;69.5;63.0;79.0;13;16;5;14;13;9;10;12;10;15;9;13;11;6;15;15;11;15;7;15;12;12;14;6;18;11;15;12;14;12;18;13;12;14;16;16;39.4;1.03;1.0;1.0;40.5;32.4;48.6;强援池;0;PASS;未知;;后腰, 中场 (中)
57050464;现役;Nicolae Stanciu;罗马尼亚;DL Yingbo;中超;中超;majority_high;31;173;还行;精准;右脚;前腰;中前卫、左边锋;;前腰;1.0;0.95;0.9;67.2;63.8;;非卖品;;;;69.0;76.0;71.0;45.2;52.0;55.5;68.5;59.8;16;7;13;16;7;5;15;6;15;15;13;13;11;14;10;11;10;15;7;14;13;10;14;13;12;13;12;15;14;10;12;14;13;16;10;9;40.2;1.04;1.0;1.0;41.9;33.5;50.3;强援池;0;PASS;前腰 (中);中场 (中), 前腰 (左);中场 (中), 前腰 (左中)
29041284;现役;Josip Iličič;斯洛文尼亚;Koper;斯甲联赛;斯甲联赛;majority_medium;36;190;精准;还行;左脚;前腰;右边锋、中锋;;前腰;1.0;0.95;0.9;65.1;61.8;;非卖品;;;;67.5;76.2;76.2;30.8;49.0;53.2;58.8;51.0;16;5;14;15;4;3;16;6;16;17;12;15;14;14;10;7;10;13;13;13;11;10;15;16;7;14;9;16;12;4;12;12;9;11;9;13;31.6;1.04;1.0;1.0;32.9;26.3;39.5;主力池;0;PASS;未知;前腰 (右), 前锋 (中);前腰 (右中), 前锋 (中)
29055569;现役;James Tarkowski;英格兰;Everton;英超;英超;manual;32;185;还行;精准;右脚;中后卫;;;中后卫;1.0;0.95;0.9;68.7;;;非卖品;;;;44.5;56.5;56.2;74.8;59.5;71.0;64.8;76.2;12;16;10;12;14;7;6;17;4;13;8;10;6;3;15;13;12;14;14;13;10;12;15;10;17;8;15;10;16;14;13;12;15;13;17;17;47.3;1.0;1.0;1.0;47.3;37.8;56.8;强援池;0;PASS;未知;;后卫 (中)
35015916;现役;Eric Maxim Choupo-Moting;喀麦隆;New York;美职联;美职联;majority_high;35;191;不错;精准;右脚;前腰;左边锋;右边锋、中锋;前腰;1.0;0.95;0.9;63.6;60.4;57.2;非卖品;;;;65.0;65.8;68.8;40.5;57.2;70.2;61.0;57.7;15;7;15;13;6;6;11;14;10;14;13;13;8;5;15;11;12;15;15;16;11;11;13;14;13;14;10;13;11;7;12;13;12;14;12;12;26.3;1.04;1.0;1.0;27.3;21.8;32.8;主力池;0;PASS;未知;前腰 (左中);前腰 (右左中), 前锋 (中)
29067784;现役;Semi Ajayi;尼日利亚;Hull;英冠;英冠;majority_high;31;193;欠佳;精准;右脚;中后卫;后腰;;中后卫;1.0;0.95;0.9;61.5;58.4;;非卖品;;;;45.2;47.3;51.0;65.2;58.0;69.2;53.8;63.0;11;14;8;10;13;8;9;15;4;10;9;10;7;3;15;12;12;12;15;15;8;12;11;9;14;8;13;7;11;13;12;12;12;10;14;13;19.9;1.0;1.0;1.0;19.9;15.9;23.9;轮换池;0;PASS;未知;后腰;后卫 (中), 后腰
29074544;现役;Tyrone Mings;英格兰;Aston Villa;英超;英超;manual;31;196;精准;欠佳;左脚;中后卫;左后卫;;中后卫;1.0;0.95;0.9;70.0;66.5;;非卖品;;;;46.5;65.5;64.0;71.0;71.8;73.8;64.5;75.5;13;15;2;15;14;12;9;16;5;12;6;13;10;9;15;14;14;16;15;13;14;15;13;12;16;13;14;12;15;14;16;12;13;14;16;15;54.0;1.0;1.0;1.0;54.0;43.2;64.8;强援池;0;PASS;未知;后卫 (左);后卫 (左中)
30022142;现役;Chris Smalling;英格兰;Al-Fayha;沙特联;沙特联;majority_medium;35;194;欠佳;精准;右脚;中后卫;;;中后卫;1.0;0.95;0.9;64.5;;;非卖品;;;;35.5;48.5;40.2;73.5;52.8;68.5;59.2;72.5;10;16;4;11;14;4;4;17;2;10;8;7;4;4;15;11;13;15;17;9;8;8;14;2;14;4;12;7;15;15;16;14;12;11;16;17;29.4;1.0;1.0;1.0;29.4;23.5;35.3;主力池;0;PASS;未知;;后卫 (中)
33029449;现役;Robin Lod;芬兰;Chicago;美职联;美职联;majority_medium;31;181;精准;还行;左脚;前腰;左边前卫、左边锋;中前卫、右边前卫、右边锋、中锋;前腰;1.0;0.95;0.9;62.3;59.2;56.1;非卖品;;;;65.8;64.8;62.5;52.7;52.7;58.8;62.7;66.2;14;9;12;13;10;6;13;9;9;12;13;12;11;10;12;11;10;12;9;14;11;11;13;12;9;14;13;13;15;11;15;13;12;13;13;12;22.2;1.04;1.0;1.0;23.1;18.5;27.7;轮换池;0;PASS;未知;中场/前腰 (左);中场/前腰 (右左中), 前锋 (中)
34000647;现役;Olivier Giroud;法国;LOSC;法甲;法甲;majority_high;38;194;精准;欠佳;左脚;中锋;;;中锋;1.0;0.95;0.9;68.4;;;非卖品;;;;75.2;63.2;63.8;50.8;49.8;78.5;70.5;83.2;13;8;17;12;8;8;11;18;11;14;16;11;7;5;16;11;10;16;18;18;12;9;16;13;16;16;12;13;18;8;20;15;17;16;17;14;45.8;1.08;1.0;1.0;49.5;39.6;59.4;强援池;0;PASS;未知;;前锋 (中)
67011232;现役;Juan Mata;西班牙;Melbourne Victory;澳超;澳超;majority_medium;36;170;精准;还行;左脚;前腰;;;前腰;1.0;0.95;0.9;66.2;;;非卖品;;;;65.2;84.0;74.2;29.8;32.5;42.0;68.0;63.0;18;4;15;16;2;3;12;3;16;18;12;12;14;14;7;7;5;13;5;11;11;7;14;15;13;14;10;18;16;6;16;15;12;15;9;7;36.0;1.04;1.0;1.0;37.4;29.9;44.9;主力池;0;PASS;未知;;前腰 (中)
34000674;现役;Sofiane Feghouli;阿尔及利亚;Amanat Baghdad;伊拉克超级联赛;伊拉克超级联赛;majority_medium;35;177;不错;精准;右脚;前腰;后腰、右边锋;中前卫;前腰;1.0;0.95;0.9;61.4;58.3;55.3;非卖品;;;;61.2;74.0;64.2;37.3;37.2;46.0;66.0;56.8;15;6;12;16;3;7;12;8;12;14;11;11;13;12;10;7;7;11;7;12;8;8;14;16;11;13;9;14;15;10;13;14;11;14;8;13;19.6;1.04;1.0;1.0;20.4;16.3;24.5;轮换池;0;PASS;未知;后腰, 前腰 (右中);后腰, 中场 (中), 前腰 (右中)
34008669;现役;Younes Belhanda;摩洛哥;Al-Sailiya;卡塔尔联;卡塔尔联;manual;34;175;欠佳;精准;右脚;前腰;中前卫;;前腰;1.0;0.95;0.9;68.4;65.0;;非卖品;;;;67.5;79.0;75.8;43.2;46.5;62.0;68.5;59.2;17;8;16;15;6;8;14;5;14;16;12;14;13;14;13;10;9;14;9;16;11;9;14;16;9;14;10;17;15;8;12;15;11;15;13;13;45.8;1.04;1.0;1.0;47.6;38.1;57.1;强援池;0;PASS;未知;中场 (中);中场/前腰 (中)
34011354;现役;Steven Nzonzi;法国;Stoke;英冠;英冠;majority_high;36;196;还行;精准;右脚;后腰;;中前卫;后腰;1.0;0.95;0.9;65.3;;58.8;非卖品;;;;53.2;71.2;61.0;67.0;38.2;68.2;72.2;63.0;15;13;8;15;12;5;11;14;8;15;9;12;5;4;16;9;9;18;16;9;6;6;15;8;12;9;10;14;18;15;12;15;13;16;14;6;32.4;1.03;1.0;1.0;33.4;26.7;40.1;主力池;0;PASS;未知;;后腰, 中场 (中)
34012563;现役;Ivan Perišić;克罗地亚;PSV;荷甲;荷甲;manual;35;186;精准;精准;双足;左边锋;左边前卫、右边前卫;右边锋;左边锋;1.0;0.95;0.9;65.0;61.8;58.5;非卖品;;;;66.5;70.2;68.0;49.0;56.7;65.8;66.2;71.8;14;9;14;14;8;10;12;15;12;15;12;13;15;14;12;11;11;17;14;14;11;12;15;14;18;15;16;14;14;8;14;13;14;15;12;11;31.2;1.05;1.0;1.0;32.8;26.2;39.4;主力池;0;PASS;未知;中场 (右左);中场/前腰 (右左)
23017158;现役;Ala'a Abdul Zahra;伊拉克;Al-Talaba;伊拉克超级联赛;伊拉克超级联赛;majority_high;37;177;欠佳;精准;右脚;中锋;右边锋;前腰;中锋;1.0;0.95;0.9;60.5;57.5;54.5;非卖品;;;;72.5;52.5;64.8;30.8;45.5;63.0;58.0;51.5;13;4;12;9;4;6;14;13;12;12;16;13;9;9;12;12;9;13;11;14;14;7;14;13;17;13;9;9;12;5;5;15;8;15;15;14;17.2;1.08;1.0;1.0;18.6;14.9;22.3;轮换池;0;PASS;未知;前腰 (右), 前锋 (中);前腰 (右中), 前锋 (中)
55063493;现役;Rafa;葡萄牙;Benfica;葡超;葡超;manual;31;172;还行;精准;右脚;左边锋;右边锋;前腰、中锋;左边锋;1.0;0.95;0.9;68.4;65.0;61.6;非卖品;;;;64.0;69.2;86.7;37.8;75.2;49.5;57.0;50.0;17;8;12;13;5;4;10;5;10;16;12;18;13;12;6;10;14;15;5;16;18;17;14;19;10;17;12;14;11;5;8;10;10;12;10;9;45.8;1.05;1.0;1.0;48.1;38.5;57.7;强援池;0;PASS;未知;前腰 (右左);前腰 (右左中), 前锋 (中)
47023240;现役;Karol Mets;爱沙尼亚;FC St. Pauli;德甲;德甲;majority_high;31;191;精准;欠佳;左脚;中后卫;后腰;;中后卫;1.0;0.95;0.9;65.7;62.4;;非卖品;;;;39.5;59.0;48.5;66.5;62.2;73.3;62.3;71.5;11;12;10;13;14;13;6;13;4;11;6;8;6;3;16;14;14;12;16;15;9;11;12;7;14;8;13;12;14;15;16;12;13;13;14;16;33.9;1.0;1.0;1.0;33.9;27.1;40.7;主力池;0;PASS;未知;后腰;后卫 (中), 后腰
22029370;现役;Ivaylo Chochev;保加利亚;Ludogorets;保加利亚甲;保加利亚甲;manual;31;188;精准;还行;左脚;中前卫;后腰;;中前卫;1.0;0.95;0.9;63.1;59.9;;非卖品;;;;74.8;66.8;65.5;50.2;56.7;59.2;69.8;52.7;13;9;15;14;8;7;11;16;13;13;16;13;11;10;12;10;11;13;15;13;12;12;16;15;11;16;10;13;14;11;11;14;12;16;7;7;24.7;1.02;1.0;1.0;25.1;20.1;30.1;主力池;0;PASS;未知;后腰;后腰, 中场 (中)
35002612;现役;Martin Harnik;奥地利;Dassendorf;汉堡州联赛;汉堡州联赛;majority_medium;37;185;还行;精准;右脚;中锋;;右边前卫、右边锋;中锋;1.0;0.95;0.9;60.3;;54.3;非卖品;;;;62.8;52.7;56.5;46.5;61.0;65.2;57.8;65.0;12;9;10;10;6;4;9;13;7;11;13;10;9;6;11;13;12;18;14;10;13;12;14;13;10;16;11;10;13;9;16;12;12;11;14;11;16.7;1.08;1.0;1.0;18.1;14.5;21.7;轮换池;0;PASS;未知;;中场/前腰 (右), 前锋 (中)
67103537;现役;Isco;西班牙;Real Betis;西甲;西甲;manual;32;176;不错;精准;右脚;前腰;左边前卫、右边前卫;中前卫;前腰;1.0;0.95;0.9;73.1;69.4;65.8;非卖品;;;;66.2;85.2;89.0;46.0;59.8;61.8;65.3;55.0;19;11;16;17;6;7;14;9;14;19;13;17;13;16;13;13;11;14;7;17;15;12;12;18;12;12;12;18;10;8;12;12;12;15;8;10;72.5;1.04;1.0;1.0;75.4;60.3;90.5;球星池;0;PASS;未知;中场 (右左);中场 (右左中), 前腰 (中)
35011448;现役;Thomas Müller;德国;Vancouver;美职联;美职联;majority_medium;35;185;不错;精准;右脚;前腰、中锋;中前卫、右边前卫、右边锋;;中前卫;1.0;0.95;0.9;67.8;64.4;;非卖品;;;;67.2;72.5;60.2;57.7;59.8;70.2;72.8;81.7;12;11;13;15;9;7;11;13;8;13;12;11;15;11;11;15;12;18;13;15;12;11;16;12;17;16;16;16;18;11;18;14;15;16;14;13;43.0;1.02;1.0;1.0;43.8;35.0;52.6;强援池;0;PASS;未知;中场 (右中), 前锋 (中);中场/前腰 (右中), 前锋 (中)
98028755;现役;Mohamed Salah;埃及;Liverpool;英超;英超;manual;32;175;精准;欠佳;左脚;右边锋;左边锋、中锋;;右边锋;1.0;0.95;0.9;78.7;74.8;;非卖品;;;;83.5;82.2;83.3;46.0;77.5;75.2;74.5;73.5;17;7;17;16;7;7;15;10;12;17;17;16;17;13;16;17;15;19;8;18;18;15;17;15;14;18;16;17;16;8;17;15;16;16;9;10;115.9;1.05;1.0;1.0;121.7;97.4;146.0;球星池;0;PASS;前腰 (右);前腰 (左), 前锋 (中);前腰 (右左), 前锋 (中)
24003746;现役;Ante Budimir;克罗地亚;Atlético Pamplona;西甲;西甲;majority_medium;33;190;精准;不错;左脚;中锋;;;中锋;1.0;0.95;0.9;68.2;;;非卖品;;;;74.2;57.5;58.8;58.5;61.5;77.5;70.5;72.2;12;12;16;11;7;3;12;17;4;13;15;10;8;6;17;15;13;15;15;15;11;11;16;13;5;16;16;11;15;12;16;14;16;16;15;13;44.9;1.08;1.0;1.0;48.4;38.7;58.1;强援池;0;PASS;未知;;前锋 (中)
64005065;现役;Jasmin Kurtić;斯洛文尼亚;Olimpija;斯甲联赛;斯甲联赛;majority_medium;36;186;还行;精准;右脚;前腰;后腰;中前卫;前腰;1.0;0.95;0.9;61.2;58.1;55.1;非卖品;;;;64.0;67.8;61.5;52.5;44.8;63.5;59.3;64.8;14;10;14;14;10;7;14;13;15;13;12;12;14;13;13;13;9;12;13;14;8;8;12;11;14;14;11;13;12;12;18;13;9;11;10;13;19.1;1.04;1.0;1.0;19.8;15.8;23.8;轮换池;0;PASS;未知;后腰, 前腰 (中);后腰, 中场/前腰 (中)
24004082;现役;Marin Tomasov;克罗地亚;FK Astana;哈萨克斯坦足球超级联赛;哈萨克斯坦足球超级联赛;majority_medium;37;181;精准;还行;左脚;前腰;左边前卫;左边锋、右边锋;前腰;1.0;0.95;0.9;64.5;61.3;58.1;非卖品;;;;64.2;72.0;67.8;36.2;53.0;60.2;65.0;60.2;15;5;11;14;6;6;13;7;14;14;12;12;14;15;11;13;10;13;13;14;13;10;14;14;6;13;13;15;14;6;15;14;13;15;7;13;29.4;1.04;1.0;1.0;30.6;24.5;36.7;主力池;0;PASS;未知;中场 (左), 前腰 (中);中场 (左), 前腰 (右左中)
67140188;现役;Iván Sánchez;西班牙;Sepahan FC;伊朗超;伊朗超;manual;32;171;精准;还行;左脚;前腰;左边前卫、左边锋;右边前卫、右边锋;前腰;1.0;0.95;0.9;63.0;59.8;56.7;非卖品;;;;56.2;69.8;72.2;42.7;65.2;47.0;56.8;58.8;15;7;10;13;8;6;8;7;14;15;11;16;14;13;7;11;13;10;9;10;12;14;11;12;8;16;12;15;12;8;14;12;12;10;11;8;24.3;1.04;1.0;1.0;25.3;20.2;30.4;主力池;0;PASS;未知;中场 (左), 前腰 (左中);中场 (右左), 前腰 (右左中)
67148546;现役;Roque Mesa;西班牙;Ratchaburi;泰超;泰超;manual;35;171;还行;精准;右脚;后腰;右边前卫;中前卫;后腰;1.0;0.95;0.9;64.7;61.5;58.2;非卖品;;;;53.0;66.8;66.2;65.2;59.5;58.0;66.0;75.5;14;13;12;14;12;9;11;7;9;13;8;13;12;11;13;11;12;10;6;15;12;12;15;13;14;11;16;13;15;13;16;12;13;13;15;14;30.1;1.03;1.0;1.0;31.0;24.8;37.2;主力池;0;PASS;未知;中场 (右);后腰, 中场 (右中)
66032157;现役;Lee Jae-Sung;韩国;1. FSV Mainz 05;德甲;德甲;majority_high;32;180;精准;不错;左脚;前腰;;中前卫;前腰;1.0;0.95;0.9;64.3;;57.9;非卖品;;;;58.0;65.8;67.5;57.5;64.8;61.8;63.0;71.0;14;12;11;13;10;7;10;15;11;14;11;13;11;11;9;15;12;16;12;10;15;13;13;13;10;13;15;13;16;11;15;13;12;13;14;15;28.7;1.04;1.0;1.0;29.8;23.8;35.8;主力池;0;PASS;未知;;中场/前腰 (中)
62092056;现役;Stefan Ristovski;北马其顿;Sarajevo;波黑超;波黑超;manual;32;180;还行;精准;右脚;中后卫;;右后卫;中后卫;1.0;0.95;0.9;61.7;;55.5;非卖品;;;;54.3;58.5;49.2;64.8;54.5;61.2;60.8;70.0;10;13;8;12;13;16;12;13;8;12;9;10;12;9;13;12;13;11;12;13;7;9;13;6;13;12;15;12;15;13;15;12;13;12;12;12;20.4;1.0;1.0;1.0;20.4;16.3;24.5;轮换池;0;PASS;未知;;后卫 (右中)
23157979;现役;Majed Hassan;阿联酋;Sharjah FC;“ADNOC”阿联酋职业超级联赛;“ADNOC”阿联酋职业超级联赛;majority_medium;32;182;还行;精准;右脚;后腰;;中前卫;后腰;1.0;0.95;0.9;60.3;;54.3;非卖品;;;;50.8;65.8;56.2;57.8;49.3;61.0;63.0;66.2;13;11;9;14;10;8;12;11;11;13;8;10;11;9;13;12;10;11;12;12;10;9;13;8;13;9;12;13;16;13;13;12;12;14;13;15;16.7;1.03;1.0;1.0;17.2;13.8;20.6;基础池;0;PASS;未知;;后腰, 中场 (中)
67175052;现役;Thomas Partey;加纳;Villarreal;西甲;西甲;manual;31;185;还行;精准;右脚;后腰;;中前卫;后腰;1.0;0.95;0.9;68.8;;61.9;非卖品;;;;64.5;70.8;70.5;69.5;54.2;65.5;74.0;71.3;16;14;8;14;12;10;14;13;9;14;10;14;11;8;13;13;11;11;14;14;11;10;16;13;12;15;15;14;16;15;14;14;14;16;14;13;47.8;1.03;1.0;1.0;49.2;39.4;59.0;强援池;0;PASS;未知;;后腰, 中场 (中)
24004434;现役;Andrej Kramarić;克罗地亚;TSG Hoffenheim;德甲;德甲;majority_medium;33;177;不错;精准;右脚;前腰;中前卫、左边锋、右边锋;中锋;前腰;1.0;0.95;0.9;67.3;63.9;60.6;非卖品;;;;68.2;71.5;71.8;42.5;62.5;64.5;64.5;64.2;16;7;17;14;7;6;13;13;16;16;14;12;12;13;11;16;12;16;10;13;13;12;13;16;14;12;12;14;12;8;15;13;12;16;11;13;40.7;1.04;1.0;1.0;42.3;33.8;50.8;强援池;0;PASS;未知;中场 (中), 前腰 (右左);中场 (中), 前腰 (右左中), 前锋 (中)
19270774;现役;Diego Pituca;巴西;Nagasaki;J2;J2;majority_high;32;178;精准;还行;左脚;后腰;;中前卫;后腰;1.0;0.95;0.9;62.6;;56.3;非卖品;;;;58.0;64.5;60.2;62.0;60.5;60.8;65.0;66.0;13;13;9;13;11;8;10;10;10;13;11;11;11;5;13;14;12;14;6;12;11;12;13;12;10;13;14;13;14;13;14;13;12;14;13;13;23.1;1.03;1.0;1.0;23.8;19.0;28.6;轮换池;0;PASS;后腰;;后腰, 中场 (中)
62085786;现役;Benjamin Verbič;斯洛文尼亚;Levadeiakos;希超;希超;majority_medium;31;183;不错;精准;右脚;前腰;左边前卫;左边锋;前腰;1.0;0.95;0.9;60.8;57.8;54.7;非卖品;;;;62.8;65.0;69.0;35.2;60.7;54.8;53.0;52.5;15;6;10;13;5;9;13;12;13;14;13;14;11;12;11;11;12;10;9;13;11;13;10;13;7;13;12;13;10;7;10;10;10;13;12;12;18.0;1.04;1.0;1.0;18.7;15.0;22.4;轮换池;0;PASS;未知;中场 (左), 前腰 (中);中场 (左), 前腰 (左中)
66036037;现役;Jeon Min-Gwang;韩国;Pohang;K1;K1;majority_high;32;186;还行;精准;右脚;中后卫;;;中后卫;1.0;0.95;0.9;61.5;;;非卖品;;;;42.0;48.0;42.0;69.2;53.0;67.2;56.5;60.8;8;15;9;10;15;7;5;16;3;8;7;9;5;5;14;15;11;15;12;10;10;9;12;6;9;11;15;11;12;12;10;11;13;11;14;11;19.9;1.0;1.0;1.0;19.9;15.9;23.9;轮换池;0;PASS;后卫 (中);;后卫 (中)
24012760;现役;Marko Livaja;克罗地亚;Hajduk;克甲;克甲;majority_medium;31;182;强势;精准;左脚;前腰;左边锋;中锋;前腰;1.0;0.95;0.9;63.4;60.2;57.1;非卖品;;;;68.0;68.2;70.0;31.5;54.0;67.2;60.2;49.5;15;5;15;13;3;4;11;12;11;16;15;12;11;11;16;11;11;12;12;17;9;11;15;17;13;13;7;14;10;5;10;12;10;13;11;11;25.6;1.04;1.0;1.0;26.7;21.4;32.0;主力池;0;PASS;未知;前腰 (左);前腰 (左中), 前锋 (中)
62056890;现役;Aleksandar Paločević;塞尔维亚;Seoul;K1;K1;majority_high;31;180;精准;欠佳;左脚;前腰;中前卫、左边锋、右边锋;;前腰;1.0;0.95;0.9;62.6;59.5;;非卖品;;;;54.7;66.8;65.0;53.5;61.0;60.5;63.5;63.2;13;9;12;13;10;8;11;10;12;14;9;12;13;13;11;13;12;13;11;13;13;12;12;14;11;13;13;14;13;12;13;13;13;12;12;13;23.1;1.04;1.0;1.0;24.0;19.2;28.8;轮换池;0;PASS;前腰 (中);中场 (中), 前腰 (右左);中场 (中), 前腰 (右左中)
55032265;现役;Eric Dier;英格兰;Monaco;法甲;法甲;manual;31;191;还行;精准;右脚;中后卫;后腰;;中后卫;1.0;0.95;0.9;68.7;65.3;;非卖品;;;;47.5;62.8;56.2;69.2;51.5;76.8;64.2;80.0;13;13;13;13;14;8;10;16;13;13;7;10;9;3;16;13;11;15;16;16;9;9;13;7;16;9;16;12;17;15;16;13;13;13;17;16;47.3;1.0;1.0;1.0;47.3;37.8;56.8;强援池;0;PASS;未知;后腰;后卫 (中), 后腰
35017438;现役;Mario Götze;德国;Eintracht Frankfurt;德甲;德甲;majority_high;32;176;还行;精准;右脚;前腰;左边锋、右边锋;中前卫;前腰;1.0;0.95;0.9;68.0;64.6;61.2;非卖品;;;;57.0;79.0;75.2;54.2;56.2;57.8;67.8;62.5;17;11;12;16;9;6;11;8;13;18;10;13;11;13;10;16;10;12;7;12;13;11;13;14;13;11;13;16;13;11;12;13;12;16;12;13;43.9;1.04;1.0;1.0;45.7;36.6;54.8;强援池;0;PASS;未知;前腰 (右左);中场 (中), 前腰 (右左中)
55022472;现役;João Carlos Teixeira;葡萄牙;SH Shenhua;中超;中超;majority_high;32;177;不错;精准;右脚;前腰;中前卫、左边前卫;左边锋;前腰;1.0;0.95;0.9;65.1;61.8;58.6;非卖品;;;;59.3;75.2;73.0;43.0;57.8;49.0;62.7;55.8;16;8;11;16;6;4;12;5;15;14;10;15;14;15;9;10;12;10;7;12;13;11;13;14;8;13;13;15;12;9;11;12;10;15;12;8;31.6;1.04;1.0;1.0;32.9;26.3;39.5;主力池;0;PASS;前腰 (中);中场 (左中);中场/前腰 (左中)
55013032;现役;Danilo Pereira;葡萄牙;Al-Ittihad;沙特联;沙特联;manual;33;188;还行;精准;右脚;中后卫;后腰;;中后卫;1.0;0.95;0.9;69.8;66.3;;非卖品;;;;50.2;60.5;52.8;75.5;53.3;72.2;71.2;75.2;12;15;12;13;14;8;11;17;7;11;7;10;8;5;16;12;12;17;15;11;9;9;17;9;15;9;13;11;16;16;16;15;14;13;16;15;52.9;1.0;1.0;1.0;52.9;42.3;63.5;强援池;0;PASS;未知;后腰;后卫 (中), 后腰
98015432;现役;Berat Djimsiti;阿尔巴尼亚;Bergamo;意甲;意甲;majority_high;31;190;还行;精准;右脚;中后卫;;;中后卫;1.0;0.95;0.9;69.8;;;非卖品;;;;39.2;55.0;48.0;77.0;59.2;77.0;65.8;71.8;11;16;4;12;16;5;5;16;4;10;7;8;7;5;17;14;12;16;16;13;12;11;16;6;14;6;14;10;14;15;15;13;12;14;16;14;52.9;1.0;1.0;1.0;52.9;42.3;63.5;强援池;0;PASS;未知;;后卫 (中)
36035173;现役;Petros Mantalos;希腊;AEK;希超;希超;majority_high;33;176;还行;精准;右脚;前腰;后腰、左边锋;中前卫;前腰;1.0;0.95;0.9;64.2;61.0;57.8;非卖品;;;;56.8;74.8;69.8;45.0;49.8;50.8;64.0;66.8;15;7;13;15;8;5;11;10;13;15;10;13;13;14;9;11;9;12;6;12;13;10;13;14;16;12;13;16;14;9;14;13;12;13;12;11;28.3;1.04;1.0;1.0;29.5;23.6;35.4;主力池;0;PASS;未知;后腰, 前腰 (左);后腰, 中场 (中), 前腰 (左中)
98007212;现役;Fabian Schär;瑞士;Newcastle;英超;英超;manual;33;188;不错;精准;右脚;中后卫;;;中后卫;1.0;0.95;0.9;70.3;;;非卖品;;;;59.2;72.2;61.8;77.2;57.8;67.8;70.8;67.0;13;16;14;16;16;8;12;15;12;15;11;12;9;6;15;13;12;12;14;12;10;11;15;9;11;9;12;15;16;15;12;12;14;16;15;17;55.6;1.0;1.0;1.0;55.6;44.5;66.7;强援池;0;PASS;未知;;后卫 (中)
19099575;现役;Danilo;巴西;Flamengo;巴甲;巴甲;manual;33;184;不错;精准;右脚;中后卫;左后卫;右后卫;中后卫;1.0;0.95;0.9;67.8;64.4;61.0;非卖品;;;;53.3;65.5;60.2;73.2;57.8;63.0;70.2;74.0;13;14;11;13;14;8;11;13;5;13;8;11;13;4;12;12;12;14;12;12;11;11;15;12;16;12;14;13;14;16;16;14;15;12;15;11;43.0;1.0;1.0;1.0;43.0;34.4;51.6;强援池;0;PASS;未知;后卫 (左);后卫 (右左中)
98006034;现役;Remo Freuler;瑞士;Bologna;意甲;意甲;majority_high;32;180;还行;精准;右脚;后腰;;中前卫;后腰;1.0;0.95;0.9;69.1;;62.2;非卖品;;;;61.2;70.0;65.2;69.0;62.0;66.0;75.0;77.2;13;14;11;15;11;7;10;8;8;14;10;13;13;7;12;16;12;15;9;14;12;12;16;12;15;15;17;13;17;15;15;15;16;16;13;14;49.3;1.03;1.0;1.0;50.8;40.6;61.0;强援池;0;PASS;未知;;后腰, 中场 (中)
19086339;现役;Wellington Silva;巴西;CD Rongcheng;中超;中超;majority_high;32;170;不错;精准;右脚;左边锋;左边前卫、右边前卫、右边锋、中锋;;左边锋;1.0;0.95;0.9;62.9;59.8;;非卖品;;;;56.5;61.5;73.0;40.5;70.8;49.0;58.5;58.8;15;6;11;12;5;7;10;7;10;13;11;15;11;12;8;11;14;12;5;13;15;15;13;16;7;12;12;12;11;10;14;10;12;12;11;13;24.0;1.05;1.0;1.0;25.2;20.2;30.2;主力池;0;PASS;前腰 (左);中场 (右左), 前腰 (右), 前锋 (中);中场/前腰 (右左), 前锋 (中)
55012998;现役;Ivo Pinto;葡萄牙;Fortuna Sittard;荷甲;荷甲;majority_high;35;183;还行;精准;右脚;右后卫;右翼卫;;右后卫;1.0;0.95;0.9;61.5;58.4;;非卖品;;;;42.2;59.5;60.5;55.0;67.2;66.5;61.8;73.8;13;10;10;11;10;14;10;11;4;12;3;12;12;9;11;15;14;17;13;11;11;13;13;12;15;12;16;12;15;11;15;13;13;12;14;13;19.9;0.98;1.0;1.0;19.5;15.6;23.4;轮换池;0;PASS;未知;翼卫 (右);后卫/翼卫 (右)
24021175;现役;Dario Župarić;克罗地亚;Hapoel Haifa;以色列超;以色列超;manual;32;188;欠佳;精准;右脚;中后卫;;;中后卫;1.0;0.95;0.9;63.8;;;非卖品;;;;41.2;52.7;49.5;67.5;56.5;70.5;56.3;71.5;11;14;7;11;14;6;10;14;8;11;6;8;9;8;15;14;11;12;14;15;11;11;13;7;14;7;14;10;14;13;16;10;12;11;14;14;27.0;1.0;1.0;1.0;27.0;21.6;32.4;主力池;0;PASS;未知;;后卫 (中)
19068857;现役;Roberto Firmino;巴西;Al-Sadd;卡塔尔联;卡塔尔联;manual;33;181;还行;精准;右脚;前腰;;中锋;前腰;1.0;0.95;0.9;69.6;;62.6;非卖品;;;;64.8;74.0;78.5;55.0;57.7;65.2;67.8;68.8;17;11;12;14;10;6;10;12;8;17;13;15;12;8;12;12;11;17;11;15;12;12;14;16;15;14;14;15;17;10;13;13;12;16;12;13;51.9;1.04;1.0;1.0;53.9;43.1;64.7;强援池;0;PASS;未知;前腰 (中);前腰 (中), 前锋 (中)
66029295;现役;Kwon Kyung Won;韩国;Anyang;K1;K1;majority_high;32;190;精准;还行;左脚;中后卫;;;中后卫;1.0;0.95;0.9;60.8;;;非卖品;;;;47.0;51.8;45.8;61.7;53.3;69.0;58.8;64.0;10;12;8;11;13;13;10;14;6;10;8;7;8;3;16;12;12;14;15;11;9;9;12;11;13;8;13;10;13;12;12;11;12;14;14;13;18.0;1.0;1.0;1.0;18.0;14.4;21.6;轮换池;0;PASS;后卫 (中);;后卫 (中)
19067093;现役;Alex Sandro;巴西;Flamengo;巴甲;巴甲;manual;33;180;精准;还行;左脚;左后卫、左翼卫;中后卫;;中后卫;1.0;0.95;0.9;68.3;64.9;;非卖品;;;;53.5;67.5;68.2;71.5;59.3;67.5;68.5;69.0;14;15;9;14;13;13;10;14;8;15;9;13;14;11;13;13;13;16;12;13;12;10;15;14;13;11;15;12;15;16;13;13;11;14;15;13;45.3;1.0;1.0;1.0;45.3;36.2;54.4;强援池;0;PASS;未知;后卫 (中), 翼卫 (左);后卫 (左中), 翼卫 (左)
62013805;现役;Nemanja Gudelj;塞尔维亚;Sevilla;西甲;西甲;manual;33;187;欠佳;精准;右脚;中后卫;中前卫;后腰;中后卫;1.0;0.95;0.9;66.8;63.5;60.1;非卖品;;;;56.0;59.0;56.5;67.5;65.5;70.0;62.8;77.5;11;14;12;12;13;11;13;14;12;14;10;9;10;6;15;13;14;14;14;13;13;12;13;11;14;10;17;11;15;13;16;13;14;12;15;16;38.5;1.0;1.0;1.0;38.5;30.8;46.2;主力池;0;PASS;未知;中场 (中);后卫 (中), 后腰, 中场 (中)
55012106;现役;William Carvalho;葡萄牙;Pachuca;墨超;墨超;majority_high;32;187;还行;精准;右脚;中前卫;后腰;;中前卫;1.0;0.95;0.9;68.6;65.2;;非卖品;;;;52.5;75.8;72.5;69.8;49.2;67.2;76.2;59.0;17;15;9;15;11;7;9;10;10;14;9;13;9;7;17;11;9;11;12;17;12;10;12;15;12;11;10;16;13;17;12;15;16;17;10;11;46.8;1.02;1.0;1.0;47.7;38.2;57.2;强援池;0;PASS;未知;;中场 (中)
19044710;现役;Douglas Costa;巴西;Chievo;意丁联赛二组;意丁联赛二组;majority_medium;34;172;精准;还行;左脚;前腰;;左边锋、右边锋;前腰;1.0;0.95;0.9;65.5;;59.0;非卖品;;;;59.2;72.5;85.5;28.0;68.5;44.5;55.2;43.5;18;4;12;14;3;4;15;4;13;17;9;17;14;12;8;9;14;8;6;14;16;14;13;18;6;13;8;14;7;5;10;10;9;12;9;14;33.2;1.04;1.0;1.0;34.5;27.6;41.4;主力池;0;PASS;未知;前腰 (中);前腰 (右左中)
19024412;现役;Neymar;巴西;Santos;巴甲;巴甲;manual;32;175;不错;精准;右脚;前腰、左边锋;中锋;;前腰;1.0;0.95;0.9;72.9;69.3;;非卖品;;;;78.2;83.8;89.8;31.8;54.5;46.5;66.5;51.5;19;5;18;16;4;4;15;8;16;19;15;19;15;15;10;9;11;7;7;12;12;11;15;19;14;17;8;17;9;4;11;14;10;16;11;11;71.2;1.04;1.0;1.0;74.1;59.3;88.9;球星池;0;PASS;未知;前锋 (中);前腰 (左中), 前锋 (中)
55004194;现役;Miguel Vítor;以色列;Hapoel Be'er-Sheva;以色列超;以色列超;manual;35;184;欠佳;精准;右脚;中后卫;;;中后卫;1.0;0.95;0.9;63.6;;;非卖品;;;;45.8;53.0;42.0;71.5;38.0;62.5;68.5;75.8;8;13;8;12;16;3;3;16;4;12;11;7;7;4;12;13;7;13;13;12;7;7;17;6;16;5;14;9;16;13;17;14;15;16;12;16;26.3;1.0;1.0;1.0;26.3;21.0;31.6;主力池;0;PASS;未知;;后卫 (中)
98003827;现役;Xherdan Shaqiri;瑞士;Basel;瑞士超;瑞士超;majority_medium;33;169;精准;欠佳;左脚;前腰;左边锋、右边锋;;前腰;1.0;0.95;0.9;69.7;66.2;;非卖品;;;;69.8;79.5;80.0;40.5;56.5;55.5;68.0;49.8;16;7;16;16;6;6;14;6;14;17;13;16;16;17;12;12;10;12;6;16;14;12;14;16;14;14;7;16;10;8;12;14;12;16;6;11;52.4;1.04;1.0;1.0;54.5;43.6;65.4;强援池;0;PASS;未知;前腰 (右左);前腰 (右左中)
62000307;现役;Nemanja Matić;塞尔维亚;Sassuolo;意甲;意甲;majority_medium;36;194;精准;还行;左脚;后腰;;中前卫;后腰;1.0;0.95;0.9;68.3;;61.5;非卖品;;;;44.0;72.0;63.8;73.0;46.5;70.2;70.5;71.5;15;16;11;15;13;5;11;16;10;15;5;13;10;10;17;11;10;10;16;16;9;8;15;4;15;6;13;14;16;16;16;14;12;16;13;13;45.3;1.03;1.0;1.0;46.7;37.4;56.0;强援池;0;PASS;未知;;后腰, 中场 (中)
61041668;现役;Jackson Irvine;澳大利亚;FC St. Pauli;德甲;德甲;majority_high;31;189;不错;精准;右脚;后腰;;中前卫;后腰;1.0;0.95;0.9;65.5;;59.0;非卖品;;;;57.3;57.8;54.8;65.0;59.8;75.8;64.2;83.5;11;13;11;12;12;8;10;16;6;11;10;11;8;4;13;17;12;16;16;14;10;11;15;10;17;13;16;12;18;12;18;12;14;13;16;16;33.2;1.03;1.0;1.0;34.2;27.4;41.0;主力池;0;PASS;未知;;后腰, 中场 (中)
25019899;现役;Vladimír Darida;捷克;Hradec Kralové;捷甲联赛;捷甲联赛;majority_medium;34;172;不错;精准;右脚;前腰;后腰;中前卫;前腰;1.0;0.95;0.9;60.8;57.8;54.7;非卖品;;;;59.2;62.2;59.5;53.3;55.2;57.0;61.2;79.5;13;10;13;13;8;7;13;7;12;12;10;11;11;12;7;14;10;18;6;13;13;11;12;10;16;13;19;12;18;12;15;12;14;13;13;14;18.0;1.04;1.0;1.0;18.7;15.0;22.4;轮换池;0;PASS;未知;后腰, 前腰 (中);后腰, 中场/前腰 (中)
68008625;现役;Pontus Jansson;瑞典;Malmö FF;瑞典超;瑞典超;manual;33;194;欠佳;精准;右脚;中后卫;;;中后卫;1.0;0.95;0.9;68.6;;;非卖品;;;;41.2;61.8;50.0;73.0;59.0;73.0;65.2;75.8;12;15;8;14;14;9;5;16;5;11;7;9;8;4;15;14;13;13;16;14;7;11;14;7;15;9;14;11;15;15;16;14;14;12;16;16;46.8;1.0;1.0;1.0;46.8;37.4;56.2;强援池;0;PASS;未知;;后卫 (中)
61036844;现役;Callum McGregor;苏格兰;Celtic;苏超;苏超;majority_high;31;178;精准;不错;左脚;中前卫;;后腰;中前卫;1.0;0.95;0.9;64.4;;58.0;非卖品;;;;61.5;68.0;65.2;60.0;57.8;59.0;65.5;73.5;15;11;13;14;11;5;12;8;7;15;11;12;10;8;11;12;12;16;9;12;11;11;13;10;17;13;15;13;16;14;16;12;13;15;11;13;29.1;1.02;1.0;1.0;29.6;23.7;35.5;主力池;0;PASS;未知;;后腰, 中场 (中)
69004250;现役;Steven Zuber;瑞士;Atromitos;希超;希超;majority_medium;33;182;不错;精准;右脚;前腰;中锋;左边锋;前腰;1.0;0.95;0.9;61.2;58.1;55.1;非卖品;;;;61.8;64.0;65.2;44.8;56.0;58.2;59.8;59.2;13;8;12;13;8;7;13;9;12;13;11;13;13;13;13;12;11;12;10;12;12;11;14;15;12;13;13;13;14;8;12;11;11;13;9;10;19.1;1.04;1.0;1.0;19.8;15.8;23.8;轮换池;0;PASS;未知;前锋 (中);前腰 (左中), 前锋 (中)
18043393;现役;Thomas Meunier;比利时;LOSC;法甲;法甲;majority_high;33;191;还行;精准;右脚;右后卫;右边前卫;右翼卫;右后卫;1.0;0.95;0.9;62.7;59.6;56.4;非卖品;;;;57.0;60.5;57.7;58.3;63.2;74.8;58.8;72.2;12;13;11;12;10;15;10;12;7;12;9;11;14;8;16;15;13;14;14;15;11;12;13;10;12;16;16;12;14;11;16;12;10;12;15;14;23.4;0.98;1.0;1.0;22.9;18.3;27.5;轮换池;0;PASS;未知;中场 (右);后卫/翼卫/中场 (右)
18027198;现役;Yannick Carrasco;比利时;Al-Shabab;沙特联;沙特联;majority_medium;31;180;还行;精准;右脚;左边锋;左边前卫;;左边锋;1.0;0.95;0.9;69.1;65.6;;非卖品;;;;73.2;75.2;81.0;36.0;60.0;58.0;68.5;62.8;17;5;16;15;4;8;15;8;15;16;13;17;13;15;12;11;12;11;10;15;13;12;14;16;17;16;10;14;11;7;15;15;14;17;10;11;49.3;1.05;1.0;1.0;51.7;41.4;62.0;强援池;0;PASS;未知;中场 (左);中场/前腰 (左)
18007344;现役;Romelu Lukaku;比利时;Napoli;意甲;意甲;manual;31;191;精准;不错;左脚;中锋;;;中锋;1.0;0.95;0.9;71.5;;;非卖品;;;;76.0;63.0;65.8;44.5;72.0;85.8;60.8;74.5;13;9;20;13;5;6;14;15;11;14;16;13;10;4;20;15;15;15;16;20;9;15;15;13;16;15;12;12;17;7;16;12;13;13;15;16;62.5;1.08;1.0;1.0;67.5;54.0;81.0;强援池;0;PASS;未知;;前锋 (中)
71003050;现役;Taras Stepanenko;乌克兰;Kolos;乌超;乌超;majority_medium;35;181;精准;不错;左脚;后腰;中前卫;;后腰;1.0;0.95;0.9;62.1;59.0;;非卖品;;;;58.0;55.0;48.5;68.8;45.0;63.0;61.0;84.0;10;14;13;11;15;5;11;13;7;12;11;8;10;3;12;9;9;15;13;12;9;9;13;9;16;11;19;11;17;12;17;12;12;14;18;14;21.6;1.03;1.0;1.0;22.2;17.8;26.6;轮换池;0;PASS;未知;中场 (中);后腰, 中场 (中)
71003202;现役;Andrii Iarmolenko;乌克兰;Dynamo Kyiv;乌超;乌超;majority_medium;35;190;精准;欠佳;左脚;左边锋;;右边前卫、右边锋;左边锋;1.0;0.95;0.9;66.0;;59.4;非卖品;;;;70.2;70.8;74.5;43.2;54.5;62.7;66.2;66.8;16;7;15;13;6;8;13;12;12;15;14;15;14;13;11;10;11;14;14;14;11;11;15;16;15;15;12;14;13;8;14;15;12;13;15;11;35.2;1.05;1.0;1.0;36.9;29.5;44.3;主力池;0;PASS;未知;前腰 (左);中场 (右), 前腰 (右左)
71012671;现役;Serhiy Sydorchuk;乌克兰;Westerlo;比甲;比甲;majority_medium;33;188;不错;精准;右脚;后腰;;中前卫;后腰;1.0;0.95;0.9;63.5;;57.1;非卖品;;;;53.8;64.0;54.5;63.5;52.0;69.8;61.0;74.8;11;14;11;14;13;4;13;12;6;10;8;11;9;8;14;14;10;15;13;13;10;10;12;12;16;12;16;14;15;12;16;13;9;12;15;15;26.0;1.03;1.0;1.0;26.7;21.4;32.0;主力池;0;PASS;未知;;后腰, 中场 (中)
71048716;现役;Ruslan Malinovskyi;乌克兰;Genoa;意甲;意甲;majority_medium;31;181;精准;不错;左脚;前腰;;中前卫;前腰;1.0;0.95;0.9;65.9;;59.3;非卖品;;;;67.5;70.0;71.0;48.2;56.7;61.8;63.0;64.8;15;10;14;14;7;4;17;3;15;14;12;14;13;16;13;11;11;14;9;15;11;12;13;16;9;13;15;14;12;9;14;13;12;13;12;15;34.7;1.04;1.0;1.0;36.1;28.9;43.3;主力池;0;PASS;未知;;中场/前腰 (中)
18004457;现役;Kevin De Bruyne;比利时;Napoli;意甲;意甲;manual;33;181;强势;精准;左脚;中前卫、前腰;;;前腰;1.0;0.95;0.9;77.0;;;非卖品;;;;75.5;92.7;77.5;52.5;61.0;64.2;76.3;73.2;18;9;16;19;9;4;17;6;17;16;16;14;18;14;13;13;12;14;10;14;13;12;14;16;13;12;14;20;15;10;17;17;15;15;13;12;101.3;1.04;1.0;1.0;105.4;84.3;126.5;球星池;0;PASS;中场/前腰 (中);;中场/前腰 (中)
17001262;现役;Alexandr Martynovich;白罗斯;Qaırat Almaty;哈萨克斯坦足球超级联赛;哈萨克斯坦足球超级联赛;majority_medium;37;192;不错;精准;右脚;中后卫;;;中后卫;1.0;0.95;0.9;63.3;;;非卖品;;;;44.0;50.2;38.8;67.0;47.5;72.0;65.2;67.0;7;14;10;12;12;9;7;16;6;9;6;6;5;2;15;14;11;18;15;10;7;7;15;12;16;10;11;9;13;13;14;14;14;13;14;13;25.3;1.0;1.0;1.0;25.3;20.2;30.4;主力池;0;PASS;未知;;后卫 (中)
16023929;现役;Gernot Trauner;奥地利;Feyenoord;荷甲;荷甲;manual;32;183;欠佳;精准;右脚;中后卫;;;中后卫;1.0;0.95;0.9;68.1;;;非卖品;;;;46.8;60.5;49.8;70.8;51.0;72.5;68.2;80.0;11;13;8;12;14;9;10;15;9;11;7;9;10;8;16;12;10;15;13;16;10;10;12;5;17;9;18;13;17;16;14;14;16;15;15;16;44.4;1.0;1.0;1.0;44.4;35.5;53.3;强援池;0;PASS;未知;;后卫 (中)
25034467;现役;Patrik Hrošovský;斯洛伐克;Viktoria Plzeň;捷甲联赛;捷甲联赛;majority_medium;32;173;不错;精准;右脚;中前卫;;后腰;中前卫;1.0;0.95;0.9;62.5;;56.3;非卖品;;;;64.0;66.8;66.5;50.2;66.0;52.8;66.5;59.8;14;7;15;14;9;6;13;5;12;13;13;13;11;11;12;13;14;6;7;12;14;12;13;13;8;11;12;12;11;13;14;15;12;14;12;12;22.8;1.02;1.0;1.0;23.2;18.6;27.8;轮换池;0;PASS;未知;中场 (中);后腰, 中场 (中)
98003821;现役;Granit Xhaka;瑞士;Sunderland;英超;英超;manual;32;186;精准;还行;左脚;中前卫;;后腰;中前卫;1.0;0.95;0.9;75.1;;67.6;非卖品;;;;67.2;84.5;70.8;68.0;58.0;76.2;79.5;81.8;17;13;12;18;12;6;17;12;15;16;11;12;12;13;14;17;12;17;12;16;10;10;16;13;19;11;16;17;17;14;16;16;15;18;16;16;86.5;1.02;1.0;1.0;88.2;70.6;105.8;球星池;0;PASS;未知;;后腰, 中场 (中)
16010163;现役;Aleksandar Dragović;奥地利;FK Austria Vienna;奥甲;奥甲;majority_medium;33;186;还行;精准;右脚;中后卫;;;中后卫;1.0;0.95;0.9;64.5;;;非卖品;;;;42.2;58.0;47.2;69.2;53.8;65.8;67.8;68.8;11;15;10;12;12;8;7;14;5;11;7;7;7;5;13;12;12;13;13;14;10;9;15;7;16;5;11;12;14;14;15;13;13;16;15;11;29.4;1.0;1.0;1.0;29.4;23.5;35.3;主力池;0;PASS;未知;;后卫 (中)
36039032;现役;Tasos Bakasetas;希腊;Panathinaikos;希超;希超;majority_high;31;181;精准;不错;左脚;前腰;中前卫;;前腰;1.0;0.95;0.9;64.9;61.7;;非卖品;;;;68.5;72.2;65.8;45.0;49.8;63.0;62.5;71.0;16;7;16;15;8;8;17;12;14;13;12;12;12;13;14;13;10;11;10;13;10;9;12;13;17;14;12;14;13;8;16;14;14;13;14;13;30.9;1.04;1.0;1.0;32.1;25.7;38.5;主力池;0;PASS;未知;中场 (中);中场/前腰 (中)
27002693;现役;Thomas Delaney;丹麦;FC København;丹超;丹超;majority_high;33;182;精准;欠佳;左脚;后腰;;中前卫;后腰;1.0;0.95;0.9;64.6;;58.1;非卖品;;;;50.8;60.0;54.5;69.0;49.8;68.5;63.5;81.8;12;14;10;13;13;12;12;16;13;12;7;10;8;4;13;13;10;13;14;14;10;9;13;8;16;11;15;11;17;14;18;13;14;13;17;15;29.8;1.03;1.0;1.0;30.7;24.6;36.8;主力池;0;PASS;未知;;后腰, 中场 (中)
72021508;现役;Tim Ream;美国;Charlotte FC;美职联;美职联;majority_high;37;186;精准;欠佳;左脚;中后卫;左后卫;;中后卫;1.0;0.95;0.9;68.5;65.1;;非卖品;;;;44.3;64.0;58.2;71.3;51.3;71.2;68.0;78.8;13;15;3;13;13;7;7;14;6;12;6;11;9;3;13;14;10;17;13;14;12;9;14;8;18;12;16;13;18;15;15;14;13;14;16;12;46.3;1.0;1.0;1.0;46.3;37.0;55.6;强援池;0;PASS;未知;后卫 (左);后卫 (左中)
72040331;现役;Jonathan Osorio;加拿大;Toronto FC;美职联;美职联;majority_high;32;176;还行;精准;右脚;前腰;左边前卫、右边前卫、左边锋;中前卫;前腰;1.0;0.95;0.9;61.6;58.5;55.4;非卖品;;;;59.2;62.8;66.8;56.0;61.0;55.2;57.3;66.0;13;11;7;13;12;9;12;7;10;13;12;14;11;11;10;12;12;12;7;14;14;12;12;12;14;13;13;12;13;10;15;12;11;11;12;12;20.2;1.04;1.0;1.0;21.0;16.8;25.2;轮换池;0;PASS;未知;中场 (右左), 前腰 (左);中场 (右左中), 前腰 (左中)
72041405;现役;Damion Lowe;牙买加;Dewa United;印度尼西亚甲级联赛;印度尼西亚甲级联赛;majority_medium;31;190;欠佳;精准;右脚;中后卫;;;中后卫;1.0;0.95;0.9;62.9;;;非卖品;;;;38.5;49.5;51.0;68.5;60.5;68.5;53.8;66.8;9;16;7;11;13;8;6;15;7;11;7;10;7;5;15;13;14;14;14;11;10;10;12;12;13;8;12;9;12;13;15;10;11;9;15;15;24.0;1.0;1.0;1.0;24.0;19.2;28.8;轮换池;0;PASS;未知;;后卫 (中)
27010680;现役;Christian Eriksen;丹麦;VfL Wolfsburg;德甲;德甲;majority_high;32;178;强势;精准;左脚;前腰;后腰、左边锋、右边锋;中前卫;前腰;1.0;0.95;0.9;68.3;64.9;61.5;非卖品;;;;63.3;80.8;72.8;46.0;56.2;56.5;68.0;59.2;17;8;16;16;8;4;14;5;16;18;11;12;16;16;7;16;11;18;7;12;12;10;14;13;13;11;12;16;16;9;12;14;12;16;8;7;45.3;1.04;1.0;1.0;47.1;37.7;56.5;强援池;0;PASS;未知;后腰, 前腰 (右左);后腰, 中场 (中), 前腰 (右左中)
27013107;现役;Jens Stryger Larsen;丹麦;Malmö FF;瑞典超;瑞典超;manual;33;180;笨拙;精准;右脚;中后卫;左后卫、右翼卫;右后卫;中后卫;1.0;0.95;0.9;63.6;60.4;57.2;非卖品;;;;48.5;60.2;56.0;63.0;62.8;65.5;62.0;74.0;12;13;13;12;11;16;8;13;6;12;7;11;14;11;13;14;13;15;10;12;11;12;12;8;14;13;15;11;15;13;15;14;14;12;15;15;26.3;1.0;1.0;1.0;26.3;21.0;31.6;主力池;0;PASS;未知;后卫 (左中), 翼卫 (右);后卫 (右左中), 翼卫 (右)
27013113;现役;Martin Braithwaite;丹麦;Grêmio;巴甲;巴甲;majority_high;33;177;不错;精准;右脚;中锋;;左边锋、右边锋;中锋;1.0;0.95;0.9;63.2;;56.9;非卖品;;;;63.0;60.5;62.0;39.8;66.0;63.5;61.8;73.0;12;5;13;12;5;4;10;12;9;13;13;12;10;8;12;14;13;14;12;12;14;13;13;12;16;14;16;12;16;10;15;13;13;13;12;11;25.0;1.08;1.0;1.0;27.0;21.6;32.4;主力池;0;PASS;未知;;前腰 (右左), 前锋 (中)
14044037;现役;Marcos Acuña;阿根廷;River Plate;阿甲;阿甲;majority_high;33;172;精准;欠佳;左脚;左后卫;;左翼卫;左后卫;1.0;0.95;0.9;65.0;;58.5;非卖品;;;;56.0;68.5;67.3;65.5;62.3;61.0;63.2;75.0;14;13;9;14;13;10;13;7;13;14;9;13;15;13;13;11;13;13;7;15;13;12;13;12;14;13;16;13;16;13;15;13;13;11;15;14;31.2;0.98;1.0;1.0;30.6;24.5;36.7;主力池;0;PASS;未知;;后卫/翼卫 (左)
14023371;现役;Germán Pezzella;阿根廷;River Plate;阿甲;阿甲;majority_high;33;187;还行;精准;右脚;中后卫;;;中后卫;1.0;0.95;0.9;64.7;;;非卖品;;;;43.0;50.0;47.0;70.0;46.8;72.0;60.7;72.0;11;14;7;11;14;8;7;16;7;9;7;7;8;7;15;14;9;13;15;15;11;8;13;9;17;9;15;8;15;15;14;12;13;13;14;11;30.1;1.0;1.0;1.0;30.1;24.1;36.1;主力池;0;PASS;未知;;后卫 (中)
14023276;现役;Josef Martínez;委内瑞拉;Tijuana;墨超;墨超;majority_medium;31;173;不错;精准;右脚;左边锋;;中锋;左边锋;1.0;0.95;0.9;61.3;;55.2;非卖品;;;;62.5;64.2;68.8;33.2;56.5;62.7;54.0;68.0;14;6;15;13;3;3;8;14;5;14;15;13;9;4;13;10;11;11;14;13;15;11;11;14;12;13;10;13;14;5;16;11;12;12;16;14;19.3;1.05;1.0;1.0;20.3;16.2;24.4;轮换池;0;PASS;未知;前腰 (左);前腰 (左), 前锋 (中)
14023180;现役;Aníbal Godoy;巴拿马;San Diego FC;美职联;美职联;majority_high;34;181;精准;还行;左脚;后腰;;中前卫;后腰;1.0;0.95;0.9;61.9;;55.7;非卖品;;;;53.2;65.5;59.8;64.5;52.8;60.2;57.2;68.7;14;13;7;15;13;4;11;13;9;14;10;10;9;9;14;10;10;12;12;11;12;11;14;9;16;11;13;12;12;12;15;9;13;10;13;15;21.0;1.03;1.0;1.0;21.6;17.3;25.9;轮换池;0;PASS;未知;;后腰, 中场 (中)
14008030;现役;Nicolás Tagliafico;阿根廷;Olympique Lyonnais;法甲;法甲;manual;32;172;精准;欠佳;左脚;左后卫;左边前卫;左翼卫;左后卫;1.0;0.95;0.9;65.8;62.5;59.2;非卖品;;;;48.8;62.3;60.5;74.8;57.5;69.2;64.0;80.5;12;16;6;13;15;13;9;15;11;13;7;11;12;8;13;14;11;13;13;14;13;11;14;12;16;13;17;12;16;14;15;12;13;12;18;19;34.3;0.98;1.0;1.0;33.7;27.0;40.4;主力池;0;PASS;未知;中场 (左);后卫/翼卫/中场 (左)
23127918;现役;Mehdi Taremi;伊朗;Olympiacos;希超;希超;majority_high;32;187;还行;精准;右脚;前腰;;中锋;前腰;1.0;0.95;0.9;67.2;;60.5;非卖品;;;;72.0;73.0;66.3;45.0;55.0;65.0;69.2;64.5;16;7;16;15;6;5;11;14;8;14;16;12;11;5;15;11;12;13;15;11;10;10;15;13;12;14;13;14;14;9;13;15;15;15;12;9;40.2;1.04;1.0;1.0;41.9;33.5;50.3;强援池;0;PASS;未知;前腰 (中);前腰 (中), 前锋 (中)
14004589;现役;Nicolás Otamendi;阿根廷;Benfica;葡超;葡超;manual;36;183;不错;精准;右脚;中后卫;;;中后卫;1.0;0.95;0.9;72.9;;;非卖品;;;;54.0;61.7;55.0;77.3;46.0;80.8;64.5;89.8;12;16;10;13;17;11;6;17;6;12;10;10;9;5;15;16;8;18;14;16;12;8;17;6;20;13;18;13;18;12;18;11;13;13;20;17;71.2;1.0;1.0;1.0;71.2;57.0;85.4;球星池;0;PASS;未知;;后卫 (中)
14000219;现役;Ángel Di María;阿根廷;Rosario Central;阿甲;阿甲;majority_medium;36;180;精准;欠佳;左脚;前腰;;左边锋、右边锋;前腰;1.0;0.95;0.9;75.0;;67.5;非卖品;;;;76.3;89.0;90.0;38.2;53.2;52.0;70.0;54.5;20;7;16;18;4;6;17;7;15;18;13;19;18;16;7;10;9;15;10;12;14;12;16;17;10;16;6;18;10;6;15;13;12;17;11;12;85.7;1.04;1.0;1.0;89.2;71.4;107.0;球星池;0;PASS;未知;前腰 (中);前腰 (右左中)
75000273;现役;Arturo Vidal;智利;Colo Colo;智利甲;智利甲;manual;37;180;还行;精准;右脚;后腰;前腰;中前卫;后腰;1.0;0.95;0.9;65.4;62.1;58.9;非卖品;;;;61.0;69.0;63.2;65.5;44.0;63.0;62.3;83.2;15;13;15;15;13;5;13;14;11;14;11;11;11;7;13;8;9;12;13;14;8;9;12;13;17;12;16;13;16;13;18;11;12;14;19;16;32.8;1.03;1.0;1.0;33.8;27.0;40.6;主力池;0;PASS;未知;后腰, 前腰 (中);后腰, 中场/前腰 (中)
23127761;现役;Ramin Rezaeian;伊朗;Esteghlal;伊朗超;伊朗超;manual;34;185;还行;精准;右脚;右翼卫;;右后卫;右翼卫;1.0;0.95;0.9;60.6;;54.5;非卖品;;;;58.0;63.5;62.3;55.5;59.5;63.0;58.5;65.0;13;12;15;13;10;13;9;11;15;15;11;11;15;14;12;11;12;17;11;12;12;12;13;11;14;13;12;11;12;9;14;12;12;13;14;12;17.5;1.0;1.0;1.0;17.5;14.0;21.0;基础池;0;PASS;未知;;后卫/翼卫 (右)
75000560;现役;Gary Medel;智利;Univ. Católica;智利甲;智利甲;manual;37;171;欠佳;精准;右脚;中后卫;中前卫;后腰;中后卫;1.0;0.95;0.9;64.9;61.7;58.4;非卖品;;;;38.8;61.2;45.2;71.0;42.7;63.0;59.5;89.5;12;14;4;14;14;10;8;12;5;11;5;6;12;5;15;9;9;11;9;15;8;8;12;5;18;9;18;11;18;16;20;11;12;12;18;18;30.9;1.0;1.0;1.0;30.9;24.7;37.1;主力池;0;PASS;未知;中场 (中);后卫 (中), 后腰, 中场 (中)
75001932;现役;Charles Aránguiz;智利;Univ. de Chile;智利甲;智利甲;manual;35;171;还行;精准;右脚;中前卫;;后腰;中前卫;1.0;0.95;0.9;65.4;;58.9;非卖品;;;;55.8;74.0;64.0;63.2;48.8;55.2;71.2;75.2;15;12;17;15;12;8;11;10;13;14;8;11;13;12;10;10;10;15;7;13;11;9;14;12;13;12;15;15;18;13;16;15;14;15;13;14;32.8;1.02;1.0;1.0;33.4;26.7;40.1;主力池;0;PASS;未知;;后腰, 中场 (中)
75003107;现役;Eduardo Vargas;智利;Univ. de Chile;智利甲;智利甲;manual;35;174;还行;精准;右脚;中锋;前腰、左边锋、右边锋;;中锋;1.0;0.95;0.9;60.3;57.3;;非卖品;;;;66.8;61.0;64.2;42.8;51.2;57.8;57.5;59.0;13;8;13;12;6;8;13;12;10;14;14;12;11;10;12;9;9;13;10;12;11;12;12;15;7;13;14;12;9;9;12;11;9;14;15;16;16.7;1.08;1.0;1.0;18.1;14.5;21.7;轮换池;0;PASS;未知;前腰 (右左中);前腰 (右左中), 前锋 (中)
37000496;现役;Tjaronn Chery;苏里南;N.E.C.;荷甲;荷甲;majority_high;36;171;精准;不错;左脚;前腰;右边前卫、左边锋;右边锋;前腰;1.0;0.95;0.9;65.7;62.4;59.1;非卖品;;;;68.5;73.0;69.5;31.8;63.5;55.5;60.2;63.5;15;4;17;15;5;6;15;8;14;15;13;13;13;12;9;13;13;16;6;13;10;13;12;16;14;13;13;15;13;5;15;12;12;15;10;6;33.9;1.04;1.0;1.0;35.3;28.2;42.4;主力池;0;PASS;未知;中场 (右), 前腰 (左);中场 (右), 前腰 (右左中)
75007714;现役;Eugenio Mena;智利;Univ. Católica;智利甲;智利甲;manual;36;175;精准;笨拙;左脚;左后卫;左翼卫、左边前卫、左边锋;;左后卫;1.0;0.95;0.9;60.5;57.5;;非卖品;;;;56.0;65.0;61.2;62.0;51.8;56.2;66.5;67.2;12;11;9;13;11;15;10;10;9;13;11;13;14;11;13;10;10;9;8;13;10;11;13;11;6;12;13;13;15;14;14;14;15;12;15;15;17.2;0.98;1.0;1.0;16.9;13.5;20.3;基础池;0;PASS;未知;翼卫/中场/前腰 (左);后卫/翼卫/中场/前腰 (左)
13206636;现役;Yassine Meriah;突尼斯;Espérance Tunis;突甲联赛;突甲联赛;majority_high;31;190;还行;精准;右脚;中后卫;;;中后卫;1.0;0.95;0.9;62.8;;;非卖品;;;;49.0;62.8;58.5;62.0;61.8;67.0;60.8;63.5;13;13;14;13;12;10;8;13;8;13;8;11;8;5;14;12;13;14;15;13;11;12;13;8;15;10;12;13;15;14;13;11;8;14;12;14;23.7;1.0;1.0;1.0;23.7;19.0;28.4;轮换池;0;PASS;未知;;后卫 (中)
76002390;现役;James Rodríguez;哥伦比;Minnesota;美职联;美职联;majority_medium;33;180;精准;还行;左脚;前腰;左边锋、右边锋;;前腰;1.0;0.95;0.9;72.3;68.7;;非卖品;;;;76.0;88.0;81.0;41.2;43.0;53.8;74.2;48.0;18;7;14;17;6;7;17;12;15;18;14;15;16;16;11;11;8;10;10;14;11;8;16;18;13;15;7;19;7;8;13;16;11;16;7;9;67.4;1.04;1.0;1.0;70.1;56.1;84.1;球星池;0;PASS;未知;前腰 (右左);前腰 (右左中)
76003938;现役;Carlos Bacca;哥伦比;Junior;哥伦比亚甲;哥伦比亚甲;manual;38;181;不错;精准;右脚;中锋;;;中锋;1.0;0.95;0.9;62.5;;;非卖品;;;;69.8;69.5;64.5;37.8;52.7;54.8;63.0;60.0;14;6;12;14;5;8;12;13;6;14;15;12;12;6;12;10;11;10;11;12;11;10;13;13;15;15;10;14;10;7;15;14;13;14;10;9;22.8;1.08;1.0;1.0;24.6;19.7;29.5;轮换池;0;PASS;未知;;前锋 (中)
37001736;现役;Nick Viergever;荷兰;FC Utrecht;荷甲;荷甲;majority_high;35;183;精准;欠佳;左脚;中后卫;左翼卫、后腰;左后卫;中后卫;1.0;0.95;0.9;62.2;59.1;56.0;非卖品;;;;46.8;59.8;51.2;64.2;51.0;65.5;59.0;69.8;11;13;8;12;14;13;9;14;9;12;7;9;9;7;12;12;10;17;13;14;10;10;12;7;16;12;17;13;16;13;13;12;11;11;11;11;21.9;1.0;1.0;1.0;21.9;17.5;26.3;轮换池;0;PASS;未知;翼卫 (左), 后腰;后卫 (左中), 翼卫 (左), 后腰
37001809;现役;Jordy Clasie;荷兰;AZ;荷甲;荷甲;majority_high;33;169;欠佳;精准;右脚;中前卫;中后卫;后腰;中前卫;1.0;0.95;0.9;68.6;65.2;61.7;非卖品;;;;54.0;75.8;68.8;68.5;56.5;55.5;75.2;79.2;14;13;11;16;12;8;11;6;12;15;7;13;9;10;8;12;11;11;8;15;13;11;15;13;17;13;15;16;16;15;16;15;15;15;16;17;46.8;1.02;1.0;1.0;47.7;38.2;57.2;强援池;0;PASS;未知;后卫 (中);后卫 (中), 后腰, 中场 (中)
61014825;现役;Kenny McLean;苏格兰;Norwich;英冠;英冠;majority_high;33;180;精准;欠佳;左脚;后腰;;中前卫;后腰;1.0;0.95;0.9;65.1;;58.6;非卖品;;;;59.2;67.7;62.8;60.5;58.2;68.0;66.2;74.0;13;12;14;14;9;6;13;13;13;14;9;13;12;12;12;14;11;16;14;12;11;12;14;9;18;13;14;14;16;14;14;12;13;14;15;15;31.6;1.03;1.0;1.0;32.6;26.1;39.1;主力池;0;PASS;未知;;后腰, 中场 (中)
37001813;现役;Marten de Roon;荷兰;Bergamo;意甲;意甲;majority_high;33;185;还行;精准;右脚;中后卫;;后腰、中前卫;中后卫;1.0;0.95;0.9;73.8;;66.4;非卖品;;;;56.0;68.0;56.0;78.0;59.2;76.8;71.0;84.2;12;17;6;15;14;8;11;14;5;13;10;10;10;5;14;16;12;17;14;16;10;11;15;8;16;12;18;13;18;16;17;15;15;13;16;16;77.2;1.0;1.0;1.0;77.2;61.8;92.6;球星池;0;PASS;未知;后卫 (中);后卫 (中), 后腰, 中场 (中)
37001836;现役;Bruno Martins Indi;荷兰;Sparta Rotterdam;荷甲;荷甲;majority_high;32;184;精准;还行;左脚;中后卫;;;中后卫;1.0;0.95;0.9;64.2;;;非卖品;;;;40.0;63.2;54.2;66.8;46.5;65.8;64.2;73.8;12;13;8;13;14;10;6;12;8;13;6;10;9;8;14;13;9;10;12;15;8;9;13;7;16;8;16;13;15;13;14;13;13;14;15;13;28.3;1.0;1.0;1.0;28.3;22.6;34.0;主力池;0;PASS;未知;;后卫 (中)
37003555;现役;Marko Arnautović;奥地利;Crvena zvezda;塞尔维亚超;塞尔维亚超;manual;35;192;强势;精准;左脚;中锋;;;中锋;1.0;0.95;0.9;64.1;;;非卖品;;;;65.8;69.8;72.0;36.3;57.8;72.5;50.8;65.5;16;7;15;15;5;8;14;14;12;14;14;14;11;9;17;12;12;13;14;16;11;11;9;15;11;14;13;13;13;7;15;11;9;10;14;14;28.0;1.08;1.0;1.0;30.2;24.2;36.2;主力池;0;PASS;未知;;前锋 (中)
59062049;现役;Jaloliddin Masharipov;乌兹别克斯坦;Esteghlal;伊朗超;伊朗超;manual;31;173;还行;精准;右脚;前腰;;左边锋;前腰;1.0;0.95;0.9;61.6;;55.4;非卖品;;;;52.2;68.5;70.5;39.0;61.8;49.5;60.2;50.8;14;7;10;14;6;5;10;9;14;14;9;14;12;13;11;10;12;10;7;12;14;13;12;16;7;11;12;14;10;7;11;12;12;14;8;8;20.2;1.04;1.0;1.0;21.0;16.8;25.2;轮换池;0;PASS;未知;前腰 (中);前腰 (左中)
37005632;现役;Daley Blind;荷兰;Girona;西甲;西甲;manual;34;180;精准;欠佳;左脚;中后卫;;左后卫;中后卫;1.0;0.95;0.9;69.9;;62.9;非卖品;;;;55.3;76.5;58.0;71.0;55.5;66.5;77.0;79.0;14;13;11;16;14;10;8;13;10;15;8;8;12;12;12;13;11;17;11;14;10;11;16;10;16;14;16;16;17;15;17;15;15;17;14;12;53.5;1.0;1.0;1.0;53.5;42.8;64.2;强援池;0;PASS;未知;;后卫 (左中)
76010707;现役;Juan Guillermo Cuadrado;哥伦比;Pisa;意甲;意甲;majority_high;36;179;还行;精准;右脚;右边前卫;右边锋;右后卫、右翼卫;右边前卫;1.0;0.95;0.9;64.8;61.6;58.3;非卖品;;;;58.0;71.8;74.0;64.5;59.2;48.2;62.0;76.2;16;14;8;15;12;12;12;4;10;15;10;15;15;13;8;8;12;12;7;12;11;13;11;16;12;15;15;13;14;13;19;12;13;12;14;16;30.5;1.01;1.0;1.0;30.8;24.6;37.0;主力池;0;PASS;未知;前腰 (右);后卫/翼卫/中场/前腰 (右)
96011201;现役;Bartosz Bereszyński;波兰;Palermo;意乙;意乙;majority_high;32;183;欠佳;精准;右脚;中后卫;;右后卫、右翼卫;中后卫;1.0;0.95;0.9;62.2;;56.0;非卖品;;;;36.0;59.8;56.8;63.0;60.5;64.2;56.8;73.0;12;14;8;13;12;16;4;13;6;11;4;11;13;9;13;13;12;13;10;13;12;12;12;10;14;11;15;11;15;12;15;11;10;12;16;16;21.9;1.0;1.0;1.0;21.9;17.5;26.3;轮换池;0;PASS;未知;;后卫 (右中), 翼卫 (右)
37006661;现役;Bram Nuytinck;荷兰;N.E.C.;荷甲;荷甲;majority_high;34;191;精准;欠佳;左脚;中后卫;;;中后卫;1.0;0.95;0.9;65.4;;;非卖品;;;;36.0;56.8;49.5;69.8;50.0;72.2;62.3;70.0;11;13;4;12;15;4;4;14;7;12;4;7;7;6;15;12;10;16;15;15;8;10;12;11;16;12;12;11;14;15;15;12;14;12;14;13;32.8;1.0;1.0;1.0;32.8;26.2;39.4;主力池;0;PASS;未知;;后卫 (中)
37008621;现役;Luuk de Jong;荷兰;Porto;葡超;葡超;manual;34;189;不错;精准;右脚;中锋;;;中锋;1.0;0.95;0.9;67.3;;;非卖品;;;;77.2;62.5;60.5;35.8;51.2;78.0;65.8;74.8;13;4;14;11;5;4;12;18;12;14;17;10;8;4;14;15;10;18;17;15;11;9;16;12;17;16;17;14;13;5;14;14;13;16;16;14;40.7;1.08;1.0;1.0;43.9;35.1;52.7;强援池;0;PASS;未知;;前锋 (中)
76015950;现役;Santiago Arias;哥伦比;Independiente;阿甲;阿甲;majority_medium;33;178;不错;精准;右脚;右后卫;;右翼卫;右后卫;1.0;0.95;0.9;63.7;;57.3;非卖品;;;;49.5;65.5;59.8;64.8;65.5;59.5;65.8;73.5;12;13;8;14;12;13;11;9;11;12;6;11;13;9;12;14;13;10;9;13;13;13;13;13;12;13;15;13;15;14;17;13;13;13;13;15;26.6;0.98;1.0;1.0;26.1;20.9;31.3;主力池;0;PASS;未知;;后卫/翼卫 (右)
27025428;现役;Alexander Scholz;丹麦;FC Tokyo;J1;J1;majority_high;32;189;不错;精准;右脚;中后卫;;;中后卫;1.0;0.95;0.9;62.6;;;非卖品;;;;53.0;61.0;58.2;65.2;59.5;63.5;61.5;60.8;12;14;18;13;13;7;12;14;9;12;10;12;9;8;13;12;12;12;14;13;11;12;12;9;13;6;12;12;12;13;12;12;12;14;12;13;23.1;1.0;1.0;1.0;23.1;18.5;27.7;轮换池;0;PASS;后卫 (中);;后卫 (中)
53113781;现役;Abdoulaye Seck;塞内加尔;Maccabi Haifa;以色列超;以色列超;manual;32;192;欠佳;精准;右脚;中后卫;;;中后卫;1.0;0.95;0.9;60.4;;;非卖品;;;;46.5;42.2;47.5;60.0;64.0;74.5;52.0;61.0;9;14;9;9;12;7;8;13;3;9;9;9;9;8;17;14;13;14;16;13;10;13;12;11;12;8;13;6;13;10;11;11;9;13;14;14;17.0;1.0;1.0;1.0;17.0;13.6;20.4;基础池;0;PASS;未知;;后卫 (中)
59044494;现役;Igor Sergeev;乌兹别克斯坦;Persepolis;伊朗超;伊朗超;manual;31;188;精准;还行;左脚;中锋;;;中锋;1.0;0.95;0.9;61.5;;;非卖品;;;;68.5;55.2;58.7;41.5;50.8;67.8;63.8;58.8;13;6;12;9;6;3;11;15;6;12;14;11;7;6;13;13;10;13;17;12;12;9;15;10;6;15;10;12;12;8;14;14;12;15;14;11;19.9;1.08;1.0;1.0;21.5;17.2;25.8;轮换池;0;PASS;未知;;前锋 (中)
13199280;现役;Mohamed Fouzair;摩洛哥;US Touarga;摩洛哥足球国家联赛1组;摩洛哥足球国家联赛1组;majority_medium;33;166;精准;还行;左脚;前腰;;右边锋;前腰;1.0;0.95;0.9;65.6;;59.0;非卖品;;;;67.3;71.2;76.0;41.8;54.3;51.8;61.2;58.5;16;7;16;14;8;6;13;8;13;15;13;15;13;12;9;12;8;12;4;16;15;13;13;14;14;14;12;14;11;7;13;13;11;14;9;11;33.6;1.04;1.0;1.0;34.9;27.9;41.9;主力池;0;PASS;未知;;前腰 (右中)
76023654;现役;Mateus Uribe;哥伦比;Atlético Nacional;哥伦比亚甲;哥伦比亚甲;manual;33;182;还行;精准;右脚;后腰;;中前卫;后腰;1.0;0.95;0.9;62.3;;56.1;非卖品;;;;53.8;62.8;59.5;65.0;56.0;59.8;62.7;68.8;13;12;14;13;13;12;11;12;6;13;9;11;11;10;12;12;11;11;11;13;12;11;13;9;13;11;13;12;14;14;15;12;14;12;13;13;22.2;1.03;1.0;1.0;22.8;18.2;27.4;轮换池;0;PASS;未知;;后腰, 中场 (中)
37018393;现役;Davy Klaassen;荷兰;Ajax;荷甲;荷甲;manual;31;179;还行;精准;右脚;前腰;;中前卫;前腰;1.0;0.95;0.9;66.6;;59.9;非卖品;;;;66.5;68.5;62.5;56.0;56.5;65.8;71.0;84.0;13;11;13;14;7;5;12;13;8;13;13;11;11;6;12;12;11;17;11;15;13;11;16;13;17;14;18;14;18;12;18;15;15;13;13;17;37.6;1.04;1.0;1.0;39.1;31.3;46.9;主力池;0;PASS;未知;;中场/前腰 (中)
76033272;现役;Wílmar Barrios;哥伦比;Zenit;俄超;俄超;majority_medium;31;178;还行;精准;右脚;后腰;中前卫;;后腰;1.0;0.95;0.9;68.4;65.0;;非卖品;;;;49.0;56.0;56.5;83.0;68.2;66.0;70.5;77.2;11;15;6;13;18;6;11;9;6;12;6;11;10;10;10;16;13;16;9;13;13;14;17;9;11;10;16;8;16;16;14;13;18;15;18;15;45.8;1.03;1.0;1.0;47.2;37.8;56.6;强援池;0;PASS;未知;中场 (中);后腰, 中场 (中)
13197862;现役;Ayoub El Kaabi;摩洛哥;Olympiacos;希超;希超;majority_high;31;182;精准;欠佳;左脚;中锋;;;中锋;1.0;0.95;0.9;67.5;;;非卖品;;;;75.0;53.7;56.2;53.5;67.2;72.0;66.2;74.2;12;9;12;11;9;5;10;16;5;11;16;10;7;5;14;14;14;17;14;13;12;13;17;12;11;18;16;9;15;9;16;14;15;15;15;11;41.6;1.08;1.0;1.0;44.9;35.9;53.9;强援池;0;PASS;未知;;前锋 (中)
37024025;现役;Virgil van Dijk;荷兰;Liverpool;英超;英超;manual;33;195;还行;精准;右脚;中后卫;;;中后卫;1.0;0.95;0.9;78.9;;;非卖品;;;;49.3;76.2;65.5;83.0;69.0;79.5;81.8;82.5;16;17;11;16;16;6;5;18;13;17;8;9;4;2;18;14;14;17;17;14;12;14;17;11;18;10;15;15;17;17;18;16;17;18;14;17;117.7;1.0;1.0;1.0;117.7;94.2;141.2;球星池;0;PASS;后卫 (中);;后卫 (中)
13166348;现役;Tarek Hamed;埃及;Al-Bidda;卡塔尔乙;卡塔尔乙;manual;36;169;欠佳;精准;右脚;后腰;中前卫;;后腰;1.0;0.95;0.9;61.4;58.3;;非卖品;;;;40.0;55.8;51.5;70.3;43.5;60.0;62.5;80.5;11;15;10;12;13;7;8;7;7;10;4;9;8;8;10;11;6;18;5;15;14;10;14;7;15;10;16;10;17;14;17;14;13;11;16;18;19.6;1.03;1.0;1.0;20.2;16.2;24.2;轮换池;0;PASS;未知;中场 (中);后腰, 中场 (中)
13139359;现役;Issoufou Dayo;布基纳法索;Umm-Salal;卡塔尔联;卡塔尔联;manual;33;187;欠佳;精准;右脚;中后卫;;;中后卫;1.0;0.95;0.9;63.2;;;非卖品;;;;46.0;54.8;46.2;67.5;54.5;67.5;61.3;67.0;9;13;15;11;14;9;6;14;6;12;9;8;8;5;15;11;12;15;14;12;9;10;14;7;14;9;12;11;12;14;15;14;12;9;14;15;25.0;1.0;1.0;1.0;25.0;20.0;30.0;主力池;0;PASS;未知;;后卫 (中)
37024733;现役;Joël Veltman;荷兰;Brighton;英超;英超;manual;33;182;欠佳;精准;右脚;中后卫;;右后卫;中后卫;1.0;0.95;0.9;69.4;;62.5;非卖品;;;;43.0;63.5;55.2;80.0;53.8;61.8;73.7;76.8;13;17;7;13;14;8;5;14;4;13;7;9;11;7;11;13;10;16;10;10;11;11;16;9;15;9;14;11;15;17;16;16;16;14;16;16;50.8;1.0;1.0;1.0;50.8;40.6;61.0;强援池;0;PASS;未知;;后卫 (右中)
37025511;现役;Mitchell Dijks;荷兰;Nam Dinh;越超联赛;越超联赛;majority_high;31;193;精准;欠佳;左脚;左后卫;;左翼卫;左后卫;1.0;0.95;0.9;62.7;;56.4;非卖品;;;;35.8;63.2;62.0;61.0;63.5;72.5;59.0;70.0;13;13;5;13;12;14;5;11;6;13;2;12;13;4;14;12;13;17;16;15;11;13;12;11;12;14;15;12;15;11;14;12;12;12;14;15;23.4;0.98;1.0;1.0;22.9;18.3;27.5;轮换池;0;PASS;未知;;后卫/翼卫 (左)
37026994;现役;Wout Weghorst;荷兰;Ajax;荷甲;荷甲;manual;32;197;还行;精准;右脚;中锋;;;中锋;1.0;0.95;0.9;63.9;;;非卖品;;;;65.0;59.0;59.0;45.0;54.8;80.0;60.8;81.2;12;8;15;12;7;5;8;16;7;12;15;11;6;3;16;14;11;17;17;16;11;10;15;12;15;13;17;12;14;6;18;13;13;13;17;18;27.3;1.08;1.0;1.0;29.5;23.6;35.4;主力池;0;PASS;未知;;前锋 (中)
28004100;现役;Joel Ward;英格兰;Swansea;英冠;英冠;majority_high;35;187;还行;精准;右脚;中后卫;;右后卫;中后卫;1.0;0.95;0.9;62.4;;56.2;非卖品;;;;40.5;51.0;45.7;71.0;41.5;60.7;59.0;79.5;11;14;5;11;14;10;8;14;7;10;5;9;10;6;14;9;9;11;14;10;9;7;14;3;16;10;14;8;16;14;18;12;15;11;16;14;22.5;1.0;1.0;1.0;22.5;18.0;27.0;轮换池;0;PASS;未知;;后卫 (右中)
23098404;现役;Theerathon Bunmathan;泰国;Buriram Utd;泰超;泰超;manual;34;171;精准;还行;左脚;中前卫;;左后卫、左翼卫;中前卫;1.0;0.95;0.9;62.2;;56.0;非卖品;;;;56.8;68.2;64.5;58.2;60.0;53.0;61.5;67.2;13;11;13;14;11;13;13;6;15;14;12;13;14;14;11;12;12;13;7;7;12;12;13;14;14;8;12;14;13;12;15;12;12;10;14;13;21.9;1.02;1.0;1.0;22.3;17.8;26.8;轮换池;0;PASS;未知;;后卫/翼卫 (左), 中场 (中)
37040604;现役;Hakim Ziyech;摩洛哥;Wydad Casablanca;摩洛哥足球国家联赛1组;摩洛哥足球国家联赛1组;majority_high;31;180;精准;欠佳;左脚;前腰;中前卫、左边前卫、右边前卫、左边锋;右边锋;前腰;1.0;0.95;0.9;68.8;65.4;61.9;非卖品;;;;71.8;81.8;76.0;36.0;55.0;49.2;66.0;51.2;18;6;14;16;5;6;17;10;17;17;13;12;16;14;9;8;10;13;11;10;15;12;17;17;12;13;8;17;12;6;12;13;8;14;9;10;47.8;1.04;1.0;1.0;49.7;39.8;59.6;强援池;0;PASS;未知;中场 (右左中), 前腰 (左中);中场/前腰 (右左中)
37044889;现役;Alireza Jahanbakhsh;伊朗;Dender EH;比甲;比甲;majority_medium;31;183;还行;精准;右脚;前腰;左边前卫;右边前卫、左边锋、右边锋;前腰;1.0;0.95;0.9;62.2;59.1;56.0;非卖品;;;;63.5;69.0;67.5;36.0;55.0;53.8;56.0;66.2;14;5;12;14;6;14;14;9;13;14;12;14;14;13;10;11;11;8;11;12;11;11;11;13;15;14;13;14;13;7;14;12;10;12;14;12;21.9;1.04;1.0;1.0;22.8;18.2;27.4;轮换池;0;PASS;未知;中场 (左), 前腰 (中);中场 (右左), 前腰 (右左中)
93067261;现役;Gustav Ludwigson;瑞典;Daejeon Hana;K1;K1;majority_high;31;182;欠佳;精准;右脚;右边锋;;左边锋、中锋;右边锋;1.0;0.95;0.9;60.7;;54.6;非卖品;;;;59.2;55.5;59.0;59.5;63.2;67.2;59.3;69.8;12;11;8;10;12;7;9;10;6;11;13;12;10;7;13;14;12;14;12;14;13;13;12;10;9;14;16;12;15;12;14;12;13;11;14;14;17.7;1.05;1.0;1.0;18.6;14.9;22.3;轮换池;0;PASS;前腰 (右);;前腰 (右左), 前锋 (中)
12056386;现役;Ferjani Sassi;突尼斯;Al-Gharafa;卡塔尔联;卡塔尔联;manual;32;186;欠佳;精准;右脚;中前卫;;后腰;中前卫;1.0;0.95;0.9;64.5;;58.1;非卖品;;;;61.0;72.0;68.3;52.0;55.5;64.5;64.2;65.8;16;10;14;15;9;4;14;12;12;14;10;13;11;11;14;12;11;12;13;13;11;11;13;12;16;12;12;14;14;10;13;13;12;15;13;13;29.4;1.02;1.0;1.0;30.0;24.0;36.0;主力池;0;PASS;未知;;后腰, 中场 (中)
12056378;现役;Ali Maâloul;突尼斯;CS Sfaxien;突甲联赛;突甲联赛;majority_medium;35;175;精准;还行;左脚;左边前卫;;左后卫、左翼卫;左边前卫;1.0;0.95;0.9;61.6;;55.4;非卖品;;;;63.0;65.8;62.0;54.0;64.0;57.5;58.8;62.7;13;13;15;14;9;12;9;7;14;13;13;12;16;15;12;12;13;16;9;11;12;13;11;12;16;15;13;12;13;11;15;12;10;14;7;12;20.2;1.01;1.0;1.0;20.4;16.3;24.5;轮换池;0;PASS;未知;中场 (左);后卫/翼卫/中场 (左)
12043455;现役;Zinedine Ferhat;阿尔及利亚;MC Alger;阿甲;阿甲;majority_medium;31;183;还行;精准;右脚;左边锋;左边前卫、右边前卫;右边锋;左边锋;1.0;0.95;0.9;61.0;57.9;54.9;非卖品;;;;53.5;65.3;67.8;41.8;62.8;58.8;59.0;60.5;14;7;12;13;7;8;7;10;12;13;10;14;13;13;11;12;13;12;11;13;13;12;13;13;10;13;12;13;13;7;13;12;12;13;12;10;18.5;1.05;1.0;1.0;19.4;15.5;23.3;轮换池;0;PASS;未知;中场 (右左), 前腰 (左);中场/前腰 (右左)
12042506;现役;Baghdad Bounedjah;阿尔及利亚;Al-Shamal;卡塔尔联;卡塔尔联;manual;33;184;还行;精准;右脚;中锋;;;中锋;1.0;0.95;0.9;65.7;;;非卖品;;;;74.8;62.0;64.8;40.5;59.5;62.7;62.5;65.0;14;6;15;12;6;6;13;14;11;14;16;12;8;5;13;11;12;13;12;13;12;12;15;12;15;15;12;12;9;7;15;13;12;15;14;14;33.9;1.08;1.0;1.0;36.7;29.4;44.0;主力池;0;PASS;未知;;前锋 (中)
12038077;现役;Boualem Khoukhi;卡塔尔;Al-Sadd;卡塔尔联;卡塔尔联;manual;34;184;还行;精准;右脚;中后卫;后腰;;中后卫;1.0;0.95;0.9;61.9;58.8;;非卖品;;;;47.8;58.5;54.3;64.2;53.2;63.8;63.2;64.2;12;12;13;12;13;9;8;14;12;12;8;10;9;7;13;12;11;13;12;13;10;10;13;8;13;9;12;11;15;14;12;13;12;14;14;12;21.0;1.0;1.0;1.0;21.0;16.8;25.2;轮换池;0;PASS;未知;后腰;后卫 (中), 后腰
77005949;现役;Christian Cueva;秘鲁;Juan Pablo II;秘鲁甲;秘鲁甲;manual;33;168;不错;精准;右脚;前腰;左边锋;右边锋;前腰;1.0;0.95;0.9;61.6;58.5;55.4;非卖品;;;;57.8;70.0;68.2;44.0;60.0;44.5;57.5;53.7;15;8;15;14;9;8;8;7;13;13;12;12;12;13;6;9;12;13;5;12;15;12;10;16;7;14;13;15;13;7;9;12;12;12;11;8;20.2;1.04;1.0;1.0;21.0;16.8;25.2;轮换池;0;PASS;未知;前腰 (左);前腰 (右左中)
77012161;现役;Luis Advíncula;秘鲁;Alianza;秘鲁甲;秘鲁甲;manual;34;177;不错;精准;右脚;右后卫;右边前卫、右边锋;右翼卫;右后卫;1.0;0.95;0.9;60.2;57.2;54.2;非卖品;;;;55.0;58.8;54.0;54.8;66.8;69.5;51.2;71.2;12;13;8;12;10;14;13;8;10;10;10;10;13;8;15;14;14;14;11;14;11;13;9;10;13;13;15;12;14;9;15;11;11;10;15;15;16.5;0.98;1.0;1.0;16.2;13.0;19.4;基础池;0;PASS;未知;中场/前腰 (右);后卫/翼卫/中场/前腰 (右)
77012583;现役;André Carrillo;秘鲁;Corinthians;巴甲;巴甲;majority_high;33;180;还行;精准;右脚;右边锋;;中前卫;右边锋;1.0;0.95;0.9;62.3;;56.1;非卖品;;;;60.5;69.0;72.5;41.5;60.0;57.2;56.8;50.8;14;7;13;15;7;10;10;8;10;14;13;16;14;11;12;12;12;13;8;12;12;12;10;16;6;13;12;13;10;9;10;11;11;13;11;8;22.2;1.05;1.0;1.0;23.3;18.6;28.0;轮换池;0;PASS;未知;;中场 (中), 前腰 (右)
78000335;现役;Luis Suárez;乌拉圭;Inter Miami;美职联;美职联;majority_high;37;182;不错;精准;右脚;中锋;;;中锋;1.0;0.95;0.9;69.9;;;非卖品;;;;85.0;79.0;75.8;50.5;38.2;59.5;73.5;73.7;16;9;16;16;8;8;15;13;16;18;18;15;15;15;13;8;8;16;10;9;8;7;16;18;15;17;8;15;12;8;20;15;13;19;18;17;53.5;1.08;1.0;1.0;57.7;46.2;69.2;强援池;0;PASS;未知;;前锋 (中)
12035892;现役;Ahmed Hegazy;埃及;Neom SC;沙特联;沙特联;majority_high;33;193;欠佳;精准;右脚;中后卫;;;中后卫;1.0;0.95;0.9;66.5;;;非卖品;;;;47.3;59.8;48.2;71.0;43.8;72.5;66.0;72.5;12;15;8;13;13;11;7;17;6;11;9;8;9;4;18;10;11;17;16;9;7;6;14;9;18;8;10;11;14;15;16;13;12;15;17;17;37.2;1.0;1.0;1.0;37.2;29.8;44.6;主力池;0;PASS;未知;;后卫 (中)
78005742;现役;Edinson Cavani;乌拉圭;Boca;阿甲;阿甲;majority_high;37;184;还行;精准;右脚;中锋;;;中锋;1.0;0.95;0.9;62.9;;;非卖品;;;;72.2;61.0;58.8;50.5;45.2;64.5;60.5;81.0;13;8;16;13;9;4;13;18;13;14;15;10;12;11;14;11;9;13;13;12;11;8;14;10;18;15;18;10;15;10;17;12;13;14;15;15;24.0;1.08;1.0;1.0;25.9;20.7;31.1;主力池;0;PASS;未知;;前锋 (中)
78010878;现役;Martín Cáceres;乌拉圭;Juventud;乌拉圭甲级联赛;乌拉圭甲级联赛;majority_medium;37;180;不错;精准;右脚;中后卫;;左后卫、右后卫;中后卫;1.0;0.95;0.9;61.6;;55.4;非卖品;;;;50.5;48.0;56.0;69.5;52.3;62.5;55.5;63.7;11;16;13;9;14;14;6;14;11;12;9;10;11;8;12;9;10;15;14;13;12;11;15;12;7;12;15;9;13;13;14;8;8;12;14;14;20.2;1.0;1.0;1.0;20.2;16.2;24.2;轮换池;0;PASS;未知;;后卫 (右左中)
78016342;现役;Sebastián Coates;乌拉圭;Nacional;乌拉圭甲级联赛;乌拉圭甲级联赛;majority_high;34;196;还行;精准;右脚;中后卫;;;中后卫;1.0;0.95;0.9;66.2;;;非卖品;;;;52.3;57.5;51.0;69.8;42.0;73.8;64.8;71.8;11;13;10;12;15;6;5;16;2;11;11;10;10;5;15;12;10;16;17;15;6;6;14;9;20;12;10;11;14;14;16;13;14;13;14;15;36.0;1.0;1.0;1.0;36.0;28.8;43.2;主力池;0;PASS;未知;;后卫 (中)
78018171;现役;Nicolás Lodeiro;乌拉圭;Nacional;乌拉圭甲级联赛;乌拉圭甲级联赛;majority_high;35;173;精准;还行;左脚;前腰;左边前卫;中前卫、左边锋、右边锋;前腰;1.0;0.95;0.9;61.6;58.5;55.4;非卖品;;;;61.5;68.2;68.0;38.8;54.8;55.0;56.8;57.0;14;8;12;14;6;9;12;10;14;13;14;14;14;14;11;12;10;16;7;10;14;11;11;14;14;11;10;13;14;5;12;14;13;11;9;5;20.2;1.04;1.0;1.0;21.0;16.8;25.2;轮换池;0;PASS;未知;中场 (左);中场 (左中), 前腰 (右左中)
12028932;现役;Vincent Aboubakar;喀麦隆;Neftçi PFK;阿塞拜疆超;阿塞拜疆超;manual;32;184;不错;精准;右脚;前腰;右边锋;中锋;前腰;1.0;0.95;0.9;63.0;59.8;56.7;非卖品;;;;79.0;69.0;71.2;28.8;39.0;54.0;62.5;39.5;16;4;17;14;4;5;13;15;10;15;17;14;7;6;12;6;9;15;10;13;7;7;16;17;5;16;5;13;9;4;10;14;7;16;9;10;24.3;1.04;1.0;1.0;25.3;20.2;30.4;主力池;0;PASS;未知;前腰 (右);前腰 (右中), 前锋 (中)
12011996;现役;Youssef Msakni;突尼斯;Espérance Tunis;突甲联赛;突甲联赛;majority_high;34;179;还行;精准;右脚;前腰;;左边锋;前腰;1.0;0.95;0.9;64.8;;58.3;非卖品;;;;67.8;70.5;74.0;36.8;55.5;51.5;61.5;54.2;15;6;12;14;5;4;14;9;12;15;13;15;12;12;9;10;11;13;9;13;13;11;14;16;13;14;9;15;9;7;14;11;11;14;8;12;30.5;1.04;1.0;1.0;31.7;25.4;38.0;主力池;0;PASS;未知;前腰 (中);前腰 (左中)
28005568;现役;Jordan Henderson;英格兰;Brentford;英超;英超;manual;34;182;欠佳;精准;右脚;后腰;;中前卫;后腰;1.0;0.95;0.9;70.8;;63.7;非卖品;;;;51.5;73.7;57.5;72.5;61.0;70.2;73.2;86.7;14;14;11;16;14;9;9;10;13;11;7;11;12;14;12;15;12;17;12;14;11;12;15;7;19;13;17;15;18;15;19;16;15;14;16;14;58.4;1.03;1.0;1.0;60.2;48.2;72.2;强援池;0;PASS;未知;;后腰, 中场 (中)
8835722;现役;Teo Gutiérrez;哥伦比;Junior;哥伦比亚甲;哥伦比亚甲;manual;39;180;不错;精准;右脚;前腰;;中锋;前腰;1.0;0.95;0.9;64.9;;58.4;非卖品;;;;68.2;74.0;68.5;38.8;49.0;55.5;63.3;63.5;15;6;13;15;6;5;13;13;13;14;14;13;13;11;13;8;10;10;10;13;10;10;13;16;14;15;10;15;11;6;15;15;13;12;13;13;30.9;1.04;1.0;1.0;32.1;25.7;38.5;主力池;0;PASS;未知;前腰 (中);前腰 (中), 前锋 (中)
8833628;现役;Thiago Silva;巴西;Porto;葡超;葡超;manual;40;181;欠佳;精准;右脚;中后卫;;;中后卫;1.0;0.95;0.9;72.5;;;非卖品;;;;47.0;65.0;53.3;80.0;42.5;73.5;78.5;79.8;13;15;13;13;15;5;7;16;8;14;7;7;5;3;13;12;8;20;13;16;9;8;16;8;20;8;14;13;15;18;16;16;17;17;17;13;68.7;1.0;1.0;1.0;68.7;55.0;82.4;强援池;0;PASS;未知;;后卫 (中)
8832889;现役;Willian;巴西;Grêmio;巴甲;巴甲;majority_high;36;175;欠佳;精准;右脚;前腰、左边锋、右边锋;左边前卫、右边前卫;;前腰;1.0;0.95;0.9;67.2;63.8;;非卖品;;;;67.2;74.2;78.8;40.0;55.0;56.5;64.0;52.0;16;8;17;14;5;8;14;9;14;17;12;17;14;13;13;11;10;12;8;13;12;12;14;14;8;14;12;15;12;7;10;14;11;14;9;9;40.2;1.04;1.0;1.0;41.9;33.5;50.3;强援池;0;PASS;未知;中场 (右左);中场 (右左), 前腰 (右左中)
66014583;现役;Jang Hyun-Soo;韩国;Al-Gharafa;卡塔尔联;卡塔尔联;manual;33;183;欠佳;精准;右脚;中后卫;;;中后卫;1.0;0.95;0.9;63.1;;;非卖品;;;;43.8;56.5;52.5;69.2;52.8;63.2;64.0;63.8;12;14;11;12;14;10;5;14;6;11;8;10;8;6;13;12;11;13;13;12;9;10;14;8;12;8;12;10;15;14;12;13;13;14;13;13;24.7;1.0;1.0;1.0;24.7;19.8;29.6;轮换池;0;PASS;未知;;后卫 (中)
8708271;现役;Lukas Podolski;德国;Górnik;“PKO BP”波甲联赛;“PKO BP”波甲联赛;majority_medium;39;183;精准;还行;左脚;前腰;;中锋;前腰;1.0;0.95;0.9;62.8;;56.5;非卖品;;;;71.5;74.0;62.2;33.0;45.5;54.5;62.2;56.0;15;5;17;16;5;9;15;8;14;14;15;11;13;10;13;8;10;9;10;14;10;8;14;9;15;10;6;14;15;6;14;14;7;18;11;8;23.7;1.04;1.0;1.0;24.7;19.8;29.6;轮换池;0;PASS;未知;;前腰 (中), 前锋 (中)
8632545;现役;Abdallah El Saeed;埃及;Zamalek;埃超联赛;埃超联赛;majority_medium;39;175;强势;精准;左脚;前腰;后腰;中前卫;前腰;1.0;0.95;0.9;64.2;61.0;57.8;非卖品;;;;65.0;75.5;65.2;39.0;52.0;56.5;60.8;66.2;14;8;16;16;5;2;13;10;15;16;14;10;13;14;10;10;10;18;9;11;14;10;13;14;18;11;11;15;16;6;15;14;11;12;11;7;28.3;1.04;1.0;1.0;29.5;23.6;35.4;主力池;0;PASS;未知;后腰;后腰, 中场/前腰 (中)
28005949;现役;Aaron Cresswell;英格兰;Stoke;英冠;英冠;majority_high;35;170;精准;欠佳;左脚;中后卫;左翼卫;左后卫;中后卫;1.0;0.95;0.9;61.7;58.6;55.5;非卖品;;;;58.2;62.7;62.0;63.0;50.2;60.0;65.0;64.5;13;13;13;12;13;11;14;11;15;13;8;12;14;14;10;14;9;15;8;13;11;10;13;12;12;13;12;12;16;11;13;14;13;15;13;8;20.4;1.0;1.0;1.0;20.4;16.3;24.5;轮换池;0;PASS;未知;翼卫 (左);后卫 (左中), 翼卫 (左)
8507078;现役;Teemu Pukki;芬兰;HJK;芬超;芬超;majority_medium;34;181;还行;精准;右脚;中锋;;;中锋;1.0;0.95;0.9;62.1;;;非卖品;;;;72.0;64.0;61.3;37.5;48.2;57.2;62.0;67.5;12;6;17;12;5;5;12;10;9;14;15;13;12;7;12;10;9;15;9;13;11;10;15;8;8;15;16;14;16;6;15;13;13;14;9;14;21.6;1.08;1.0;1.0;23.3;18.6;28.0;轮换池;0;PASS;未知;;前锋 (中)
79010306;现役;Gustavo Gómez;巴拉圭;Palmeiras;巴甲;巴甲;majority_medium;31;185;欠佳;精准;右脚;中后卫;;;中后卫;1.0;0.95;0.9;72.1;;;非卖品;;;;44.0;54.2;48.0;76.0;61.8;83.8;66.0;79.5;11;15;13;11;15;11;6;15;7;11;7;8;9;5;16;20;12;20;14;13;11;11;16;5;17;8;16;10;16;16;16;13;13;13;17;15;66.2;1.0;1.0;1.0;66.2;53.0;79.4;强援池;0;PASS;未知;;后卫 (中)
8502440;现役;Edin Džeko;波斯尼亚和黑塞哥维那;FC Schalke 04;德乙;德乙;majority_medium;38;193;精准;精准;双足;中锋;;;中锋;1.0;0.95;0.9;66.3;;;非卖品;;;;75.0;67.2;65.2;40.5;43.8;74.5;65.8;76.8;15;6;12;13;6;6;12;16;6;16;16;11;8;4;14;11;9;20;16;16;8;8;16;12;18;16;12;13;16;6;19;14;13;16;14;12;36.4;1.08;1.0;1.0;39.3;31.4;47.2;主力池;0;PASS;未知;;前锋 (中)
53059302;现役;Ohi Omoijuanfo;挪威;Changchun;中超;中超;majority_high;31;188;欠佳;精准;右脚;中锋;左边锋、右边锋;;中锋;1.0;0.95;0.9;61.5;58.4;;非卖品;;;;63.2;57.2;57.7;45.8;64.0;63.2;62.3;61.7;11;7;13;11;8;5;11;11;9;12;12;11;9;5;12;11;14;13;14;14;12;12;14;12;9;14;13;12;14;9;12;13;12;14;13;12;19.9;1.08;1.0;1.0;21.5;17.2;25.8;轮换池;0;PASS;前锋 (中);前腰 (右左);前腰 (右左), 前锋 (中)
8442448;现役;André Ayew;加纳;NAC Breda;荷甲;荷甲;majority_high;35;175;精准;欠佳;左脚;中锋;左边锋;右边锋;中锋;1.0;0.95;0.9;62.6;59.5;56.3;非卖品;;;;65.2;57.7;73.5;43.8;48.0;65.5;60.8;73.0;14;7;14;11;6;5;12;15;11;15;13;15;10;9;13;10;9;15;10;16;14;9;15;15;18;12;14;10;11;7;15;11;14;15;17;13;23.1;1.08;1.0;1.0;24.9;19.9;29.9;轮换池;0;PASS;未知;前腰 (左);前腰 (右左), 前锋 (中)
80000931;现役;Celso Borges;哥斯达黎加;Alajuelense;哥斯达黎加甲级联赛;哥斯达黎加甲级联赛;majority_high;36;188;欠佳;精准;右脚;中前卫;后腰;;中前卫;1.0;0.95;0.9;62.5;59.4;;非卖品;;;;63.0;69.5;58.5;60.5;50.5;59.5;64.5;64.0;13;12;14;15;11;2;13;12;12;13;12;10;12;12;12;11;10;14;11;11;10;10;13;13;15;13;13;14;13;13;12;13;12;12;13;12;22.8;1.02;1.0;1.0;23.2;18.6;27.8;轮换池;0;PASS;未知;;中场 (中)
80000942;现役;Giancarlo González;哥斯达黎加;Sporting FC (CRC);哥斯达黎加甲级联赛;哥斯达黎加甲级联赛;majority_medium;36;186;欠佳;精准;右脚;中后卫;;;中后卫;1.0;0.95;0.9;64.5;;;非卖品;;;;37.2;52.5;48.5;70.0;56.5;68.0;62.0;71.0;10;15;8;11;14;5;5;15;3;10;7;7;4;3;14;12;11;13;15;14;13;11;14;11;13;5;13;11;14;14;17;12;11;12;14;15;29.4;1.0;1.0;1.0;29.4;23.5;35.3;主力池;0;PASS;未知;;后卫 (中)
80010074;现役;Joel Campbell;哥斯达黎加;Alajuelense;哥斯达黎加甲级联赛;哥斯达黎加甲级联赛;majority_high;32;178;精准;欠佳;左脚;左边锋;左边前卫、右边前卫、中锋;右边锋;左边锋;1.0;0.95;0.9;63.8;60.6;57.4;非卖品;;;;63.5;65.5;71.0;39.2;66.8;55.8;57.7;58.8;14;7;14;13;6;4;12;7;10;14;12;15;12;10;10;12;13;12;9;12;14;14;13;14;6;14;13;13;13;7;13;12;9;13;13;10;27.0;1.05;1.0;1.0;28.3;22.6;34.0;主力池;0;PASS;未知;中场 (右左), 前锋 (中);中场/前腰 (右左), 前锋 (中)
80011933;现役;Óscar Duarte;哥斯达黎加;Saprissa;哥斯达黎加甲级联赛;哥斯达黎加甲级联赛;majority_high;35;186;还行;精准;右脚;中后卫;;;中后卫;1.0;0.95;0.9;62.6;;;非卖品;;;;49.3;48.0;52.2;69.2;53.8;63.2;59.5;69.5;11;14;8;10;15;12;10;15;10;10;9;10;8;8;14;12;12;12;13;12;10;9;13;11;12;9;15;7;15;14;15;13;12;12;12;14;23.1;1.0;1.0;1.0;23.1;18.5;27.7;轮换池;0;PASS;未知;;后卫 (中)
80013411;现役;Francisco Calvo;哥斯达黎加;Al-Ettifaq;沙特联;沙特联;majority_high;32;183;精准;还行;左脚;中后卫;左后卫、左翼卫;;中后卫;1.0;0.95;0.9;63.4;60.2;;非卖品;;;;56.3;56.0;53.5;64.2;58.2;67.8;61.8;68.2;12;13;9;12;12;10;7;15;12;11;10;9;8;3;14;12;12;16;13;12;12;11;14;10;15;16;12;10;12;12;14;12;14;13;15;16;25.6;1.0;1.0;1.0;25.6;20.5;30.7;主力池;0;PASS;未知;后卫/翼卫 (左);后卫 (左中), 翼卫 (左)
28009441;现役;Kyle Walker;英格兰;Burnley;英超;英超;manual;34;183;还行;精准;右脚;中后卫、右后卫;右翼卫;;中后卫;1.0;0.95;0.9;68.6;65.2;;非卖品;;;;48.2;62.8;62.0;68.8;75.0;73.0;63.8;71.8;13;14;6;13;14;12;8;13;11;13;7;12;11;4;14;16;16;20;11;13;13;14;14;10;15;13;14;12;15;14;16;12;12;13;13;13;46.8;1.0;1.0;1.0;46.8;37.4;56.2;强援池;0;PASS;未知;翼卫 (右);后卫 (右中), 翼卫 (右)
53020695;现役;Joshua King;挪威;Al-Khaleej;沙特联;沙特联;majority_medium;33;180;欠佳;精准;右脚;中锋;左边锋;;中锋;1.0;0.95;0.9;65.6;62.3;;非卖品;;;;72.0;59.0;65.5;40.2;65.8;65.0;60.5;62.2;15;7;14;12;5;8;12;14;9;12;14;13;7;6;13;11;14;15;13;13;12;13;15;12;11;17;12;10;11;7;14;13;11;15;14;12;33.6;1.08;1.0;1.0;36.2;29.0;43.4;主力池;0;PASS;未知;前腰 (左);前腰 (左), 前锋 (中)
28010491;现役;Danny Welbeck;英格兰;Brighton;英超;英超;manual;34;185;还行;精准;右脚;中锋;左边锋、右边锋;;中锋;1.0;0.95;0.9;67.8;64.4;;非卖品;;;;67.0;69.5;67.2;47.8;66.8;70.2;68.7;73.5;14;8;14;14;7;3;9;15;4;14;14;13;8;5;15;13;14;15;14;13;12;13;14;14;14;16;16;14;16;9;14;16;15;14;14;12;43.0;1.08;1.0;1.0;46.4;37.1;55.7;强援池;0;PASS;未知;前腰 (右左);前腰 (右左), 前锋 (中)
59033608;现役;Valeri Qazaishvili;格鲁吉亚;Shandong;中超;中超;majority_high;31;174;还行;精准;右脚;前腰;中前卫、左边锋、右边锋、中锋;;前腰;1.0;0.95;0.9;62.2;59.1;;非卖品;;;;64.2;62.5;75.3;32.0;64.0;52.0;54.5;51.5;16;4;14;12;5;7;11;7;12;15;13;16;11;9;11;11;13;11;5;13;13;13;13;13;5;14;11;11;11;5;11;11;11;13;11;9;21.9;1.04;1.0;1.0;22.8;18.2;27.4;轮换池;0;PASS;前腰 (中);中场 (中), 前腰 (右左), 前锋 (中);中场 (中), 前腰 (右左中), 前锋 (中)
28011401;现役;Adam Smith;英格兰;Bournemouth;英超;英超;manual;33;180;欠佳;精准;右脚;左后卫;左翼卫;右后卫、右翼卫;左后卫;1.0;0.95;0.9;64.1;60.9;57.7;非卖品;;;;48.8;60.2;61.0;67.2;71.0;60.3;64.0;70.8;13;14;4;13;12;3;9;7;6;13;7;12;12;6;9;17;14;16;7;11;13;14;14;9;14;13;16;9;16;15;14;14;12;13;13;10;28.0;0.98;1.0;1.0;27.4;21.9;32.9;主力池;0;PASS;未知;翼卫 (左);后卫/翼卫 (右左)
8435089;现役;Karim Benzema;法国;Al-Hilal;沙特联;沙特联;manual;37;185;不错;精准;右脚;中锋;;;中锋;1.0;0.95;0.9;71.0;;;非卖品;;;;78.0;85.2;82.8;45.2;48.2;64.5;74.5;65.5;20;9;16;17;5;6;12;14;12;19;16;15;12;10;13;11;10;18;12;13;9;9;17;17;15;17;11;16;15;8;16;16;13;17;10;7;59.6;1.08;1.0;1.0;64.3;51.4;77.2;强援池;0;PASS;未知;;前锋 (中)
8431784;现役;André-Pierre Gignac;法国;Tigres;墨超;墨超;majority_high;39;185;欠佳;精准;右脚;中锋;;;中锋;1.0;0.95;0.9;66.2;;;非卖品;;;;72.0;66.8;61.2;61.2;51.8;63.5;74.2;77.5;12;10;15;13;9;10;13;13;13;13;15;12;12;8;15;9;11;11;11;15;10;10;14;13;16;15;16;14;14;16;16;16;16;14;16;12;36.0;1.08;1.0;1.0;38.8;31.0;46.6;主力池;0;PASS;未知;;前锋 (中)
8169215;现役;Axel Witsel;比利时;Girona;西甲;西甲;manual;36;186;不错;精准;右脚;中后卫;;后腰;中后卫;1.0;0.95;0.9;68.3;;61.5;非卖品;;;;59.2;70.5;65.8;68.5;46.5;70.5;74.7;69.5;15;13;14;15;13;9;11;13;8;15;9;13;9;8;14;12;9;16;14;16;9;9;18;8;13;11;13;13;17;12;13;14;17;18;13;11;45.3;1.0;1.0;1.0;45.3;36.2;54.4;强援池;0;PASS;未知;;后卫 (中), 后腰
8156635;现役;Denis Odoi;加纳;NAC Breda;荷甲;荷甲;majority_high;36;178;欠佳;精准;右脚;中后卫;;右后卫、后腰;中后卫;1.0;0.95;0.9;61.2;;55.1;非卖品;;;;47.2;61.8;63.8;63.2;48.8;60.2;59.3;68.0;13;12;5;13;13;11;9;11;10;13;8;13;12;10;11;11;9;15;11;12;11;10;11;13;12;12;13;11;13;14;15;12;12;11;14;16;19.1;1.0;1.0;1.0;19.1;15.3;22.9;轮换池;0;PASS;未知;;后卫 (右中), 后腰
28014634;现役;Steve Cook;英格兰;QPR;英冠;英冠;majority_high;33;185;欠佳;精准;右脚;中后卫;;;中后卫;1.0;0.95;0.9;64.1;;;非卖品;;;;41.5;57.2;49.2;68.2;48.0;69.2;62.0;70.2;12;14;4;12;14;10;6;14;6;12;8;7;9;5;14;13;9;16;14;13;11;9;13;6;16;7;15;10;15;14;14;13;12;14;13;11;28.0;1.0;1.0;1.0;28.0;22.4;33.6;主力池;0;PASS;未知;;后卫 (中)
93033389;现役;Saman Ghoddos;伊朗;Kalba;“ADNOC”阿联酋职业超级联赛;“ADNOC”阿联酋职业超级联赛;majority_medium;31;175;欠佳;精准;右脚;前腰;左边锋、右边锋、中锋;;前腰;1.0;0.95;0.9;63.1;59.9;;非卖品;;;;60.5;65.8;68.3;51.3;53.8;57.8;63.5;65.2;14;10;11;13;8;7;12;9;15;13;11;14;13;13;11;12;9;11;8;15;13;12;13;13;7;13;14;13;14;10;14;13;13;14;13;14;24.7;1.04;1.0;1.0;25.6;20.5;30.7;主力池;0;PASS;未知;前腰 (右左), 前锋 (中);前腰 (右左中), 前锋 (中)
7868191;现役;Bibars Natcho;以色列;Partizan;塞尔维亚超;塞尔维亚超;manual;36;175;强势;精准;左脚;前腰;;中前卫;前腰;1.0;0.95;0.9;63.6;;57.2;非卖品;;;;62.5;76.5;64.8;42.8;50.0;49.0;63.0;60.7;16;7;18;16;7;6;13;8;14;14;12;11;12;13;9;10;10;11;7;11;10;10;13;13;13;11;9;16;14;8;14;13;12;13;12;9;26.3;1.04;1.0;1.0;27.3;21.8;32.8;主力池;0;PASS;未知;;中场/前腰 (中)
93014195;现役;Viktor Claesson;瑞典;FC København;丹超;丹超;majority_high;33;184;还行;精准;右脚;前腰;左边锋、中锋;中前卫;前腰;1.0;0.95;0.9;63.5;60.3;57.1;非卖品;;;;63.5;64.8;64.2;51.2;50.8;61.0;67.2;75.2;13;8;10;13;8;3;10;14;7;13;12;13;10;8;9;13;10;16;11;12;12;9;14;13;14;16;15;13;16;11;15;14;15;14;15;15;26.0;1.04;1.0;1.0;27.0;21.6;32.4;主力池;0;PASS;未知;前腰 (左), 前锋 (中);中场 (中), 前腰 (左中), 前锋 (中)
93011051;现役;Emil Forsberg;瑞典;New York;美职联;美职联;majority_high;33;177;不错;精准;右脚;前腰;左边前卫、右边锋;左边锋;前腰;1.0;0.95;0.9;67.0;63.6;60.3;非卖品;;;;68.2;73.5;70.5;47.0;60.0;56.5;65.2;64.0;15;8;17;15;8;7;15;8;15;15;12;13;13;16;10;11;12;14;7;15;13;12;13;14;14;14;12;15;14;9;13;13;13;15;12;11;39.4;1.04;1.0;1.0;40.9;32.7;49.1;强援池;0;PASS;未知;中场 (左), 前腰 (右);中场 (左), 前腰 (右左中)
43010773;现役;Ciro Immobile;意大利;Paris FC;法甲;法甲;majority_high;34;185;不错;精准;右脚;中锋;;;中锋;1.0;0.95;0.9;65.8;;;非卖品;;;;78.2;58.0;61.0;38.8;55.0;60.5;61.0;83.3;12;6;18;12;4;4;12;14;4;13;17;12;4;4;12;11;10;13;11;12;12;12;16;12;15;17;17;12;16;6;20;11;14;14;15;14;34.3;1.08;1.0;1.0;37.1;29.7;44.5;主力池;0;PASS;未知;;前锋 (中)
7458500;现役;Lionel Messi;阿根廷;Inter Miami;美职联;美职联;majority_high;37;171;精准;不错;左脚;右边锋;;前腰、中锋;右边锋;1.0;0.95;0.9;76.9;;69.2;非卖品;;;;82.0;95.8;95.0;39.0;58.2;55.8;78.5;61.0;20;7;17;19;4;4;16;10;18;19;17;20;16;15;9;11;10;14;6;18;15;13;17;18;17;15;6;20;11;5;17;18;15;17;10;8;100.5;1.05;1.0;1.0;105.5;84.4;126.6;球星池;0;PASS;前腰 (右);;前腰 (右中), 前锋 (中)
7456688;现役;Santi Cazorla;西班牙;Oviedo;西甲;西甲;majority_high;40;168;强势;精准;左脚;前腰、中前卫;左边锋、右边锋;;前腰;1.0;0.95;0.9;70.6;67.1;;非卖品;;;;68.0;83.0;78.5;46.8;51.0;47.7;71.0;64.5;18;8;16;17;8;4;14;4;15;16;12;15;12;15;8;10;10;14;5;12;12;10;15;17;15;14;12;17;15;9;15;15;12;15;9;9;57.3;1.04;1.0;1.0;59.6;47.7;71.5;强援池;0;PASS;未知;前腰 (右左中);中场 (中), 前腰 (右左中)
7452450;现役;Raúl Albiol;西班牙;Pisa;意甲;意甲;majority_high;39;190;还行;精准;右脚;中后卫;;;中后卫;1.0;0.95;0.9;68.2;;;非卖品;;;;50.0;61.0;50.5;78.2;35.2;66.8;69.0;78.3;12;16;9;12;16;4;9;15;6;12;9;8;10;4;13;9;7;13;15;16;9;6;14;6;14;9;16;12;17;16;16;15;14;14;17;11;44.9;1.0;1.0;1.0;44.9;35.9;53.9;强援池;0;PASS;未知;;后卫 (中)
5792430;现役;Dragan Ćeran;塞尔维亚;Andijon;乌兹别克超;乌兹别克超;manual;37;192;精准;还行;左脚;中锋;左边锋、右边锋;;中锋;1.0;0.95;0.9;60.2;57.2;;非卖品;;;;67.5;57.0;59.2;50.0;44.8;64.5;62.5;62.3;12;10;14;10;8;10;14;16;13;12;14;12;10;10;14;11;8;11;16;13;11;9;14;11;15;12;12;12;12;8;12;14;14;13;12;11;16.5;1.08;1.0;1.0;17.8;14.2;21.4;基础池;0;PASS;未知;前腰 (右左);前腰 (右左), 前锋 (中)
5789007;现役;Stevan Jovetić;黑山;Omonoia;“ADNOC”阿联酋职业超级联赛;“ADNOC”阿联酋职业超级联赛;majority_medium;35;183;还行;精准;右脚;前腰;;中锋;前腰;1.0;0.95;0.9;66.7;;60.0;非卖品;;;;66.2;74.8;74.0;39.5;53.7;55.8;64.5;61.8;16;6;14;15;7;4;13;13;14;15;13;14;13;13;11;11;11;9;11;14;12;10;14;17;15;13;11;15;15;6;12;14;12;14;11;11;38.1;1.04;1.0;1.0;39.6;31.7;47.5;主力池;0;PASS;未知;前腰 (中);前腰 (中), 前锋 (中)
43026579;现役;Marco Verratti;意大利;Al-Duhail;卡塔尔联;卡塔尔联;manual;32;165;还行;精准;右脚;中前卫;;后腰;中前卫;1.0;0.95;0.9;70.4;;63.4;非卖品;;;;63.0;86.0;80.2;58.2;44.8;49.0;77.8;68.5;17;12;14;18;8;6;13;6;14;17;10;15;16;14;6;10;5;12;4;16;15;12;16;16;10;12;12;17;17;12;14;16;13;18;15;14;56.2;1.02;1.0;1.0;57.3;45.8;68.8;强援池;0;PASS;未知;;后腰, 中场 (中)
43036641;现役;Jorginho;意大利;Flamengo;巴甲;巴甲;manual;33;180;还行;精准;右脚;中前卫;;后腰;中前卫;1.0;0.95;0.9;69.2;;62.3;非卖品;;;;58.2;78.2;69.2;66.0;52.0;59.8;76.3;74.5;15;14;15;16;10;2;9;7;11;17;8;12;12;11;9;13;10;15;9;14;11;10;17;13;14;15;15;16;19;14;15;15;13;16;14;10;49.8;1.02;1.0;1.0;50.8;40.6;61.0;强援池;0;PASS;未知;;后腰, 中场 (中)
5788648;现役;Dušan Tadić;塞尔维亚;Al-Wahda;“ADNOC”阿联酋职业超级联赛;“ADNOC”阿联酋职业超级联赛;majority_high;36;181;精准;不错;左脚;前腰;;左边锋、右边锋;前腰;1.0;0.95;0.9;71.2;;64.1;非卖品;;;;67.2;80.2;72.8;44.8;46.2;69.5;78.5;76.2;16;5;15;15;7;9;11;10;13;16;12;14;17;14;13;12;10;20;12;15;11;7;17;13;17;14;12;17;17;8;18;17;18;18;12;10;60.7;1.04;1.0;1.0;63.2;50.6;75.8;强援池;0;PASS;未知;;前腰 (右左中)
52039620;现役;Roberto Lopes;佛得角;Shamrock Rovers;爱超;爱超;majority_medium;32;186;欠佳;精准;右脚;中后卫;;;中后卫;1.0;0.95;0.9;60.3;;;非卖品;;;;34.0;51.0;42.5;61.5;53.2;68.2;53.8;72.5;9;12;5;12;12;9;5;13;5;11;5;7;4;3;15;13;10;14;13;11;10;11;12;4;15;8;13;9;13;12;16;11;13;10;16;15;16.7;1.0;1.0;1.0;16.7;13.4;20.0;基础池;0;PASS;未知;;后卫 (中)
52032335;现役;Matt Doherty;爱尔兰;Wolves;英超;英超;majority_high;33;186;还行;精准;右脚;中后卫;;右后卫、右翼卫;中后卫;1.0;0.95;0.9;66.0;;59.4;非卖品;;;;62.0;65.2;65.0;66.0;60.0;67.8;66.5;66.5;13;13;8;13;13;13;10;14;10;13;12;14;12;7;14;13;12;15;13;13;11;12;13;12;13;16;13;13;14;14;14;14;13;13;13;11;35.2;1.0;1.0;1.0;35.2;28.2;42.2;主力池;0;PASS;未知;后卫 (中);后卫 (右中), 翼卫 (右)
92030193;现役;Julian Draxler;德国;Al-Ahli;沙特联;沙特联;manual;31;185;强势;精准;左脚;前腰;中前卫、左边前卫、右边锋;左边锋;前腰;1.0;0.95;0.9;66.8;63.5;60.1;非卖品;;;;70.0;74.8;78.0;30.8;59.5;52.2;60.8;48.7;16;4;10;15;4;6;14;8;13;17;14;16;13;14;11;10;12;9;11;12;13;12;13;15;7;15;8;15;14;6;10;12;10;15;9;10;38.5;1.04;1.0;1.0;40.0;32.0;48.0;强援池;0;PASS;未知;中场 (左中), 前腰 (右中);中场 (左中), 前腰 (右左中)
28018613;现役;Kieran Trippier;英格兰;Newcastle;英超;英超;manual;34;173;还行;精准;右脚;右后卫;;右翼卫;右后卫;1.0;0.95;0.9;68.3;;61.5;非卖品;;;;59.0;78.2;65.0;69.2;61.0;66.0;70.8;75.2;16;14;5;16;14;11;12;11;16;15;9;11;15;15;13;14;12;16;9;14;12;12;15;8;16;15;17;16;17;14;15;14;12;15;13;12;45.3;0.98;1.0;1.0;44.4;35.5;53.3;强援池;0;PASS;未知;;后卫/翼卫 (右)
58096177;现役;Guélor Kanga;加蓬;Esenler Erokspor;土甲;土甲;manual;34;167;还行;精准;右脚;前腰;后腰;中前卫;前腰;1.0;0.95;0.9;64.4;61.2;58.0;非卖品;;;;63.5;75.0;74.2;41.5;48.7;51.2;59.0;57.3;16;8;19;16;7;3;15;5;13;16;11;14;12;12;8;11;8;17;5;11;12;11;12;17;4;10;13;16;11;8;14;8;8;17;11;17;29.1;1.04;1.0;1.0;30.2;24.2;36.2;主力池;0;PASS;未知;后腰;后腰, 中场/前腰 (中)
5664830;现役;Héctor Herrera;墨西哥;Houston;美职联;美职联;majority_medium;34;186;不错;精准;右脚;中前卫;后腰;;中前卫;1.0;0.95;0.9;67.2;63.8;;非卖品;;;;62.5;73.0;63.8;68.8;54.0;57.0;73.2;73.8;14;14;12;16;11;10;13;12;15;13;10;13;12;14;11;9;11;12;12;11;11;11;15;11;16;14;14;14;15;15;14;15;15;15;16;14;40.2;1.02;1.0;1.0;41.1;32.9;49.3;强援池;0;PASS;未知;后腰;后腰, 中场 (中)
43043933;现役;Lorenzo Insigne;意大利;Pescara;意乙;意乙;majority_medium;33;163;不错;精准;右脚;左边锋;;中锋;左边锋;1.0;0.95;0.9;67.0;;60.3;非卖品;;;;70.0;78.7;79.8;37.0;60.0;47.5;64.0;55.5;17;6;17;16;4;6;15;6;14;17;13;15;14;15;6;10;11;17;3;12;15;13;14;17;14;14;9;16;10;7;12;12;12;14;12;8;39.4;1.05;1.0;1.0;41.3;33.0;49.6;强援池;0;PASS;未知;;前腰 (左), 前锋 (中)
92021718;现役;Emre Can;德国;Borussia Dortmund;德甲;德甲;manual;31;186;不错;精准;右脚;中后卫;;后腰、中前卫;中后卫;1.0;0.95;0.9;69.3;;62.4;非卖品;;;;60.8;63.5;63.8;69.8;66.8;74.2;62.5;75.5;13;16;19;13;13;10;14;14;11;13;10;13;9;8;16;14;15;12;15;16;10;12;13;12;14;12;16;13;12;13;17;12;12;12;16;17;50.3;1.0;1.0;1.0;50.3;40.2;60.4;强援池;0;PASS;未知;;后卫 (中), 后腰, 中场 (中)
92020288;现役;Heung-Min Son;韩国;LAFC;美职联;美职联;majority_high;32;183;精准;精准;双足;中锋、左边锋;左边前卫;;中锋;1.0;0.95;0.9;68.5;65.1;;非卖品;;;;79.2;63.8;65.2;36.8;73.0;56.0;63.8;62.5;17;6;9;12;5;6;16;5;15;11;16;11;12;12;10;12;15;16;10;12;14;15;15;13;17;17;14;12;14;7;14;13;11;17;6;8;46.3;1.08;1.0;1.0;50.0;40.0;60.0;强援池;0;PASS;未知;中场 (左);中场/前腰 (左), 前锋 (中)
5290748;现役;Paolo Guerrero;秘鲁;Alianza;秘鲁甲;秘鲁甲;manual;41;184;不错;精准;右脚;中锋;;;中锋;1.0;0.95;0.9;62.4;;;非卖品;;;;74.8;66.3;62.5;38.2;42.2;59.2;60.8;67.2;15;6;15;13;5;7;13;15;14;15;16;10;8;7;13;8;9;10;13;13;8;8;14;13;17;16;10;13;11;7;16;13;10;14;16;14;22.5;1.08;1.0;1.0;24.3;19.4;29.2;轮换池;0;PASS;未知;;前锋 (中)
5106363;现役;James Milner;英格兰;Brighton;英超;英超;manual;39;176;欠佳;精准;右脚;后腰;左翼卫、右翼卫;中前卫;后腰;1.0;0.95;0.9;68.3;64.9;61.5;非卖品;;;;55.8;68.5;60.2;66.5;55.2;73.0;67.5;86.2;14;13;16;14;13;13;7;9;9;15;11;10;12;13;14;17;10;19;8;13;10;11;13;9;17;12;17;12;18;13;19;16;14;14;17;15;45.3;1.03;1.0;1.0;46.7;37.4;56.0;强援池;0;PASS;未知;翼卫 (右左);翼卫 (右左), 后腰, 中场 (中)
92017376;现役;Pascal Groß;德国;Brighton;英超;英超;manual;33;181;还行;精准;右脚;前腰;;后腰、中前卫;前腰;1.0;0.95;0.9;69.7;;62.7;非卖品;;;;64.8;79.0;67.2;60.5;52.8;67.2;74.2;77.2;15;11;14;16;11;6;14;10;16;15;11;12;17;17;11;17;10;18;10;12;12;9;14;13;16;13;16;16;18;12;15;16;16;16;13;13;52.4;1.04;1.0;1.0;54.5;43.6;65.4;强援池;0;PASS;未知;前腰 (中);后腰, 中场/前腰 (中)
4002177;现役;Ben Mee;英格兰;Sheffield United;英冠;英冠;majority_high;35;183;精准;欠佳;左脚;中后卫;;;中后卫;1.0;0.95;0.9;66.1;;;非卖品;;;;39.0;55.5;46.0;74.8;44.2;67.0;65.5;76.3;12;16;5;12;14;11;4;16;4;11;7;7;7;6;15;12;9;12;13;12;8;8;15;5;15;7;14;9;17;14;14;14;15;14;17;17;35.6;1.0;1.0;1.0;35.6;28.5;42.7;主力池;0;PASS;未知;;后卫 (中)
4001874;现役;Vladimír Weiss;斯洛伐克;Slovan Bratislava;斯甲联赛;斯甲联赛;majority_high;35;173;还行;精准;右脚;左边锋;;右边锋;左边锋;1.0;0.95;0.9;62.7;;56.4;非卖品;;;;60.0;71.7;76.8;31.8;63.8;50.2;52.8;47.0;15;5;13;14;5;5;13;7;12;15;11;16;14;13;11;10;13;12;6;12;17;12;14;15;7;14;8;16;10;5;12;10;8;7;8;12;23.4;1.05;1.0;1.0;24.6;19.7;29.5;轮换池;0;PASS;未知;;前腰 (右左)
2114068;现役;David Luiz;巴西;Pafos;塞浦路斯甲;塞浦路斯甲;manual;37;189;不错;精准;右脚;中后卫;后腰;;中后卫;1.0;0.95;0.9;65.2;61.9;;非卖品;;;;58.5;66.8;64.2;65.0;53.8;68.2;58.5;74.2;13;13;13;15;14;12;12;15;13;13;11;13;9;6;14;12;11;14;15;12;11;10;13;14;18;12;14;14;14;13;16;9;9;11;16;17;32.0;1.0;1.0;1.0;32.0;25.6;38.4;主力池;0;PASS;未知;后腰;后卫 (中), 后腰
43067335;现役;Federico Barba;意大利;Persib;印度尼西亚甲级联赛;印度尼西亚甲级联赛;majority_medium;31;185;精准;还行;左脚;中后卫;左后卫;;中后卫;1.0;0.95;0.9;61.7;58.6;;非卖品;;;;45.8;59.2;57.0;64.2;62.2;62.2;60.5;61.2;13;13;6;12;13;10;7;14;5;12;7;11;11;5;12;13;12;12;14;13;12;13;14;6;12;12;13;11;14;13;12;12;12;12;10;13;20.4;1.0;1.0;1.0;20.4;16.3;24.5;轮换池;0;PASS;未知;后卫 (左);后卫 (左中)
2105510;现役;Hulk;巴西;Atlético Mineiro;巴甲;巴甲;majority_medium;38;179;精准;还行;左脚;中锋、右边锋;;;中锋;1.0;0.95;0.9;69.6;;;非卖品;;;;75.3;73.5;72.0;43.5;58.2;74.5;64.0;70.8;15;8;16;15;5;11;17;8;16;14;15;14;15;11;18;13;11;18;9;15;12;12;13;17;12;15;16;15;8;9;18;13;12;13;15;12;51.9;1.08;1.0;1.0;56.0;44.8;67.2;强援池;0;PASS;未知;前腰 (右);前腰 (右), 前锋 (中)
1650090;现役;Jaba Kankava;格鲁吉亚;Dinamo Tbilisi;格鲁吉亚国家联赛;格鲁吉亚国家联赛;majority_medium;38;176;不错;精准;右脚;后腰;;中前卫;后腰;1.0;0.95;0.9;61.1;;55.0;非卖品;;;;47.0;57.5;52.7;66.0;39.0;66.8;60.5;74.8;13;14;12;12;13;8;12;10;9;13;6;7;7;6;12;12;6;19;10;14;11;8;13;8;16;8;13;10;16;12;16;12;13;14;15;16;18.8;1.03;1.0;1.0;19.4;15.5;23.3;轮换池;0;PASS;未知;;后腰, 中场 (中)
43075156;现役;Giovanni Di Lorenzo;意大利;Napoli;意甲;意甲;manual;31;183;还行;精准;右脚;中后卫;右翼卫;右后卫;中后卫;1.0;0.95;0.9;71.7;68.1;64.5;非卖品;;;;63.5;59.5;53.8;71.5;76.0;84.2;58.0;78.8;11;17;10;13;14;14;12;17;7;12;12;10;13;5;15;20;15;20;14;16;12;15;15;6;16;15;16;11;17;12;17;11;10;11;16;15;63.7;1.0;1.0;1.0;63.7;51.0;76.4;强援池;0;PASS;未知;后卫 (中), 翼卫 (右);后卫 (右中), 翼卫 (右)
45015208;现役;Hiroki Sakai;日本;Auckland FC;澳超;澳超;majority_medium;34;185;还行;精准;右脚;中后卫;右翼卫;右后卫;中后卫;1.0;0.95;0.9;62.5;59.4;56.3;非卖品;;;;55.8;61.8;59.0;62.8;55.2;63.0;59.0;72.5;13;13;9;13;11;9;13;14;9;14;10;11;12;7;14;10;10;15;12;11;10;13;13;9;15;11;14;11;14;13;16;11;13;11;14;14;22.8;1.0;1.0;1.0;22.8;18.2;27.4;轮换池;0;PASS;未知;后卫 (中), 翼卫 (右);后卫 (右中), 翼卫 (右)
1510305;现役;Pedro;西班牙;Celesti;意甲;意甲;majority_high;37;169;强势;精准;左脚;前腰;;左边锋、右边锋;前腰;1.0;0.95;0.9;70.4;;63.4;非卖品;;;;76.2;72.0;78.5;40.5;61.0;52.0;67.8;74.5;16;9;14;13;4;4;14;3;8;16;15;15;12;12;6;6;13;20;6;16;12;13;16;20;13;17;13;15;13;5;20;15;11;15;14;17;56.2;1.04;1.0;1.0;58.4;46.7;70.1;强援池;0;PASS;未知;;前腰 (右左中)
45021707;现役;Yuya Osako;日本;Kobe;J1;J1;majority_high;34;184;强势;精准;左脚;中锋;前腰;;中锋;1.0;0.95;0.9;62.0;58.9;;非卖品;;;;60.5;65.2;62.2;47.0;60.5;64.8;63.0;65.5;13;8;13;14;7;11;10;11;11;13;11;11;7;7;11;14;11;17;11;14;12;13;14;14;12;15;12;13;16;11;15;13;11;12;11;12;21.3;1.08;1.0;1.0;23.0;18.4;27.6;轮换池;0;PASS;前锋 (中);前腰 (中);前腰 (中), 前锋 (中)
58062031;现役;Solomon Kvirkvelia;格鲁吉亚;Toktogul;国家乙级;国家乙级;majority_medium;32;196;还行;精准;右脚;中后卫;;;中后卫;1.0;0.95;0.9;62.0;;;非卖品;;;;36.2;44.5;32.5;77.0;37.5;64.5;62.8;59.0;7;16;5;10;16;11;6;12;3;8;6;5;5;2;15;12;10;18;16;3;4;4;14;11;14;6;6;8;16;17;13;13;12;11;12;11;21.3;1.0;1.0;1.0;21.3;17.0;25.6;轮换池;0;PASS;未知;;后卫 (中)
85010871;现役;Nampalys Mendy;塞内加尔;Watford;英冠;英冠;majority_high;32;168;欠佳;精准;右脚;后腰;;中前卫;后腰;1.0;0.95;0.9;63.5;;57.1;非卖品;;;;46.3;65.2;59.5;69.8;53.2;57.7;67.2;67.0;13;15;11;14;13;6;7;8;7;13;8;12;10;8;11;13;10;14;5;13;10;11;14;8;7;8;15;12;16;14;13;14;13;15;14;13;26.0;1.03;1.0;1.0;26.7;21.4;32.0;主力池;0;PASS;未知;;后腰, 中场 (中)
85023676;现役;Thorgan Hazard;比利时;RSC Anderlecht;比甲;比甲;majority_medium;31;175;不错;精准;右脚;前腰;中锋;左边锋;前腰;1.0;0.95;0.9;63.5;60.3;57.1;非卖品;;;;63.5;67.5;67.5;48.0;57.8;55.5;62.5;60.5;14;8;13;14;8;7;13;8;13;13;13;14;13;14;9;12;12;13;10;12;11;11;12;15;12;12;12;13;14;11;11;13;12;13;12;13;26.0;1.04;1.0;1.0;27.0;21.6;32.4;主力池;0;PASS;未知;前锋 (中);前腰 (左中), 前锋 (中)
85027975;现役;Ibrahim Amadou;法国;CQ TL Loong;中甲;中甲;majority_high;31;184;欠佳;精准;右脚;后腰;中后卫、中前卫;;后腰;1.0;0.95;0.9;60.3;57.3;;非卖品;;;;39.2;56.8;51.0;62.2;57.8;68.5;60.0;68.5;11;12;7;12;12;6;8;13;4;11;4;9;9;2;14;12;12;15;14;13;11;11;13;8;13;10;14;11;13;13;14;12;12;12;15;14;16.7;1.03;1.0;1.0;17.2;13.8;20.6;基础池;0;PASS;后腰;后卫/中场 (中);后卫 (中), 后腰, 中场 (中)
45033972;现役;Yoshiaki Komai;日本;Yokohama FC;J1;J1;majority_high;32;168;精准;不错;左脚;中前卫;后腰、中锋;前腰;中前卫;1.0;0.95;0.9;60.3;57.3;54.3;非卖品;;;;52.5;62.0;60.8;53.2;64.2;64.2;59.5;66.0;13;10;4;13;9;8;10;11;9;13;10;11;8;8;14;16;12;15;4;14;13;13;12;10;10;12;15;12;15;12;13;12;12;12;12;14;16.7;1.02;1.0;1.0;17.1;13.7;20.5;基础池;0;PASS;中场 (中);后腰, 前锋 (中);后腰, 中场/前腰 (中), 前锋 (中)
1009491;现役;Bader Al-Mutawa;科威特;Qadsia;科超联赛;科超联赛;majority_medium;40;175;强势;精准;左脚;前腰;左边锋、右边锋;中锋;前腰;1.0;0.95;0.9;63.7;60.5;57.3;非卖品;;;;73.3;72.5;65.0;37.3;35.5;56.5;65.0;66.8;15;7;16;15;3;4;15;8;16;12;15;12;13;11;10;8;5;18;7;15;9;9;14;16;17;14;10;15;15;7;16;14;12;14;12;8;26.6;1.04;1.0;1.0;27.7;22.2;33.2;主力池;0;PASS;未知;前腰 (右左中);前腰 (右左中), 前锋 (中)
66032045;现役;Lee Myung-Jae;韩国;Daejeon Hana;K1;K1;majority_high;31;182;精准;还行;左脚;左后卫;;左翼卫;左后卫;1.0;0.95;0.9;62.1;;55.9;非卖品;;;;58.0;62.0;61.5;62.0;65.0;62.2;61.8;59.8;12;13;7;12;12;10;12;11;9;12;11;13;13;12;13;13;13;13;11;12;13;13;12;11;11;13;13;13;13;13;11;13;11;12;12;13;21.6;0.98;1.0;1.0;21.2;17.0;25.4;轮换池;0;PASS;后卫 (左);;后卫/翼卫 (左)
85032335;现役;Idrissa Gueye;塞内加尔;Everton;英超;英超;manual;35;174;还行;精准;右脚;后腰;;中前卫;后腰;1.0;0.95;0.9;67.4;;60.7;非卖品;;;;46.5;59.2;58.2;77.2;67.0;67.0;66.2;78.5;13;18;8;11;14;9;11;11;9;13;6;10;9;8;13;16;13;15;8;12;14;13;15;8;13;9;16;12;17;14;16;13;14;13;17;14;41.1;1.03;1.0;1.0;42.4;33.9;50.9;强援池;0;PASS;未知;;后腰, 中场 (中)
85033423;现役;Lucas Digne;法国;Aston Villa;英超;英超;manual;31;178;精准;欠佳;左脚;左翼卫;;左后卫;左翼卫;1.0;0.95;0.9;67.7;;60.9;非卖品;;;;58.0;71.0;66.8;63.5;73.2;65.5;67.8;71.0;14;13;6;15;11;15;13;12;16;14;8;13;16;13;12;16;14;15;8;13;15;15;14;10;9;15;15;13;14;13;16;14;13;15;15;13;42.5;1.0;1.0;1.0;42.5;34.0;51.0;强援池;0;PASS;未知;;后卫/翼卫 (左)
85042178;现役;Ryan Mendes;佛得角;Iğdır FK;土甲;土甲;manual;35;178;还行;精准;右脚;左边锋;左边前卫;右边锋;左边锋;1.0;0.95;0.9;61.5;58.4;55.4;非卖品;;;;57.2;61.5;69.8;36.2;65.0;58.0;56.8;57.7;14;5;12;12;5;5;10;8;9;13;11;14;12;9;10;12;12;17;8;13;15;14;12;15;10;13;12;12;12;8;13;11;12;12;10;8;19.9;1.05;1.0;1.0;20.9;16.7;25.1;轮换池;0;PASS;未知;中场 (左);中场 (左), 前腰 (右左)
57084760;现役;Nicuşor Bancu;罗马尼亚;Universitatea Craiova;罗马尼亚足球甲级联赛;罗马尼亚足球甲级联赛;majority_high;32;182;精准;还行;左脚;左翼卫;;左后卫;左翼卫;1.0;0.95;0.9;60.8;;54.7;非卖品;;;;57.8;66.5;62.5;50.0;65.0;61.2;56.8;65.0;13;12;10;14;8;12;11;9;9;13;11;12;14;12;11;13;13;14;11;13;13;13;11;11;14;13;14;13;14;8;13;12;11;13;12;11;18.0;1.0;1.0;1.0;18.0;14.4;21.6;轮换池;0;PASS;未知;;后卫/翼卫 (左)
57077708;现役;Andrei Burcă;罗马尼亚;YN Yukun;中超;中超;majority_high;31;188;还行;精准;右脚;中后卫;;;中后卫;1.0;0.95;0.9;61.8;;;非卖品;;;;47.0;53.0;48.5;65.8;55.0;65.8;58.5;65.8;10;13;10;11;14;10;9;14;10;11;8;9;9;6;15;11;12;12;14;12;10;10;13;7;12;9;11;10;13;13;15;12;11;12;15;14;20.7;1.0;1.0;1.0;20.7;16.6;24.8;轮换池;0;PASS;后卫 (中);;后卫 (中)
950975;现役;Radamel Falcao;哥伦比;Millonarios F.C.;哥伦比亚甲;哥伦比亚甲;manual;38;177;不错;精准;右脚;中锋;;;中锋;1.0;0.95;0.9;63.6;;;非卖品;;;;77.8;68.5;65.2;38.5;41.0;52.5;70.5;60.0;15;6;18;13;4;3;12;15;14;14;17;12;10;8;12;8;8;11;11;12;10;8;15;13;17;15;9;14;9;7;16;15;16;18;8;7;26.3;1.08;1.0;1.0;28.4;22.7;34.1;主力池;0;PASS;未知;;前锋 (中)
28025033;现役;Tom Cairney;苏格兰;Fulham;英超;英超;manual;34;185;精准;欠佳;左脚;前腰;;后腰、中前卫;前腰;1.0;0.95;0.9;70.6;;63.5;非卖品;;;;73.0;78.5;74.2;54.0;46.5;52.5;77.5;65.3;16;10;13;15;7;6;16;7;14;16;13;14;15;12;9;9;8;14;10;13;13;10;16;15;17;15;14;16;16;13;11;17;14;16;9;13;57.3;1.04;1.0;1.0;59.6;47.7;71.5;强援池;0;PASS;未知;前腰 (中);后腰, 中场/前腰 (中)
91107789;现役;Matthias Ginter;德国;Sport-Club Freiburg;德甲;德甲;majority_medium;31;191;还行;精准;右脚;中后卫;;;中后卫;1.0;0.95;0.9;69.7;;;非卖品;;;;48.8;65.2;54.8;73.5;57.2;73.5;72.8;68.8;12;13;12;14;15;13;8;16;8;12;7;10;10;6;15;12;12;16;16;15;10;11;15;8;15;10;12;13;16;16;12;14;16;16;15;12;52.4;1.0;1.0;1.0;52.4;41.9;62.9;强援池;0;PASS;未知;;后卫 (中)
45052601;现役;Kim Jin-Su;韩国;Seoul;K1;K1;majority_high;32;177;精准;欠佳;左脚;左后卫、左翼卫;;;左后卫;1.0;0.95;0.9;61.9;;;非卖品;;;;48.5;62.5;61.0;64.8;62.2;60.5;58.5;69.8;12;14;8;13;13;15;9;10;13;13;8;13;13;11;11;12;12;15;10;12;13;13;11;8;13;12;14;12;14;12;14;12;13;12;14;17;21.0;0.98;1.0;1.0;20.6;16.5;24.7;轮换池;0;PASS;后卫/翼卫 (左);;后卫/翼卫 (左)
85059261;现役;Naïm Sliti;突尼斯;Al-Shamal;卡塔尔联;卡塔尔联;manual;32;173;不错;精准;右脚;前腰;右边锋;左边锋;前腰;1.0;0.95;0.9;64.9;61.7;58.4;非卖品;;;;66.0;72.2;74.0;39.0;56.5;55.2;60.0;51.3;16;6;13;15;8;6;12;7;14;15;13;15;12;11;11;12;11;12;8;14;13;11;13;13;12;14;10;14;9;6;12;12;11;15;8;8;30.9;1.04;1.0;1.0;32.1;25.7;38.5;主力池;0;PASS;未知;前腰 (右中);前腰 (右左中)
28027432;现役;Grant Hanley;苏格兰;Hibernian;苏超;苏超;majority_medium;33;191;欠佳;精准;右脚;中后卫;;;中后卫;1.0;0.95;0.9;60.7;;;非卖品;;;;36.0;42.5;41.2;67.0;59.0;66.2;48.5;74.5;9;15;6;10;14;8;6;16;5;9;6;7;5;4;15;14;12;10;14;10;8;12;12;8;16;8;14;6;17;12;15;10;10;8;16;16;17.7;1.0;1.0;1.0;17.7;14.2;21.2;基础池;0;PASS;未知;;后卫 (中)
91013383;现役;Marco Reus;德国;LA Galaxy;美职联;美职联;majority_high;35;180;不错;精准;右脚;前腰、左边锋;右边锋;中前卫;前腰;1.0;0.95;0.9;70.2;66.7;63.2;非卖品;;;;73.0;74.8;75.0;52.5;58.2;55.2;70.0;70.8;16;10;13;15;8;7;15;8;16;16;13;14;13;14;9;11;11;14;8;14;14;12;16;15;13;16;14;15;15;10;16;13;13;16;12;14;55.1;1.04;1.0;1.0;57.3;45.8;68.8;强援池;0;PASS;未知;前腰 (右);中场 (中), 前腰 (右左中)
91011532;现役;Willi Orbán;匈牙利;RB Leipzig;德甲;德甲;manual;32;186;不错;精准;右脚;中后卫;;;中后卫;1.0;0.95;0.9;73.0;;;非卖品;;;;47.3;60.2;49.8;78.8;57.8;79.0;69.8;82.0;11;16;11;13;16;8;7;17;3;11;8;8;7;3;16;13;12;18;16;16;10;11;15;8;16;9;16;12;16;15;17;14;16;14;17;16;71.9;1.0;1.0;1.0;71.9;57.5;86.3;球星池;0;PASS;未知;;后卫 (中)
860481;现役;Ricky van Wolfswinkel;荷兰;FC Twente;荷甲;荷甲;majority_high;35;186;不错;精准;右脚;中锋;左边锋;;中锋;1.0;0.95;0.9;63.2;60.0;;非卖品;;;;68.5;58.0;60.8;41.0;63.5;61.2;61.0;63.5;12;7;17;11;6;10;12;14;12;13;13;11;10;8;9;11;13;18;13;13;12;13;13;14;15;16;15;11;11;7;12;14;13;14;12;9;25.0;1.08;1.0;1.0;27.0;21.6;32.4;主力池;0;PASS;未知;前腰 (左);前腰 (左), 前锋 (中)
859612;现役;Georginio Wijnaldum;荷兰;Al-Ettifaq;沙特联;沙特联;majority_high;34;173;欠佳;精准;右脚;前腰;后腰、中锋;中前卫;前腰;1.0;0.95;0.9;68.3;64.9;61.5;非卖品;;;;71.5;71.0;72.0;56.5;52.0;63.2;69.8;69.7;16;11;12;15;9;6;12;13;10;15;14;14;11;11;10;12;9;19;8;16;13;11;16;11;17;16;13;12;14;10;14;15;15;16;13;12;45.3;1.04;1.0;1.0;47.1;37.7;56.5;强援池;0;PASS;未知;后腰, 前锋 (中);后腰, 中场/前腰 (中), 前锋 (中)
91003875;现役;İlkay Gündoğan;德国;Galatasaray;土超;土超;manual;34;180;不错;精准;右脚;前腰、中前卫;后腰;;前腰;1.0;0.95;0.9;71.0;67.5;;非卖品;;;;70.8;80.0;71.5;58.0;47.8;55.5;78.8;71.5;16;10;14;16;10;6;12;7;15;17;13;13;12;13;12;9;9;12;10;12;11;10;17;13;17;15;13;16;16;12;15;17;14;18;12;13;59.6;1.04;1.0;1.0;62.0;49.6;74.4;强援池;0;PASS;未知;后腰;后腰, 中场/前腰 (中)
28049320;现役;Harry Kane;英格兰;Bayern Munich;德甲;德甲;manual;31;188;强势;精准;左脚;中锋;前腰;;中锋;1.0;0.95;0.9;80.2;76.2;;非卖品;;;;90.2;87.8;76.8;52.2;64.2;81.0;80.0;78.8;17;9;20;18;8;7;17;17;12;18;19;14;12;11;16;16;13;16;16;18;12;12;18;12;17;17;12;18;16;8;19;18;16;18;15;13;129.9;1.08;1.03;1.0;144.5;115.6;173.4;球星池;0;PASS;前锋 (中);前腰 (中);前腰 (中), 前锋 (中)
85081880;现役;N'Golo Kanté;法国;Fenerbahçe;土超;土超;manual;33;168;欠佳;精准;右脚;后腰;;中前卫;后腰;1.0;0.95;0.9;70.7;;63.6;非卖品;;;;58.5;68.8;65.5;75.2;59.2;67.8;72.2;83.3;14;18;7;15;12;5;11;9;6;13;9;12;10;4;11;15;8;20;6;16;15;15;16;11;8;15;19;12;20;14;18;16;15;14;15;16;57.9;1.03;1.0;1.0;59.6;47.7;71.5;强援池;0;PASS;未知;;后腰, 中场 (中)
91001078;现役;Cenk Tosun;土耳其;Kasımpaşa;土超;土超;majority_medium;33;183;强势;精准;左脚;中锋;左边锋;;中锋;1.0;0.95;0.9;61.1;58.0;;非卖品;;;;71.5;56.2;58.8;38.2;50.0;59.8;60.8;60.8;14;6;17;10;5;6;13;14;10;12;15;10;6;5;13;8;11;14;13;11;11;9;14;12;13;14;10;11;9;6;14;14;13;14;14;12;18.8;1.08;1.0;1.0;20.3;16.2;24.4;轮换池;0;PASS;未知;前腰 (左);前腰 (左), 前锋 (中)
91000734;现役;Lewis Holtby;德国;NAC Breda;荷甲;荷甲;majority_high;34;176;精准;还行;左脚;中前卫;前腰;后腰;中前卫;1.0;0.95;0.9;60.7;57.7;54.6;非卖品;;;;50.8;64.2;64.5;58.2;54.3;56.8;59.2;71.5;14;13;11;13;10;6;11;8;13;14;8;12;12;13;10;13;10;14;7;12;12;11;12;12;16;11;16;12;16;11;13;12;12;12;13;14;17.7;1.02;1.0;1.0;18.1;14.5;21.7;轮换池;0;PASS;未知;前腰 (中);后腰, 中场/前腰 (中)
28058224;现役;Ross Barkley;英格兰;Aston Villa;英超;英超;manual;31;189;不错;精准;右脚;前腰;;后腰、中前卫;前腰;1.0;0.95;0.9;68.8;;61.9;非卖品;;;;64.0;75.5;76.5;47.3;63.5;64.8;65.0;61.8;16;8;12;16;6;9;15;12;14;16;12;16;11;13;15;12;13;12;12;14;11;13;14;15;13;12;14;15;13;12;12;12;12;12;11;9;47.8;1.04;1.0;1.0;49.7;39.8;59.6;强援池;0;PASS;未知;前腰 (中);后腰, 中场/前腰 (中)
45065393;现役;Yuki Nogami;日本;Nagoya;J1;J1;majority_high;33;180;欠佳;精准;右脚;中后卫;右后卫、右翼卫、右边前卫;;中后卫;1.0;0.95;0.9;60.3;57.3;;非卖品;;;;45.5;49.2;44.0;67.0;55.7;59.0;61.0;65.8;8;14;8;10;13;10;9;13;7;10;6;9;9;6;12;12;11;13;11;10;8;12;13;8;15;11;12;10;13;13;13;12;14;13;13;14;16.7;1.0;1.0;1.0;16.7;13.4;20.0;基础池;0;PASS;后卫 (中);后卫/翼卫/中场 (右);后卫 (右中), 翼卫/中场 (右)
89040516;现役;Ethan Pinnock;牙买加;Brentford;英超;英超;manual;31;194;精准;欠佳;左脚;中后卫;;;中后卫;1.0;0.95;0.9;66.9;;;非卖品;;;;42.3;59.8;51.2;68.5;58.2;73.8;66.3;71.5;12;14;5;12;13;14;5;15;6;12;8;8;7;5;15;13;12;14;17;15;11;11;13;6;13;8;14;12;13;14;16;14;14;15;15;12;38.9;1.0;1.0;1.0;38.9;31.1;46.7;主力池;0;PASS;未知;;后卫 (中)
89038587;现役;Kieffer Moore;威尔士;Wrexham;英冠;英冠;majority_high;32;196;还行;精准;右脚;中锋;;;中锋;1.0;0.95;0.9;61.6;;;非卖品;;;;65.2;57.0;57.3;51.5;52.3;73.2;60.0;68.2;12;8;14;11;10;9;12;16;8;13;13;11;10;7;15;13;10;16;17;13;8;11;13;11;11;14;13;11;13;11;16;12;12;13;14;14;20.2;1.08;1.0;1.0;21.8;17.4;26.2;轮换池;0;PASS;未知;;前锋 (中)
85095880;现役;Marcel Tisserand;刚果民主共和国;Sydney FC;澳超;澳超;majority_medium;32;190;欠佳;精准;右脚;中后卫;;;中后卫;1.0;0.95;0.9;62.4;;;非卖品;;;;43.0;58.2;54.8;67.2;48.2;63.5;60.0;67.2;12;14;5;12;14;9;8;14;4;12;7;11;10;4;15;11;10;12;14;9;9;9;12;9;13;9;14;11;13;13;13;12;12;13;15;14;22.5;1.0;1.0;1.0;22.5;18.0;27.0;轮换池;0;PASS;未知;;后卫 (中)
28058862;现役;Jamie Maclaren;澳大利亚;Kolkata;印度超;印度超;manual;31;179;不错;精准;右脚;中锋;;;中锋;1.0;0.95;0.9;64.7;;;非卖品;;;;69.8;50.2;61.0;46.5;75.8;61.5;57.0;65.0;11;8;15;10;7;7;13;11;9;13;14;12;9;8;12;13;16;13;10;13;14;15;16;12;10;14;15;9;11;8;14;9;13;13;13;12;30.1;1.08;1.0;1.0;32.5;26.0;39.0;主力池;0;PASS;未知;;前锋 (中)
28059632;现役;Patrick Bamford;英格兰;Sheffield United;英冠;英冠;majority_high;31;185;精准;还行;左脚;前腰;;中锋;前腰;1.0;0.95;0.9;64.0;;57.6;非卖品;;;;63.5;64.5;62.5;53.5;59.2;61.5;68.0;72.0;13;10;14;12;9;3;12;11;8;13;10;12;11;4;11;14;12;10;12;13;12;11;16;12;11;15;15;14;16;9;15;14;13;15;15;12;27.6;1.04;1.0;1.0;28.8;23.0;34.6;主力池;0;PASS;未知;前腰 (中);前腰 (中), 前锋 (中)
45089811;现役;Shintaro Kurumaya;日本;Kawasaki-F;J1;J1;majority_high;32;180;精准;不错;左脚;中后卫;左后卫、右后卫;;中后卫;1.0;0.95;0.9;61.8;58.7;;非卖品;;;;46.8;64.0;50.0;65.8;52.8;62.5;63.0;60.0;13;13;7;13;14;10;8;13;9;11;6;8;10;7;13;12;10;12;12;13;10;11;13;5;13;13;12;14;15;13;9;12;12;14;13;13;20.7;1.0;1.0;1.0;20.7;16.6;24.8;轮换池;0;PASS;后卫 (中);后卫 (右左);后卫 (右左中)
86012153;现役;Enner Valencia;厄瓜多尔;Pachuca;墨超;墨超;majority_high;35;177;不错;精准;右脚;中锋;;;中锋;1.0;0.95;0.9;64.7;;;非卖品;;;;67.8;58.0;69.2;33.0;69.0;64.2;52.7;71.5;14;4;15;12;4;8;12;14;12;13;14;14;7;6;12;12;14;14;10;15;14;14;12;14;15;15;12;11;15;7;16;9;10;13;16;15;30.1;1.08;1.0;1.0;32.5;26.0;39.0;主力池;0;PASS;未知;;前锋 (中)
86009323;现役;Ángel Mena;厄瓜多尔;Orense;意甲;意甲;majority_medium;36;170;精准;不错;左脚;左边锋;右边前卫;右边锋;左边锋;1.0;0.95;0.9;65.0;61.8;58.5;非卖品;;;;68.5;78.8;74.8;47.7;49.0;47.0;71.0;64.5;16;8;15;16;8;9;13;9;16;15;13;16;15;14;10;9;10;8;7;13;9;10;15;16;14;14;14;16;15;9;13;15;14;15;9;9;31.2;1.05;1.0;1.0;32.8;26.2;39.4;主力池;0;PASS;未知;中场 (右), 前腰 (左);中场 (右), 前腰 (右左)
45092815;现役;Junya Ito;日本;KRC Genk;比甲;比甲;majority_medium;31;177;还行;精准;右脚;右边锋;右边前卫;;右边锋;1.0;0.95;0.9;63.3;60.1;;非卖品;;;;62.3;66.0;65.5;45.0;66.2;56.0;60.8;67.8;14;7;12;13;8;8;11;6;11;13;13;13;14;11;9;13;13;14;7;12;12;14;12;13;7;13;14;13;14;8;15;13;14;13;14;14;25.3;1.05;1.0;1.0;26.6;21.3;31.9;主力池;0;PASS;未知;中场 (右);中场/前腰 (右)
744539;现役;João Moutinho;葡萄牙;BRG;葡超;葡超;majority_high;38;170;不错;精准;右脚;中前卫;;后腰;中前卫;1.0;0.95;0.9;69.5;;62.6;非卖品;;;;59.0;77.8;71.8;65.0;46.0;62.7;73.2;83.8;16;12;14;16;11;4;12;7;12;16;10;12;14;13;10;15;8;14;8;15;13;8;14;15;18;12;16;15;18;15;18;15;15;14;15;16;51.3;1.02;1.0;1.0;52.4;41.9;62.9;强援池;0;PASS;未知;;后腰, 中场 (中)
51012751;现役;Jesús Corona;墨西哥;Monterrey;墨超;墨超;majority_high;32;174;强势;精准;左脚;左边锋;右翼卫;右边前卫、右边锋;左边锋;1.0;0.95;0.9;63.6;60.4;57.2;非卖品;;;;51.0;75.8;80.2;45.2;64.5;45.2;57.8;57.5;17;11;10;15;6;9;8;5;10;16;10;17;13;13;6;12;14;13;4;10;12;12;11;18;10;12;13;16;8;8;14;11;10;11;11;11;26.3;1.05;1.0;1.0;27.6;22.1;33.1;主力池;0;PASS;未知;翼卫 (右), 前腰 (左);翼卫/中场 (右), 前腰 (右左)
742448;现役;José Fonte;葡萄牙;Casa Pia;葡超;葡超;majority_medium;41;191;还行;精准;右脚;中后卫;;;中后卫;1.0;0.95;0.9;62.6;;;非卖品;;;;37.8;60.7;51.8;63.8;28.2;70.5;62.5;73.2;12;7;8;14;16;8;8;14;9;11;7;10;9;6;16;7;6;20;15;13;5;5;10;10;20;5;13;10;15;17;13;14;15;11;15;16;23.1;1.0;1.0;1.0;23.1;18.5;27.7;轮换池;0;PASS;未知;;后卫 (中)
85116519;现役;Romain Saïss;摩洛哥;Al-Sadd;卡塔尔联;卡塔尔联;manual;34;188;精准;还行;左脚;中后卫;后腰;;中后卫;1.0;0.95;0.9;66.3;63.0;;非卖品;;;;33.0;61.8;56.3;72.8;46.5;67.0;65.5;72.8;13;15;8;13;15;5;5;17;9;13;4;11;5;2;15;11;11;14;15;10;8;7;14;8;16;5;12;12;15;14;15;13;13;14;16;17;36.4;1.0;1.0;1.0;36.4;29.1;43.7;主力池;0;PASS;未知;后腰;后卫 (中), 后腰
28060183;现役;William Troost-Ekong;尼日利亚;Al-Ahli;沙特联;沙特联;manual;31;191;欠佳;精准;右脚;中后卫;;;中后卫;1.0;0.95;0.9;61.8;;;非卖品;;;;36.8;46.3;44.2;68.0;55.5;67.5;56.2;67.2;11;14;8;10;14;6;7;15;6;10;5;7;3;3;16;12;13;12;16;10;9;9;12;6;15;7;13;7;14;14;13;12;12;12;14;14;20.7;1.0;1.0;1.0;20.7;16.6;24.8;轮换池;0;PASS;未知;;后卫 (中)
28063437;现役;Massimo Luongo;澳大利亚;Millwall;英冠;英冠;majority_high;32;174;不错;精准;右脚;后腰;;中前卫;后腰;1.0;0.95;0.9;62.4;;56.2;非卖品;;;;59.2;60.0;62.0;64.8;54.3;63.0;60.0;69.5;13;14;9;12;12;7;10;11;9;13;12;12;11;8;13;13;10;12;10;13;12;11;13;11;12;13;15;12;13;12;14;10;13;13;15;14;22.5;1.03;1.0;1.0;23.2;18.6;27.8;轮换池;0;PASS;未知;后腰;后腰, 中场 (中)
28122642;现役;Bukayo Saka;英格兰;Arsenal;英超;英超;manual;23;178;精准;还行;左脚;右边锋;;左边锋;右边锋;1.0;0.95;0.9;77.5;;69.8;非卖品;;;;79.5;74.0;83.2;53.0;80.0;73.0;73.0;75.8;17;10;15;13;8;6;17;9;14;16;15;17;15;18;13;17;15;18;9;18;16;17;16;16;13;17;16;15;17;10;17;16;14;15;12;13;105.5;1.05;1.0;1.0;110.7;88.6;132.8;球星池;0;PASS;前腰 (右);;前腰 (右左)
29010507;现役;Barry Bannan;苏格兰;Millwall;英冠;英冠;majority_high;35;170;精准;欠佳;左脚;中前卫;;后腰;中前卫;1.0;0.95;0.9;63.9;;57.5;非卖品;;;;61.8;72.8;67.0;57.0;59.5;49.5;65.5;62.5;15;12;14;14;9;4;14;9;14;14;11;13;16;11;6;12;12;15;6;13;11;12;13;12;15;12;16;16;14;13;11;12;12;13;9;8;27.3;1.02;1.0;1.0;27.8;22.2;33.4;主力池;0;PASS;未知;;后腰, 中场 (中)
211232;现役;Djéné Dakonam;多哥;Getafe;西甲;西甲;manual;33;178;还行;精准;右脚;中后卫;后腰;;中后卫;1.0;0.95;0.9;69.0;65.5;;非卖品;;;;43.8;48.0;49.2;74.0;71.0;74.8;63.0;79.0;10;15;8;9;15;12;8;12;7;9;5;9;9;8;15;16;14;19;10;13;14;14;14;8;9;11;17;10;17;14;16;11;15;14;17;18;48.8;1.0;1.0;1.0;48.8;39.0;58.6;强援池;0;PASS;未知;后腰;后卫 (中), 后腰
168288;现役;Robin Pröpper;荷兰;FC Twente;荷甲;荷甲;majority_high;31;190;不错;精准;右脚;中后卫;;;中后卫;1.0;0.95;0.9;60.7;;;非卖品;;;;49.0;53.5;51.5;62.2;58.8;63.3;57.5;68.5;9;12;8;12;13;10;11;15;10;11;8;12;7;9;10;14;12;13;15;13;11;11;11;5;16;10;16;10;15;14;12;12;11;13;12;15;17.7;1.0;1.0;1.0;17.7;14.2;21.2;基础池;0;PASS;未知;;后卫 (中)
168265;现役;Mark Diemers;荷兰;SC Cambuur;荷乙;荷乙;majority_high;31;175;还行;精准;右脚;前腰;;中前卫;前腰;1.0;0.95;0.9;62.7;;56.4;非卖品;;;;55.8;70.8;63.5;43.2;58.8;57.5;65.5;58.8;14;7;11;15;6;6;14;6;14;12;8;12;12;13;11;13;12;14;9;12;12;11;14;14;9;12;14;14;13;10;12;15;12;12;9;11;23.4;1.04;1.0;1.0;24.3;19.4;29.2;轮换池;0;PASS;未知;;中场/前腰 (中)
168047;现役;Diego Reyes;墨西哥;Querétaro;墨超;墨超;majority_medium;32;191;还行;精准;右脚;中后卫;后腰;;中后卫;1.0;0.95;0.9;60.7;57.7;;非卖品;;;;47.0;59.0;53.5;65.2;55.5;59.0;58.5;64.2;12;14;11;12;14;10;9;14;7;12;7;9;8;7;11;11;11;10;15;12;12;11;12;8;12;11;13;12;13;12;14;12;11;12;13;11;17.7;1.0;1.0;1.0;17.7;14.2;21.2;基础池;0;PASS;未知;后腰;后卫 (中), 后腰
19126109;现役;Davidson;巴西;QD West Coast;中超;中超;majority_high;33;177;不错;精准;右脚;左边锋;左边前卫;;左边锋;1.0;0.95;0.9;62.1;59.0;;非卖品;;;;62.5;67.8;69.5;41.2;57.0;60.2;58.2;59.5;14;9;12;13;6;3;12;8;11;14;12;14;14;13;11;13;10;13;9;14;14;12;11;13;10;14;13;14;11;6;12;13;11;14;13;12;21.6;1.05;1.0;1.0;22.7;18.2;27.2;轮换池;0;PASS;前腰 (左);中场 (左);中场/前腰 (左)
